#Scan#	SpectrumFile	Annotation	OrigAnnotation	Protein	dbIndex	numMods	matchOrientation	startMass	Charge	MQScore	p-value	isDecoy	StrictEnvelopeScore	UnstrictEvelopeScore	CompoundName	Organism	FileScanUniqueID	FDR	LibraryName	mzErrorPPM	LibMetaData	Smiles	Inchi	LibSearchSharedPeaks	Abundance	ParentMassDiff	SpecMZ	ExactMass	LibrarySpectrumID
168	spectra_filtered.mgf	*..*		:12574	12574	-1	0	267.109	1	0.993404	0	0	104.818	6799650.0	3-DEAZAADENOSINE M+H	MCE-DRUG	temp/spectra_filtered.mgf168	-1	MCE-DRUG.mgf	3725.28				9	0	0.995056	268.104	0	CCMSLIB00010142298
192	spectra_filtered.mgf	*..*		:408	885	-1	0	166.083	1	0.99144	0	0	62554700.0	10782000.0	Spectral Match to DL-Phenylalanine from NIST14 M+H	GNPS-NIST14-MATCHES	temp/spectra_filtered.mgf192	-1	GNPS-NIST14-MATCHES.mgf	19.8449				6	0	0.0032959	166.086	0	CCMSLIB00003135371
234	spectra_filtered.mgf	*..*		:9865	9865	-1	0	205.0	1	0.989629	0	0	58861400.0	1054670.0	Massbank:KO004073 Trp|Tryptophan|L-Tryptophan|(S)-alpha-Amino-beta-(3-indolyl)-propionic acid [M+H]+	MASSBANK	temp/spectra_filtered.mgf234	-1	MASSBANK.mgf	474.065				7	0	0.0971832	205.097	0	CCMSLIB00000220666
230	spectra_filtered.mgf	*..*		:1666	50907	-1	0	298.097	1	0.989302	0	0	109.2	2053220.0	5'-METHYLTHIOADENOSINE M+H	MONA	temp/spectra_filtered.mgf230	-1	MONA.mgf	0.614248				6	0	0.000183105	298.097	0	CCMSLIB00006679936
597	spectra_filtered.mgf	*..*		:10702	11148	-1	0	415.212	1	0.987976	0	0	4896590.0	111858000.0	1-({[2-(2-furylmethyl)-5-methylpyrrolidinyl]amino}methylene)-7-[8-({[2-(2-fury lmethyl)pyrrolidinyl]amino}methylene)-1,6-dihydroxy-3-methyl-5-(methylethyl)-7 -oxo(2-naphthyl)]-3,8-dihydroxy-6-methyl-4-(methylethyl)naphthalen-2-one CollisionEnergy:102040 M+2H]	BERKELEY-LAB	temp/spectra_filtered.mgf597	-1	BERKELEY-LAB.mgf	0.293995				9	0	0.00012207	415.212	0	CCMSLIB00010113136
380	spectra_filtered.mgf	*..*		:1076	2348	-1	0	135.117	1	0.982558	0	0	916630.0	263208.0	Spectral Match to Amantadine from NIST14 M+H-NH3	GNPS-NIST14-MATCHES	temp/spectra_filtered.mgf380	-1	GNPS-NIST14-MATCHES.mgf	0.790511				6	0	0.000106812	135.117	0	CCMSLIB00003136835
623	spectra_filtered.mgf	*..*		:10702	11148	-1	0	415.212	1	0.979932	0	0	4896590.0	2133100.0	1-({[2-(2-furylmethyl)-5-methylpyrrolidinyl]amino}methylene)-7-[8-({[2-(2-fury lmethyl)pyrrolidinyl]amino}methylene)-1,6-dihydroxy-3-methyl-5-(methylethyl)-7 -oxo(2-naphthyl)]-3,8-dihydroxy-6-methyl-4-(methylethyl)naphthalen-2-one CollisionEnergy:102040 M+2H]	BERKELEY-LAB	temp/spectra_filtered.mgf623	-1	BERKELEY-LAB.mgf	1.32298				6	0	0.000549316	415.211	0	CCMSLIB00010113136
23	spectra_filtered.mgf	*..*		:1	29	-1	0	182.985	1	0.971684	0	0	2.5763	2951360.0	4-Hydroxyphenylpyruvic_acid M+H	WINE-DB-ORBITRAP	temp/spectra_filtered.mgf23	-1	WINE-DB-ORBITRAP.mgf	10902.8				8	0	1.99506	180.99	0	CCMSLIB00013639059
543	spectra_filtered.mgf	*..*		:22024	22470	-1	0	415.212	1	0.970848	0	0	5047300.0	2521470.0	1-({[2-(2-furylmethyl)-5-methylpyrrolidinyl]amino}methylene)-7-[8-({[2-(2-fury lmethyl)pyrrolidinyl]amino}methylene)-1,6-dihydroxy-3-methyl-5-(methylethyl)-7 -oxo(2-naphthyl)]-3,8-dihydroxy-6-methyl-4-(methylethyl)naphthalen-2-one CollisionEnergy:205060 M+H	BERKELEY-LAB	temp/spectra_filtered.mgf543	-1	BERKELEY-LAB.mgf	1.17598				6	0	0.000488281	415.212	0	CCMSLIB00010124460
139	spectra_filtered.mgf	*..*		:4331	4331	-1	0	308.091	1	0.970546	0	0	158683000.0	389988.0	Glutathione - 40.0 eV M+H	BIRMINGHAM-UHPLC-MS-POS	temp/spectra_filtered.mgf139	-1	BIRMINGHAM-UHPLC-MS-POS.mgf	0.297161				13	0	9.15527e-05	308.091	0	CCMSLIB00006119972
233	spectra_filtered.mgf	*..*		:110	2801	-1	0	188.071	1	0.969446	0	0	1556410.0	1357070.0	Spectral Match to L-Tryptophan from NIST14 M+H-NH3	GNPS-NIST14-MATCHES	temp/spectra_filtered.mgf233	-1	GNPS-NIST14-MATCHES.mgf	2.19059				6	0	0.000411987	188.071	0	CCMSLIB00003137288
630	spectra_filtered.mgf	*..*		:1	487	-1	0	288.253	1	0.968568	0	0	293681000.0	257601.0	Lauryl diethanolamide M+H	CASMI	temp/spectra_filtered.mgf630	-1	CASMI.mgf	0.952837				6	0	0.000274658	288.253	0	CCMSLIB00000579850
1017	spectra_filtered.mgf	*..*		:8563	283	-1	0	185.081	0	0.967276	0	0	9596610.0	1429750.0	Asperlactone M+H	TUEBINGEN-NATURAL-PRODUCT-COLLECTION	temp/spectra_filtered.mgf1017	-1	TUEBINGEN-NATURAL-PRODUCT-COLLECTION.mgf	1037.14				8	0	0.191956	184.889	0	CCMSLIB00011906249
1106	spectra_filtered.mgf	*..*		:4508	4130	-1	0	531.406	1	0.963316	0	0	1898880.0	1355180.0	Spectral Match to Didodecyl 3,3'-thiodipropionate oxide from NIST14 M+H	GNPS-NIST14-MATCHES	temp/spectra_filtered.mgf1106	-1	GNPS-NIST14-MATCHES.mgf	4.24967				9	0	0.0022583	531.408	0	CCMSLIB00003138617
161	spectra_filtered.mgf	*..*		:1941	10236	-1	0	182.081	1	0.948946	0	0	3883160.0	1097880.0	Tyrosine - 50.00 eV M+H	GNPS-LIBRARY	temp/spectra_filtered.mgf161	-1	GNPS-LIBRARY.mgf	2.09506				6	0	0.00038147	182.081	0	CCMSLIB00005885094
518	spectra_filtered.mgf	*..*		:1	29	-1	0	182.985	0	0.94893	0	0	2.5763	1097490.0	4-Hydroxyphenylpyruvic_acid M+H	WINE-DB-ORBITRAP	temp/spectra_filtered.mgf518	-1	WINE-DB-ORBITRAP.mgf	836.217				8	0	0.153015	183.138	0	CCMSLIB00013639059
643	spectra_filtered.mgf	*..*		:34	145	-1	0	415.282	1	0.948436	0	0	5127390.0	763894.0	DEOXYCHOLATE M+Na	GNPS-MSMLS	temp/spectra_filtered.mgf643	-1	GNPS-MSMLS.mgf	169.827				6	0	0.0705261	415.211	0	CCMSLIB00005463896
127	spectra_filtered.mgf	*..*		:1666	50907	-1	0	298.097	1	0.948304	0	0	109.2	920056.0	5'-METHYLTHIOADENOSINE M+H	MONA	temp/spectra_filtered.mgf127	-1	MONA.mgf	0.716623				6	0	0.000213623	298.097	0	CCMSLIB00006679936
56	spectra_filtered.mgf	*..*		:27	234	-1	0	146.165	1	0.944349	0	0	13543900.0	23299100.0	SPERMIDINE M+H	GNPS-MSMLS	temp/spectra_filtered.mgf56	-1	GNPS-MSMLS.mgf	1.46152				6	0	0.000213623	146.165	0	CCMSLIB00005463985
159	spectra_filtered.mgf	*..*		:1196	9491	-1	0	146.165	1	0.942395	0	0	1461540.0	2468650.0	SPERMIDINE - 40.0 eV M+H	GNPS-LIBRARY	temp/spectra_filtered.mgf159	-1	GNPS-LIBRARY.mgf	1360.68				6	0	0.198883	145.966	0	CCMSLIB00005884349
163	spectra_filtered.mgf	*..*		:1196	9491	-1	0	146.165	1	0.940685	0	0	1461540.0	2553460.0	SPERMIDINE - 40.0 eV M+H	GNPS-LIBRARY	temp/spectra_filtered.mgf163	-1	GNPS-LIBRARY.mgf	1360.68				6	0	0.198883	145.966	0	CCMSLIB00005884349
142	spectra_filtered.mgf	*..*		:1196	9491	-1	0	146.165	1	0.940464	0	0	1461540.0	3033770.0	SPERMIDINE - 40.0 eV M+H	GNPS-LIBRARY	temp/spectra_filtered.mgf142	-1	GNPS-LIBRARY.mgf	1.25273				6	0	0.000183105	146.165	0	CCMSLIB00005884349
854	spectra_filtered.mgf	*..*		:406	130	-1	0	371.1	1	0.939467	0	0	2493310.0	324013.0	CAMPTOTHECIN M+Na	LEAFBOT	temp/spectra_filtered.mgf854	-1	LEAFBOT.mgf	3.28942				9	0	0.0012207	371.101	0	CCMSLIB00011427902
116	spectra_filtered.mgf	*..*		:1196	9491	-1	0	146.165	1	0.939285	0	0	1461540.0	2623370.0	SPERMIDINE - 40.0 eV M+H	GNPS-LIBRARY	temp/spectra_filtered.mgf116	-1	GNPS-LIBRARY.mgf	1360.78				6	0	0.198898	145.966	0	CCMSLIB00005884349
6	spectra_filtered.mgf	*..*		:27	234	-1	0	146.165	1	0.938083	0	0	13543900.0	7035440.0	SPERMIDINE M+H	GNPS-MSMLS	temp/spectra_filtered.mgf6	-1	GNPS-MSMLS.mgf	1360.78				6	0	0.198898	145.966	0	CCMSLIB00005463985
924	spectra_filtered.mgf	*..*		:12077	12523	-1	0	637.302	1	0.936633	0	0	4882030.0	933350.0	AC1L1X1Z CollisionEnergy:102040 M+Na	BERKELEY-LAB	temp/spectra_filtered.mgf924	-1	BERKELEY-LAB.mgf	5.6505				17	0	0.00360107	637.306	0	CCMSLIB00010114511
153	spectra_filtered.mgf	*..*		:209	5583	-1	0	193.068	1	0.932732	0	0	1634260.0	404991.0	Spectral Match to S-(5'-Adenosyl)-L-homocysteine from NIST14 M+2H	GNPS-NIST14-MATCHES	temp/spectra_filtered.mgf153	-1	GNPS-NIST14-MATCHES.mgf	0.316133				6	0	6.10352e-05	193.068	0	CCMSLIB00003140070
780	spectra_filtered.mgf	*..*		:406	130	-1	0	371.1	1	0.929912	0	0	2493310.0	233168.0	CAMPTOTHECIN M+Na	LEAFBOT	temp/spectra_filtered.mgf780	-1	LEAFBOT.mgf	3.28942				11	0	0.0012207	371.101	0	CCMSLIB00011427902
1058	spectra_filtered.mgf	*..*		:3144	709	-1	0	338.23	1	0.928831	0	0	825717.0	233034.0	3-hydroxylauroyl valine [M+Na]+ [M+Na]+	3-HYDROXY-ACYL-AMIDES-LIBRARY	temp/spectra_filtered.mgf1058	-1	3-HYDROXY-ACYL-AMIDES-LIBRARY.mgf	329.961				9	0	0.111603	338.342	0	CCMSLIB00013641540
966	spectra_filtered.mgf	*..*		:406	130	-1	0	371.1	1	0.924525	0	0	2493310.0	328321.0	CAMPTOTHECIN M+Na	LEAFBOT	temp/spectra_filtered.mgf966	-1	LEAFBOT.mgf	3.28942				11	0	0.0012207	371.101	0	CCMSLIB00011427902
1042	spectra_filtered.mgf	*..*		:1461	4494	-1	0	626.217	1	0.918468	0	0	11103900.0	907381.0	Contaminant vial septum ThermoFisher C5000-44B M+NH4	GNPS-LIBRARY	temp/spectra_filtered.mgf1042	-1	GNPS-LIBRARY.mgf	3158.99				17	0	1.97821	628.195	0	CCMSLIB00005435819
454	spectra_filtered.mgf	*..*		:5508	5506	-1	0	234.27	1	0.91443	0	0	2329.0	118686.0	ReSpect:PS106402 1-Isothiocyanato-8-(methylsulfinyl)-octane|8-Methylsulfinyloctyl isothiocyanate [M+H]	RESPECT	temp/spectra_filtered.mgf454	-1	RESPECT.mgf	733.988				8	0	0.171951	234.098	0	CCMSLIB00000219597
515	spectra_filtered.mgf	*..*		:1118	19581	-1	0	287.104	1	0.908058	0	0	332.996	233029.0	2-[[(2R,3S)-2-(3,4-dihydroxyphenyl)-3,5-dihydroxy-3,4-dihydro-2H-chromen-7-yl]oxy]oxane-3,4,5-triol [M+K]+	MONA	temp/spectra_filtered.mgf515	-1	MONA.mgf	4129.65				8	0	1.18564	288.29	0	CCMSLIB00004692181
331	spectra_filtered.mgf	*..*		:301	14162	-1	0	165.076	1	0.902931	0	0	73527700.0	2376440.0	Mannitol M+H-H2O	GNPS-LIBRARY	temp/spectra_filtered.mgf331	-1	GNPS-LIBRARY.mgf	1.38652				7	0	0.000228882	165.076	0	CCMSLIB00012176426
1067	spectra_filtered.mgf	*..*		:1537	4495	-1	0	700.236	1	0.901476	0	0	8286830.0	677262.0	Contaminant vial septum ThermoFisher C5000-44B M+NH4	GNPS-LIBRARY	temp/spectra_filtered.mgf1067	-1	GNPS-LIBRARY.mgf	2824.89				18	0	1.97809	702.214	0	CCMSLIB00005435820
449	spectra_filtered.mgf	*..*		:11368	29831	-1	0	228.071	1	0.899998	0	0	410.035	453685.0	MUCIC ACID [M+NH4]+	MONA	temp/spectra_filtered.mgf449	-1	MONA.mgf	547.406				9	0	0.124847	228.196	0	CCMSLIB00004702431
604	spectra_filtered.mgf	*..*		:34185	34185	-1	0	432.111	1	0.899687	0	0	144.292	11033200.0	Ex229 [M+H]+	MSNLIB-POSITIVE	temp/spectra_filtered.mgf604	-1	MSNLIB-POSITIVE.mgf	294.786				6	0	0.12738	432.238	0	CCMSLIB00012336145
910	spectra_filtered.mgf	*..*		:4684	5620	-1	0	283.26	1	0.897765	0	0	2285130.0	36579400.0	Spectral Match to 3-Hydroxyoctadecanoic Acid from NIST14 M+H-H2O	GNPS-NIST14-MATCHES	temp/spectra_filtered.mgf910	-1	GNPS-NIST14-MATCHES.mgf	3462.24				10	0	0.980713	282.279	0	CCMSLIB00003140107
347	spectra_filtered.mgf	*..*		:301	14162	-1	0	165.076	1	0.89759	0	0	73527700.0	657703.0	Mannitol M+H-H2O	GNPS-LIBRARY	temp/spectra_filtered.mgf347	-1	GNPS-LIBRARY.mgf	1.38652				7	0	0.000228882	165.076	0	CCMSLIB00012176426
363	spectra_filtered.mgf	*..*		:301	14162	-1	0	165.076	1	0.897581	0	0	73527700.0	221155.0	Mannitol M+H-H2O	GNPS-LIBRARY	temp/spectra_filtered.mgf363	-1	GNPS-LIBRARY.mgf	1.38652				7	0	0.000228882	165.076	0	CCMSLIB00012176426
1034	spectra_filtered.mgf	*..*		:8563	283	-1	0	185.081	0	0.896359	0	0	9596610.0	1399750.0	Asperlactone M+H	TUEBINGEN-NATURAL-PRODUCT-COLLECTION	temp/spectra_filtered.mgf1034	-1	TUEBINGEN-NATURAL-PRODUCT-COLLECTION.mgf	1037.06				7	0	0.19194	184.889	0	CCMSLIB00011906249
932	spectra_filtered.mgf	*..*		:4684	5620	-1	0	283.26	1	0.895837	0	0	2285130.0	2739870.0	Spectral Match to 3-Hydroxyoctadecanoic Acid from NIST14 M+H-H2O	GNPS-NIST14-MATCHES	temp/spectra_filtered.mgf932	-1	GNPS-NIST14-MATCHES.mgf	3462.67				8	0	0.980835	282.279	0	CCMSLIB00003140107
684	spectra_filtered.mgf	*..*		:3119	918	-1	0	265.216	1	0.893469	0	0	1253890.0	255838.0	Spectral Match to 12(S)-Hydroxy-16-heptadecynoic acid from NIST14 M+H-H2O	GNPS-NIST14-MATCHES	temp/spectra_filtered.mgf684	-1	GNPS-NIST14-MATCHES.mgf	7461.86				8	0	1.979	263.237	0	CCMSLIB00003135404
913	spectra_filtered.mgf	*..*		:2578	3297	-1	0	563.552	1	0.890698	0	0	5172120.0	564643.0	Spectral Match to 9-Octadecenamide, (Z)- from NIST14 2M+H	GNPS-NIST14-MATCHES	temp/spectra_filtered.mgf913	-1	GNPS-NIST14-MATCHES.mgf	0.866435				10	0	0.000488281	563.552	0	CCMSLIB00003137784
1091	spectra_filtered.mgf	*..*		:1427	4499	-1	0	776.234	1	0.890527	0	0	63569300.0	435372.0	Contaminant vial septum ThermoFisher C5000-44B M+NH4	GNPS-LIBRARY	temp/spectra_filtered.mgf1091	-1	GNPS-LIBRARY.mgf	1.41534				18	0	0.00109863	776.233	0	CCMSLIB00005435824
141	spectra_filtered.mgf	*..*		:510	510	-1	0	131.118	1	0.889774	0	0	425692.0	543575.0	Acetylhydrazine_Butyraldehyde (known isomers: 0; isobaric peaks in run: 2) [M+H]+	GNPS-ALKYLAMINES-LIBRARY	temp/spectra_filtered.mgf141	-1	GNPS-ALKYLAMINES-LIBRARY.mgf	15094.8				6	0	1.9792	129.139	0	CCMSLIB00016343537
831	spectra_filtered.mgf	*..*		:3119	918	-1	0	265.216	1	0.888882	0	0	1253890.0	519958.0	Spectral Match to 12(S)-Hydroxy-16-heptadecynoic acid from NIST14 M+H-H2O	GNPS-NIST14-MATCHES	temp/spectra_filtered.mgf831	-1	GNPS-NIST14-MATCHES.mgf	7461.74				6	0	1.97897	263.237	0	CCMSLIB00003135404
700	spectra_filtered.mgf	*..*		:16928	117367	-1	0	330.179	1	0.884172	0	0	365.592	363515.0	Z1517722710 [M+Na]+	MSNLIB-POSITIVE	temp/spectra_filtered.mgf700	-1	MSNLIB-POSITIVE.mgf	477.11				6	0	0.157532	330.337	0	CCMSLIB00012766668
922	spectra_filtered.mgf	*..*		:6012	2362	-1	0	282.279	0	0.882673	0	0	283986.0	10201200.0	Spectral Match to 9-Octadecenamide, (Z)- from NIST14 M+H	GNPS-NIST14-MATCHES	temp/spectra_filtered.mgf922	-1	GNPS-NIST14-MATCHES.mgf	4151.48				11	0	1.17188	283.451	0	CCMSLIB00003136849
917	spectra_filtered.mgf	*..*		:3168	3168	-1	0	247.0	1	0.88141	0	0	592.682	777868.0	MoNA:2479447 O-Galactosylsphingosine M+H	MONA	temp/spectra_filtered.mgf917	-1	MONA.mgf	980.207				10	0	0.242111	247.242	0	CCMSLIB00000565916
112	spectra_filtered.mgf	*..*		:22516	22516	-1	0	196.064	1	0.880192	0	0	189.933	198564.0	4432-31-9 M+H	MCE-DRUG	temp/spectra_filtered.mgf112	-1	MCE-DRUG.mgf	0.622604				6	0	0.00012207	196.064	0	CCMSLIB00010152240
612	spectra_filtered.mgf	*..*		:41175	53174	-1	0	302.305	1	0.879015	0	0	14894800.0	149596.0	Massbank:LU100204 2,2'-(Tetradecylimino)diethanol|Tetradecyldiethanolamine M+H	MASSBANK	temp/spectra_filtered.mgf612	-1	MASSBANK.mgf	0.908547				7	0	0.000274658	302.305	0	CCMSLIB00005766726
697	spectra_filtered.mgf	*..*		:3119	918	-1	0	265.216	1	0.877736	0	0	1253890.0	317656.0	Spectral Match to 12(S)-Hydroxy-16-heptadecynoic acid from NIST14 M+H-H2O	GNPS-NIST14-MATCHES	temp/spectra_filtered.mgf697	-1	GNPS-NIST14-MATCHES.mgf	7461.86				7	0	1.979	263.237	0	CCMSLIB00003135404
815	spectra_filtered.mgf	*..*		:3192	1670	-1	0	255.232	1	0.876871	0	0	243558.0	199578.0	Spectral Match to Palmitelaidic acid from NIST14 M+H	GNPS-NIST14-MATCHES	temp/spectra_filtered.mgf815	-1	GNPS-NIST14-MATCHES.mgf	3855.83				9	0	0.984131	254.248	0	CCMSLIB00003136157
640	spectra_filtered.mgf	*..*		:3553	2768	-1	0	460.424	1	0.875216	0	0	617610.0	587309.0	spermidine-C20:1 M+Na	ECG-ACYL-AMIDES-C4-C24-LIBRARY	temp/spectra_filtered.mgf640	-1	ECG-ACYL-AMIDES-C4-C24-LIBRARY.mgf	335.716				6	0	0.154572	460.269	0	CCMSLIB00011436270
489	spectra_filtered.mgf	*..*		:1118	19581	-1	0	287.104	0	0.874402	0	0	332.996	63878.2	2-[[(2R,3S)-2-(3,4-dihydroxyphenyl)-3,5-dihydroxy-3,4-dihydro-2H-chromen-7-yl]oxy]oxane-3,4,5-triol [M+K]+	MONA	temp/spectra_filtered.mgf489	-1	MONA.mgf	4129.86				8	0	1.1857	288.29	0	CCMSLIB00004692181
774	spectra_filtered.mgf	*..*		:24348	24348	-1	0	358.368	1	0.873959	0	0	364.715	110043.0	Stearyldiethanolamine [M+H]+	MSNLIB-POSITIVE	temp/spectra_filtered.mgf774	-1	MSNLIB-POSITIVE.mgf	0.170314				6	0	6.10352e-05	358.368	0	CCMSLIB00012316042
786	spectra_filtered.mgf	*..*		:2488	33	-1	0	263.237	1	0.873698	0	0	628374.0	290337.0	2,4,6-Tri-tert-butylphenol M+H	ECRFS_DB	temp/spectra_filtered.mgf786	-1	ECRFS_DB.mgf	0.0				9	0	0.0	263.237	0	CCMSLIB00012728788
940	spectra_filtered.mgf	*..*		:6670	7116	-1	0	391.284	0	0.866016	0	0	91935400.0	549509.0	DEHP CollisionEnergy:102040 M+H	BERKELEY-LAB	temp/spectra_filtered.mgf940	-1	BERKELEY-LAB.mgf	146.94				7	0	0.0574951	391.341	0	CCMSLIB00010109104
749	spectra_filtered.mgf	*..*		:3975	5202	-1	0	454.293	1	0.865559	0	0	5025040.0	289800.0	Spectral Match to 1-Palmitoyl-2-hydroxy-sn-glycero-3-phosphoethanolamine from NIST14 M+H	GNPS-NIST14-MATCHES	temp/spectra_filtered.mgf749	-1	GNPS-NIST14-MATCHES.mgf	0.268704				10	0	0.00012207	454.293	0	CCMSLIB00003139689
95	spectra_filtered.mgf	*..*		:14055	14501	-1	0	173.043	1	0.865538	0	0	688646.0	17521800.0	6-methoxypurine, oxamethane CollisionEnergy:205060 M+Na	BERKELEY-LAB	temp/spectra_filtered.mgf95	-1	BERKELEY-LAB.mgf	500.064				6	0	0.0865326	172.956	0	CCMSLIB00010116489
801	spectra_filtered.mgf	*..*		:2887	379	-1	0	279.232	1	0.865493	0	0	759178.0	231258.0	gamma-Linolenic acid (known structural isomers: 0; isobaric peaks in run: 2) [M+H]+	CMMC-FOOD-BIOMARKERS	temp/spectra_filtered.mgf801	-1	CMMC-FOOD-BIOMARKERS.mgf	3524.31				8	0	0.9841	278.248	0	CCMSLIB00013576563
674	spectra_filtered.mgf	*..*		:3168	3168	-1	0	247.0	0	0.863883	0	0	592.682	117975.0	MoNA:2479447 O-Galactosylsphingosine M+H	MONA	temp/spectra_filtered.mgf674	-1	MONA.mgf	7180.84				10	0	1.77367	245.226	0	CCMSLIB00000565916
1122	spectra_filtered.mgf	*..*		:1948	4809	-1	0	536.165	1	0.862835	0	0	422790.0	2429490.0	Contaminants septum vial Thermo C4000-53 and C4000-54 serie M+H	GNPS-LIBRARY	temp/spectra_filtered.mgf1122	-1	GNPS-LIBRARY.mgf	1.70755				12	0	0.000915527	536.166	0	CCMSLIB00005436264
690	spectra_filtered.mgf	*..*		:3544	792	-1	0	297.24	1	0.859238	0	0	470065.0	222264.0	Spectral Match to 12(13)-Epoxy-9Z-octadecenoic acid from NIST14 M+H	GNPS-NIST14-MATCHES	temp/spectra_filtered.mgf690	-1	GNPS-NIST14-MATCHES.mgf	3302.48				9	0	0.981628	296.258	0	CCMSLIB00003135278
757	spectra_filtered.mgf	*..*		:3881	3881	-1	0	522.356	1	0.858119	0	0	520349.0	545019.0	PC(0:0/18:1); [M+H]+ C26H53N1O7P1 M+H	PNNL-LIPIDS-POSITIVE	temp/spectra_filtered.mgf757	-1	PNNL-LIPIDS-POSITIVE.mgf	0.350538				6	0	0.000183105	522.356	0	CCMSLIB00010059238
283	spectra_filtered.mgf	*..*		:4789	5235	-1	0	189.112	1	0.857556	0	0	1274310.0	1157040.0	azelaic acid CollisionEnergy:102040 M+H	BERKELEY-LAB	temp/spectra_filtered.mgf283	-1	BERKELEY-LAB.mgf	5202.59				8	0	0.983871	188.128	0	CCMSLIB00010107223
537	spectra_filtered.mgf	*..*		:1830	20293	-1	0	289.141	1	0.855146	0	0	443.142	134631.0	(4aR,5S)-9,9a-dihydroxy-3,4a,5-trimethyl-5,6,7,8,8a,9-hexahydro-4H-benzo[f][1]benzofuran-2-one [M+Na]+	MONA	temp/spectra_filtered.mgf537	-1	MONA.mgf	2944.41				7	0	0.851349	288.29	0	CCMSLIB00004692893
330	spectra_filtered.mgf	*..*		:2109	3963	-1	0	135.117	1	0.852954	0	0	105344.0	4271150.0	Spectral Match to .alpha.-Pinene oxide from NIST14 M+H-H2O	GNPS-NIST14-MATCHES	temp/spectra_filtered.mgf330	-1	GNPS-NIST14-MATCHES.mgf	270.016				6	0	0.0364838	135.081	0	CCMSLIB00003138450
583	spectra_filtered.mgf	*..*		:1333	1333	-1	0	387.363	1	0.852803	0	0	17593.4	934014.0	Massbank: Cholesterol [M+H]+	MASSBANK	temp/spectra_filtered.mgf583	-1	MASSBANK.mgf	438.269				10	0	0.169769	387.193	0	CCMSLIB00000206073
670	spectra_filtered.mgf	*..*		:3119	918	-1	0	265.216	1	0.851752	0	0	1253890.0	316608.0	Spectral Match to 12(S)-Hydroxy-16-heptadecynoic acid from NIST14 M+H-H2O	GNPS-NIST14-MATCHES	temp/spectra_filtered.mgf670	-1	GNPS-NIST14-MATCHES.mgf	7461.86				7	0	1.979	263.237	0	CCMSLIB00003135404
808	spectra_filtered.mgf	*..*		:3888	2008	-1	0	237.221	1	0.847748	0	0	12114000.0	184370.0	Spectral Match to Palmitelaidic acid from NIST14 M+H-H2O	GNPS-NIST14-MATCHES	temp/spectra_filtered.mgf808	-1	GNPS-NIST14-MATCHES.mgf	1.22214				10	0	0.000289917	237.221	0	CCMSLIB00003136495
160	spectra_filtered.mgf	*..*		:209	5583	-1	0	193.068	0	0.84739	0	0	1634260.0	515412.0	Spectral Match to S-(5'-Adenosyl)-L-homocysteine from NIST14 M+2H	GNPS-NIST14-MATCHES	temp/spectra_filtered.mgf160	-1	GNPS-NIST14-MATCHES.mgf	0.553233				6	0	0.000106812	193.068	0	CCMSLIB00003140070
575	spectra_filtered.mgf	*..*		:42212	54211	-1	0	295.19	1	0.847228	0	0	46170.9	176375.0	Massbank:NA002994 [6]-Gingerol|5-hydroxy-1-(4-hydroxy-3-methoxyphenyl)decan-3-one M+H	MASSBANK	temp/spectra_filtered.mgf575	-1	MASSBANK.mgf	1.24059				8	0	0.000366211	295.19	0	CCMSLIB00005767763
324	spectra_filtered.mgf	*..*		:301	14162	-1	0	165.076	1	0.845825	0	0	73527700.0	257268.0	Mannitol M+H-H2O	GNPS-LIBRARY	temp/spectra_filtered.mgf324	-1	GNPS-LIBRARY.mgf	1.38652				6	0	0.000228882	165.076	0	CCMSLIB00012176426
802	spectra_filtered.mgf	*..*		:1328	1774	-1	0	183.092	0	0.843002	0	0	458535.0	644917.0	HARMANE CollisionEnergy:102040 M+H	BERKELEY-LAB	temp/spectra_filtered.mgf802	-1	BERKELEY-LAB.mgf	450.2				6	0	0.082428	183.174	0	CCMSLIB00010103762
764	spectra_filtered.mgf	*..*		:2488	33	-1	0	263.237	1	0.842534	0	0	628374.0	205216.0	2,4,6-Tri-tert-butylphenol M+H	ECRFS_DB	temp/spectra_filtered.mgf764	-1	ECRFS_DB.mgf	0.0				9	0	0.0	263.237	0	CCMSLIB00012728788
1073	spectra_filtered.mgf	*..*		:1275	1275	-1	0	799.669	1	0.839676	0	0	630289.0	576144.0	SM(d18:2/23:0); [M+H]+ C46H92N2O6P1 M+H	PNNL-LIPIDS-POSITIVE	temp/spectra_filtered.mgf1073	-1	PNNL-LIPIDS-POSITIVE.mgf	1185.18				6	0	0.947754	800.617	0	CCMSLIB00010056537
255	spectra_filtered.mgf	*..*		:83509	183948	-1	0	155.081	1	0.838847	0	0	161.721	1838800.0	1-Ethyl-3-methyl-1H-pyrazole-4-carboxylic acid [M+H]+	MSNLIB-POSITIVE	temp/spectra_filtered.mgf255	-1	MSNLIB-POSITIVE.mgf	6583.93				6	0	1.02104	156.102	0	CCMSLIB00012885037
688	spectra_filtered.mgf	*..*		:3488	2003	-1	0	327.337	1	0.838015	0	0	30403900.0	219409.0	putrescine-C16:0 M+H	ECG-ACYL-AMIDES-C4-C24-LIBRARY	temp/spectra_filtered.mgf688	-1	ECG-ACYL-AMIDES-C4-C24-LIBRARY.mgf	0.466149				9	0	0.000152588	327.337	0	CCMSLIB00011435466
795	spectra_filtered.mgf	*..*		:2255	326	-1	0	279.231	1	0.834538	0	0	1008200.0	310042.0	Spectral Match to 9(10)-EpOME from NIST14 M+H-H2O	GNPS-NIST14-MATCHES	temp/spectra_filtered.mgf795	-1	GNPS-NIST14-MATCHES.mgf	3520.72				8	0	0.983093	278.248	0	CCMSLIB00003134812
284	spectra_filtered.mgf	*..*		:1231	1482	-1	0	171.102	1	0.831726	0	0	1028280.0	4424400.0	Spectral Match to Azelaic acid from NIST14 M+H-H2O	GNPS-NIST14-MATCHES	temp/spectra_filtered.mgf284	-1	GNPS-NIST14-MATCHES.mgf	5753.68				6	0	0.984467	170.118	0	CCMSLIB00003135969
494	spectra_filtered.mgf	*..*		:27596	48577	-1	0	288.121	0	0.831309	0	0	304.828	95969.8	ANISOMYCIN [M+Na]+	MONA	temp/spectra_filtered.mgf494	-1	MONA.mgf	585.522				8	0	0.168701	288.29	0	CCMSLIB00004721177
432	spectra_filtered.mgf	*..*		:21826	22272	-1	0	226.182	1	0.829161	0	0	15217400.0	282323.0	VITAMIN K1 CollisionEnergy:205060 M+2H]	BERKELEY-LAB	temp/spectra_filtered.mgf432	-1	BERKELEY-LAB.mgf	8.23042				8	0	0.00186157	226.18	0	CCMSLIB00010124262
656	spectra_filtered.mgf	*..*		:3468	3381	-1	0	295.227	1	0.822719	0	0	4003450.0	160278.0	Spectral Match to 13-Keto-9Z,11E-octadecadienoic acid from NIST14 M+H	GNPS-NIST14-MATCHES	temp/spectra_filtered.mgf656	-1	GNPS-NIST14-MATCHES.mgf	3333.89				8	0	0.984253	294.243	0	CCMSLIB00003137868
840	spectra_filtered.mgf	*..*		:3119	918	-1	0	265.216	0	0.82019	0	0	1253890.0	137996.0	Spectral Match to 12(S)-Hydroxy-16-heptadecynoic acid from NIST14 M+H-H2O	GNPS-NIST14-MATCHES	temp/spectra_filtered.mgf840	-1	GNPS-NIST14-MATCHES.mgf	7461.97				6	0	1.97903	263.237	0	CCMSLIB00003135404
123	spectra_filtered.mgf	*..*		:9686	9686	-1	0	254.088	1	0.819076	0	0	279.895	644673.0	Neopterin M+H	MCE-DRUG	temp/spectra_filtered.mgf123	-1	MCE-DRUG.mgf	1.44128				6	0	0.000366211	254.088	0	CCMSLIB00010139410
707	spectra_filtered.mgf	*..*		:1681	1958	-1	0	267.173	1	0.818542	0	0	34490.7	290611.0	Spectral Match to Tributyl phosphate from NIST14 M+H	GNPS-NIST14-MATCHES	temp/spectra_filtered.mgf707	-1	GNPS-NIST14-MATCHES.mgf	83.9547				7	0	0.0224304	267.195	0	CCMSLIB00003136445
140	spectra_filtered.mgf	*..*		:4151	4597	-1	0	143.033	1	0.816453	0	0	205154.0	972660.0	Purine CollisionEnergy:102040 M+Na	BERKELEY-LAB	temp/spectra_filtered.mgf140	-1	BERKELEY-LAB.mgf	541.615				6	0	0.0774689	142.956	0	CCMSLIB00010106585
915	spectra_filtered.mgf	*..*		:6012	2362	-1	0	282.279	1	0.81581	0	0	283986.0	8361150.0	Spectral Match to 9-Octadecenamide, (Z)- from NIST14 M+H	GNPS-NIST14-MATCHES	temp/spectra_filtered.mgf915	-1	GNPS-NIST14-MATCHES.mgf	3551.35				10	0	1.00247	283.281	0	CCMSLIB00003136849
358	spectra_filtered.mgf	*..*		:213	8508	-1	0	183.065	0	0.815779	0	0	112701.0	775893.0	METHYL VANILLATE - 40.0 eV M+H	GNPS-LIBRARY	temp/spectra_filtered.mgf358	-1	GNPS-LIBRARY.mgf	71.5992				7	0	0.0131073	183.078	0	CCMSLIB00005883366
488	spectra_filtered.mgf	*..*		:2326	6918	-1	0	297.243	1	0.813633	0	0	215400.0	56147.5	NCGC00381425-01!8-hydroxy-8-(3-octyloxiran-2-yl)octanoic acid [IIN-based on: CCMSLIB00000846585] [M-H2O+H]+	GNPS-NIH-NATURALPRODUCTSLIBRARY_ROUND2_POSITIVE	temp/spectra_filtered.mgf488	-1	GNPS-NIH-NATURALPRODUCTSLIBRARY_ROUND2_POSITIVE.mgf	3312.51				10	0	0.984619	296.258	0	CCMSLIB00005722214
614	spectra_filtered.mgf	*..*		:34571	34571	-1	0	432.311	1	0.809826	0	0	204.33	156716.0	glycodeoxycholic acid [M+H-H2O]+	MSNLIB-POSITIVE	temp/spectra_filtered.mgf614	-1	MSNLIB-POSITIVE.mgf	168.149				6	0	0.0726929	432.238	0	CCMSLIB00012336920
547	spectra_filtered.mgf	*..*		:5913	5913	-1	0	432.311	1	0.808932	0	0	154.649	201813.0	Glycoursodeoxycholic acid (Chimeric precursor selection) M+H	MCE-DRUG	temp/spectra_filtered.mgf547	-1	MCE-DRUG.mgf	168.291				6	0	0.0727539	432.238	0	CCMSLIB00010135637
702	spectra_filtered.mgf	*..*		:2878	1613	-1	0	297.242	1	0.808013	0	0	1012650.0	343809.0	Spectral Match to 9(10)-EpOME from NIST14 M+H	GNPS-NIST14-MATCHES	temp/spectra_filtered.mgf702	-1	GNPS-NIST14-MATCHES.mgf	3309.13				10	0	0.983612	296.258	0	CCMSLIB00003136100
903	spectra_filtered.mgf	*..*		:5609	967	-1	0	282.279	0	0.80621	0	0	192864.0	11248100.0	Spectral Match to 9-Octadecenamide, (Z)- from NIST14 M+H	GNPS-NIST14-MATCHES	temp/spectra_filtered.mgf903	-1	GNPS-NIST14-MATCHES.mgf	4180.99				9	0	1.18021	283.459	0	CCMSLIB00003135453
633	spectra_filtered.mgf	*..*		:2735	588	-1	0	279.232	1	0.804989	0	0	111428.0	217135.0	gamma-Linolenic acid (known structural isomers: 0; isobaric peaks in run: 2) [M+H]+	CMMC-FOOD-BIOMARKERS	temp/spectra_filtered.mgf633	-1	CMMC-FOOD-BIOMARKERS.mgf	3524.31				9	0	0.9841	278.248	0	CCMSLIB00013576834
626	spectra_filtered.mgf	*..*		:2796	236	-1	0	279.232	1	0.804663	0	0	942813.0	81055.1	Spectral Match to 9(10)-EpOME from NIST14 M+H-H2O	GNPS-NIST14-MATCHES	temp/spectra_filtered.mgf626	-1	GNPS-NIST14-MATCHES.mgf	3524.31				6	0	0.9841	278.248	0	CCMSLIB00003134722
985	spectra_filtered.mgf	*..*		:7998	10730	-1	0	625.551	1	0.803762	0	0	8674200.0	3340360.0	OL (32:0) M+H	GNPS-LIBRARY	temp/spectra_filtered.mgf985	-1	GNPS-LIBRARY.mgf	1.17084				12	0	0.000732422	625.552	0	CCMSLIB00006678144
908	spectra_filtered.mgf	*..*		:20	282	-1	0	145.047	1	0.803727	0	0	397558.0	818411.0	ERYTHRITOL M+Na	GNPS-MSMLS	temp/spectra_filtered.mgf908	-1	GNPS-MSMLS.mgf	7500.79				6	0	1.08797	143.959	0	CCMSLIB00005464033
875	spectra_filtered.mgf	*..*		:20	282	-1	0	145.047	1	0.803686	0	0	397558.0	832249.0	ERYTHRITOL M+Na	GNPS-MSMLS	temp/spectra_filtered.mgf875	-1	GNPS-MSMLS.mgf	7501.0				6	0	1.088	143.959	0	CCMSLIB00005464033
225	spectra_filtered.mgf	*..*		:4151	4597	-1	0	143.033	0	0.803417	0	0	205154.0	141118.0	Purine CollisionEnergy:102040 M+Na	BERKELEY-LAB	temp/spectra_filtered.mgf225	-1	BERKELEY-LAB.mgf	514.732				6	0	0.0736237	143.107	0	CCMSLIB00010106585
951	spectra_filtered.mgf	*..*		:20	282	-1	0	145.047	1	0.803329	0	0	397558.0	720214.0	ERYTHRITOL M+Na	GNPS-MSMLS	temp/spectra_filtered.mgf951	-1	GNPS-MSMLS.mgf	7501.1				6	0	1.08801	143.959	0	CCMSLIB00005464033
811	spectra_filtered.mgf	*..*		:20	282	-1	0	145.047	1	0.801473	0	0	397558.0	702933.0	ERYTHRITOL M+Na	GNPS-MSMLS	temp/spectra_filtered.mgf811	-1	GNPS-MSMLS.mgf	7500.89				6	0	1.08798	143.959	0	CCMSLIB00005464033
418	spectra_filtered.mgf	*..*		:4426	4872	-1	0	227.164	1	0.799079	0	0	591245.0	305994.0	2-heptylhexanedioic acid CollisionEnergy:102040 M+H-H2O	BERKELEY-LAB	temp/spectra_filtered.mgf418	-1	BERKELEY-LAB.mgf	4331.04				7	0	0.983856	226.18	0	CCMSLIB00010106860
1010	spectra_filtered.mgf	*..*		:20	282	-1	0	145.047	1	0.797817	0	0	397558.0	1098730.0	ERYTHRITOL M+Na	GNPS-MSMLS	temp/spectra_filtered.mgf1010	-1	GNPS-MSMLS.mgf	7501.1				6	0	1.08801	143.959	0	CCMSLIB00005464033
466	spectra_filtered.mgf	*..*		:1018	937	-1	0	255.157	1	0.797358	0	0	1377020.0	192420.0	acetic_acid_isobutyl_ester 2M+Na	GNPS-NUTRI-METAB-FEM-POS	temp/spectra_filtered.mgf466	-1	GNPS-NUTRI-METAB-FEM-POS.mgf	8.07321				7	0	0.00205994	255.159	0	CCMSLIB00006673889
451	spectra_filtered.mgf	*..*		:2796	236	-1	0	279.232	0	0.793983	0	0	942813.0	71181.8	Spectral Match to 9(10)-EpOME from NIST14 M+H-H2O	GNPS-NIST14-MATCHES	temp/spectra_filtered.mgf451	-1	GNPS-NIST14-MATCHES.mgf	3524.31				7	0	0.9841	278.248	0	CCMSLIB00003134722
292	spectra_filtered.mgf	*..*		:2160	47367	-1	0	611.161	1	0.793643	0	0	131.077	159073.0	Rutin [M+H]+	MONA	temp/spectra_filtered.mgf292	-1	MONA.mgf	0.0				6	0	0.0	611.161	0	CCMSLIB00004719967
1046	spectra_filtered.mgf	*..*		:20	282	-1	0	145.047	1	0.792314	0	0	397558.0	445881.0	ERYTHRITOL M+Na	GNPS-MSMLS	temp/spectra_filtered.mgf1046	-1	GNPS-MSMLS.mgf	7500.89				6	0	1.08798	143.959	0	CCMSLIB00005464033
743	spectra_filtered.mgf	*..*		:4684	5620	-1	0	283.26	0	0.791384	0	0	2285130.0	69080.9	Spectral Match to 3-Hydroxyoctadecanoic Acid from NIST14 M+H-H2O	GNPS-NIST14-MATCHES	temp/spectra_filtered.mgf743	-1	GNPS-NIST14-MATCHES.mgf	3462.99				8	0	0.980927	282.279	0	CCMSLIB00003140107
821	spectra_filtered.mgf	*..*		:9083	9083	-1	0	856.524	1	0.791254	0	0	2335750.0	689419.0	SQDG(18:3/18:3); [M+NH4]+ C45H78N1O12S1 M+NH4	PNNL-LIPIDS-POSITIVE	temp/spectra_filtered.mgf821	-1	PNNL-LIPIDS-POSITIVE.mgf	0.427555				17	0	0.000366211	856.524	0	CCMSLIB00010071704
839	spectra_filtered.mgf	*..*		:5206	5206	-1	0	281.247	1	0.790777	0	0	476.055	747047.0	MoNA:790536 Linoleic acid M+H	MONA	temp/spectra_filtered.mgf839	-1	MONA.mgf	3496.67				9	0	0.983429	280.264	0	CCMSLIB00000567955
805	spectra_filtered.mgf	*..*		:2255	326	-1	0	279.231	1	0.790728	0	0	1008200.0	89304.2	Spectral Match to 9(10)-EpOME from NIST14 M+H-H2O	GNPS-NIST14-MATCHES	temp/spectra_filtered.mgf805	-1	GNPS-NIST14-MATCHES.mgf	3520.72				7	0	0.983093	278.248	0	CCMSLIB00003134812
853	spectra_filtered.mgf	*..*		:10729	29192	-1	0	447.105	1	0.790542	0	0	359.751	323138.0	(1S,3R,6R,7S,8S,10R,13S,16S,17R)-8-tert-butyl-6,17-dihydroxy-16-methyl-2,4,14,19-tetraoxahexacyclo[8.7.2.0,.0,?.0?,.0,?]nonadecane-5,15,18-trione [M+K]+	MONA	temp/spectra_filtered.mgf853	-1	MONA.mgf	4439.57				8	0	1.98495	445.12	0	CCMSLIB00004701792
170	spectra_filtered.mgf	*..*		:693	8988	-1	0	182.081	0	0.789249	0	0	590250.0	107141.0	L-TYROSINE - 40.0 eV M+H	GNPS-LIBRARY	temp/spectra_filtered.mgf170	-1	GNPS-LIBRARY.mgf	12.6541				6	0	0.00230408	182.079	0	CCMSLIB00005883846
833	spectra_filtered.mgf	*..*		:3168	3168	-1	0	247.0	1	0.784959	0	0	592.682	281821.0	MoNA:2479447 O-Galactosylsphingosine M+H	MONA	temp/spectra_filtered.mgf833	-1	MONA.mgf	7180.71				9	0	1.77364	245.226	0	CCMSLIB00000565916
419	spectra_filtered.mgf	*..*		:1013	1013	-1	0	245.175	0	0.783882	0	0	22802900.0	126768.0	Brassylic acid - 40.0 eV M+H	BIRMINGHAM-UHPLC-MS-POS	temp/spectra_filtered.mgf419	-1	BIRMINGHAM-UHPLC-MS-POS.mgf	4014.68				8	0	0.984299	244.191	0	CCMSLIB00006114412
641	spectra_filtered.mgf	*..*		:25329	43792	-1	0	317.176	1	0.783051	0	0	370.387	81173.3	Sodium Tetradecyl Sulfate [M+H]+	MONA	temp/spectra_filtered.mgf641	-1	MONA.mgf	2695.99				6	0	0.855103	316.321	0	CCMSLIB00004716392
382	spectra_filtered.mgf	*..*		:1557	1557	-1	0	180.175	1	0.782966	0	0	441.662	660489.0	rimantadine M+H	MCE-DRUG	temp/spectra_filtered.mgf382	-1	MCE-DRUG.mgf	5257.73				6	0	0.947311	181.122	0	CCMSLIB00010131281
788	spectra_filtered.mgf	*..*		:2411	5156	-1	0	281.248	1	0.782022	0	0	3176.0	930077.0	Spectral Match to Conjugated linoleic Acid (10E,12Z) from NIST14 M+H	GNPS-NIST14-MATCHES	temp/spectra_filtered.mgf788	-1	GNPS-NIST14-MATCHES.mgf	3500.13				9	0	0.984406	280.264	0	CCMSLIB00003139643
4	spectra_filtered.mgf	*..*		:121	121	-1	0	160.097	0	0.781419	0	0	1944100.0	1009030.0	Candidate Valine-C2:0 (delta mass:42.0104) M+H	GNPS-N-ACYL-LIPIDS-MASSQL	temp/spectra_filtered.mgf4	-1	GNPS-N-ACYL-LIPIDS-MASSQL.mgf	523.727				6	0	0.083847	160.181	0	CCMSLIB00016338526
719	spectra_filtered.mgf	*..*		:4652	3896	-1	0	227.202	1	0.781297	0	0	636731.0	248788.0	Spectral Match to Myristoleic acid from NIST14 M+H	GNPS-NIST14-MATCHES	temp/spectra_filtered.mgf719	-1	GNPS-NIST14-MATCHES.mgf	4337.37				7	0	0.985458	226.217	0	CCMSLIB00003138383
664	spectra_filtered.mgf	*..*		:16117	16117	-1	0	452.278	1	0.780552	0	0	5747.31	701272.0	PE(16:1/0:0); [M+H]+ C21H43N1O7P1 M+H	PNNL-LIPIDS-POSITIVE	temp/spectra_filtered.mgf664	-1	PNNL-LIPIDS-POSITIVE.mgf	1.68688				7	0	0.000762939	452.277	0	CCMSLIB00010086490
920	spectra_filtered.mgf	*..*		:4652	3896	-1	0	227.202	1	0.778458	0	0	636731.0	219720.0	Spectral Match to Myristoleic acid from NIST14 M+H	GNPS-NIST14-MATCHES	temp/spectra_filtered.mgf920	-1	GNPS-NIST14-MATCHES.mgf	4336.43				7	0	0.985245	226.217	0	CCMSLIB00003138383
809	spectra_filtered.mgf	*..*		:3192	1670	-1	0	255.232	1	0.77779	0	0	243558.0	8482550.0	Spectral Match to Palmitelaidic acid from NIST14 M+H	GNPS-NIST14-MATCHES	temp/spectra_filtered.mgf809	-1	GNPS-NIST14-MATCHES.mgf	3855.83				8	0	0.984131	254.248	0	CCMSLIB00003136157
967	spectra_filtered.mgf	*..*		:1406	4504	-1	0	552.197	1	0.77548	0	0	514612.0	252297.0	Contaminant vial septum ThermoFisher C5000-44B M+H	GNPS-LIBRARY	temp/spectra_filtered.mgf967	-1	GNPS-LIBRARY.mgf	3584.65				11	0	1.97943	554.176	0	CCMSLIB00005435829
299	spectra_filtered.mgf	*..*		:4658	22012	-1	0	519.325	1	0.775123	0	0	177188.0	180373.0	C23 3a, 7b_kojic acid [CCS=212.06292724609375] [M+NH4]+	GNPS-ION-MOBILITY-LIBRARY	temp/spectra_filtered.mgf299	-1	GNPS-ION-MOBILITY-LIBRARY.mgf	1941.21				6	0	1.00812	520.333	0	CCMSLIB00017431428
810	spectra_filtered.mgf	*..*		:2743	1245	-1	0	219.21	1	0.774902	0	0	9448.92	198383.0	Spectral Match to Pinolenic acid ethyl ester from NIST14 219.2	GNPS-NIST14-MATCHES	temp/spectra_filtered.mgf810	-1	GNPS-NIST14-MATCHES.mgf	3.68923				7	0	0.000808716	219.211	0	CCMSLIB00003135731
732	spectra_filtered.mgf	*..*		:4774	3163	-1	0	282.28	0	0.77418	0	0	1464660.0	94166.1	Spectral Match to 9-Octadecenamide, (Z)- from NIST14 M+H	GNPS-NIST14-MATCHES	temp/spectra_filtered.mgf732	-1	GNPS-NIST14-MATCHES.mgf	3.24333				7	0	0.000915527	282.279	0	CCMSLIB00003137650
128	spectra_filtered.mgf	*..*		:1574	9869	-1	0	176.067	1	0.770554	0	0	1487690.0	1015950.0	N-AMIDINO-L-ASPARTATE - 60.0 eV M+H	GNPS-LIBRARY	temp/spectra_filtered.mgf128	-1	GNPS-LIBRARY.mgf	10830.7				6	0	1.90692	174.16	0	CCMSLIB00005884727
832	spectra_filtered.mgf	*..*		:2411	5156	-1	0	281.248	1	0.770538	0	0	3176.0	7125680.0	Spectral Match to Conjugated linoleic Acid (10E,12Z) from NIST14 M+H	GNPS-NIST14-MATCHES	temp/spectra_filtered.mgf832	-1	GNPS-NIST14-MATCHES.mgf	3500.02				9	0	0.984375	280.264	0	CCMSLIB00003139643
796	spectra_filtered.mgf	*..*		:1115	321	-1	0	184.058	0	0.769357	0	0	150380.0	764335.0	3-hydroxybutyroyl glycine [M+Na]+ [M+Na]+	3-HYDROXY-ACYL-AMIDES-LIBRARY	temp/spectra_filtered.mgf796	-1	3-HYDROXY-ACYL-AMIDES-LIBRARY.mgf	4800.53				6	0	0.883575	183.174	0	CCMSLIB00013641135
236	spectra_filtered.mgf	*..*		:1411	128	-1	0	283.175	1	0.764865	0	0	25620800.0	410738.0	Spectral Match to Hexaethylene glycol from NIST14 M+H	GNPS-NIST14-MATCHES	temp/spectra_filtered.mgf236	-1	GNPS-NIST14-MATCHES.mgf	3643.47				7	0	1.03174	284.207	0	CCMSLIB00003134614
934	spectra_filtered.mgf	*..*		:3697	1805	-1	0	270.279	1	0.763632	0	0	8196020.0	498892.0	amylamine-C12:0 M+H	ECG-ACYL-AMIDES-C4-C24-LIBRARY	temp/spectra_filtered.mgf934	-1	ECG-ACYL-AMIDES-C4-C24-LIBRARY.mgf	0.451646				10	0	0.00012207	270.279	0	CCMSLIB00011435259
686	spectra_filtered.mgf	*..*		:5206	5206	-1	0	281.247	1	0.763144	0	0	476.055	1881000.0	MoNA:790536 Linoleic acid M+H	MONA	temp/spectra_filtered.mgf686	-1	MONA.mgf	3496.89				10	0	0.98349	280.264	0	CCMSLIB00000567955
715	spectra_filtered.mgf	*..*		:5206	5206	-1	0	281.247	1	0.760745	0	0	476.055	327944.0	MoNA:790536 Linoleic acid M+H	MONA	temp/spectra_filtered.mgf715	-1	MONA.mgf	3496.89				9	0	0.98349	280.264	0	CCMSLIB00000567955
748	spectra_filtered.mgf	*..*		:270	1024	-1	0	399.251	1	0.759114	0	0	184510000.0	84350.4	MassbankEU:SM824402 Tri(butoxyethyl) phosphate|tris(2-butoxyethyl) phosphate [M+H]+	MASSBANKEU	temp/spectra_filtered.mgf748	-1	MASSBANKEU.mgf	0.993682				7	0	0.000396729	399.251	0	CCMSLIB00000841631
933	spectra_filtered.mgf	*..*		:2075	4135	-1	0	249.257	1	0.757132	0	0	822224.0	143272.0	Spectral Match to cis,cis-9,12-Octadecadien-1-ol from NIST14 M+H-H2O	GNPS-NIST14-MATCHES	temp/spectra_filtered.mgf933	-1	GNPS-NIST14-MATCHES.mgf	7943.28				7	0	1.97992	251.237	0	CCMSLIB00003138622
845	spectra_filtered.mgf	*..*		:5156	1132	-1	0	338.343	0	0.756368	0	0	175581.0	71423.1	Spectral Match to 13-Docosenamide, (Z)- from NIST14 M+H	GNPS-NIST14-MATCHES	temp/spectra_filtered.mgf845	-1	GNPS-NIST14-MATCHES.mgf	2796.83				7	0	0.946289	339.289	0	CCMSLIB00003135618
647	spectra_filtered.mgf	*..*		:2446	6916	-1	0	315.254	1	0.755481	0	0	57400.0	148481.0	NCGC00381425-01!8-hydroxy-8-(3-octyloxiran-2-yl)octanoic acid [IIN-based on: CCMSLIB00000846585] [M+H]+	GNPS-NIH-NATURALPRODUCTSLIBRARY_ROUND2_POSITIVE	temp/spectra_filtered.mgf647	-1	GNPS-NIH-NATURALPRODUCTSLIBRARY_ROUND2_POSITIVE.mgf	3125.0				10	0	0.985168	314.269	0	CCMSLIB00005722212
1038	spectra_filtered.mgf	*..*		:15473	15473	-1	0	801.685	1	0.755073	0	0	905023.0	260285.0	SM(d18:1/23:0); [M+H]+ C46H94N2O6P1 M+H	PNNL-LIPIDS-POSITIVE	temp/spectra_filtered.mgf1038	-1	PNNL-LIPIDS-POSITIVE.mgf	1332.57				6	0	1.0683	800.617	0	CCMSLIB00010085168
725	spectra_filtered.mgf	*..*		:3151	1400	-1	0	311.257	1	0.752815	0	0	102171.0	87118.8	Spectral Match to Monopalmitolein (9c) from NIST14 M+H-H2O	GNPS-NIST14-MATCHES	temp/spectra_filtered.mgf725	-1	GNPS-NIST14-MATCHES.mgf	3.03943				7	0	0.000946045	311.258	0	CCMSLIB00003135887
617	spectra_filtered.mgf	*..*		:121	121	-1	0	160.097	0	0.752622	0	0	1944100.0	663172.0	Candidate Valine-C2:0 (delta mass:42.0104) M+H	GNPS-N-ACYL-LIPIDS-MASSQL	temp/spectra_filtered.mgf617	-1	GNPS-N-ACYL-LIPIDS-MASSQL.mgf	523.727				6	0	0.083847	160.181	0	CCMSLIB00016338526
1030	spectra_filtered.mgf	*..*		:1319	4493	-1	0	631.195	1	0.752435	0	0	2952160.0	339644.0	Contaminant vial septum ThermoFisher C5000-44B M+NH4	GNPS-LIBRARY	temp/spectra_filtered.mgf1030	-1	GNPS-LIBRARY.mgf	3043.95				18	0	1.92133	629.274	0	CCMSLIB00005435818
1089	spectra_filtered.mgf	*..*		:7852	26315	-1	0	685.174	1	0.751545	0	0	603.568	502722.0	7-[(2S,3R,4S,5S,6R)-4,5-dihydroxy-3-[(2R,3R,4R,5R,6S)-3,4,5-trihydroxy-6-methyloxan-2-yl]oxy-6-[[(2R,3R,4R,5R,6S)-3,4,5-trihydroxy-6-methyloxan-2-yl]oxymethyl]oxan-2-yl]oxy-6-methoxychromen-2-one [M+K]+	MONA	temp/spectra_filtered.mgf1089	-1	MONA.mgf	1416.55				14	0	0.970581	684.203	0	CCMSLIB00004698915
651	spectra_filtered.mgf	*..*		:5206	5206	-1	0	281.247	1	0.751068	0	0	476.055	111680.0	MoNA:790536 Linoleic acid M+H	MONA	temp/spectra_filtered.mgf651	-1	MONA.mgf	3497.0				7	0	0.983521	280.263	0	CCMSLIB00000567955
998	spectra_filtered.mgf	*..*		:1120	893	-1	0	311.257	1	0.749952	0	0	651644.0	308010.0	Spectral Match to Monopalmitolein (9c) from NIST14 M+H-H2O	GNPS-NIST14-MATCHES	temp/spectra_filtered.mgf998	-1	GNPS-NIST14-MATCHES.mgf	3041.49				8	0	0.946686	310.31	0	CCMSLIB00003135379
730	spectra_filtered.mgf	*..*		:3121	131	-1	0	280.225	1	0.748182	0	0	55885.2	247212.0	3-hydroxydecanoyl amylamine [M+Na]+ [M+Na]+	3-HYDROXY-ACYL-AMIDES-LIBRARY	temp/spectra_filtered.mgf730	-1	3-HYDROXY-ACYL-AMIDES-LIBRARY.mgf	3543.95				8	0	0.993103	279.232	0	CCMSLIB00013640932
164	spectra_filtered.mgf	*..*		:44647	145086	-1	0	273.135	1	0.747831	0	0	152.671	449561.0	Z1517763249 [M+H]+	MSNLIB-POSITIVE	temp/spectra_filtered.mgf164	-1	MSNLIB-POSITIVE.mgf	3568.01				6	0	0.974548	272.16	0	CCMSLIB00012818948
1021	spectra_filtered.mgf	*..*		:17031	17031	-1	0	744.554	1	0.747365	0	0	922098.0	370301.0	PE(18:1/18:1); [M+H]+ C41H79N1O8P1 M+H	PNNL-LIPIDS-POSITIVE	temp/spectra_filtered.mgf1021	-1	PNNL-LIPIDS-POSITIVE.mgf	0.163951				8	0	0.00012207	744.554	0	CCMSLIB00010088372
936	spectra_filtered.mgf	*..*		:48506	60505	-1	0	391.321	1	0.746205	0	0	26616.0	178159.0	Massbank:AU252706 Octyl-3,5-di-tert-butyl-4-hydroxyhydrocinnamate|Octyl-3,5-di-tert-butyl-4-hydroxy-hydrocinnamate|octyl 3-(3,5-ditert-butyl-4-hydroxyphenyl)propanoate M+H	MASSBANK	temp/spectra_filtered.mgf936	-1	MASSBANK.mgf	2688.96				6	0	1.05225	392.373	0	CCMSLIB00005774057
229	spectra_filtered.mgf	*..*		:2718	3164	-1	0	151.061	1	0.74609	0	0	3827180.0	52513.5	6-methoxypurine, oxamethane CollisionEnergy:102040 M+H	BERKELEY-LAB	temp/spectra_filtered.mgf229	-1	BERKELEY-LAB.mgf	6591.66				6	0	0.995743	152.057	0	CCMSLIB00010105152
671	spectra_filtered.mgf	*..*		:5206	5206	-1	0	281.247	1	0.744636	0	0	476.055	2237960.0	MoNA:790536 Linoleic acid M+H	MONA	temp/spectra_filtered.mgf671	-1	MONA.mgf	3496.89				9	0	0.98349	280.264	0	CCMSLIB00000567955
767	spectra_filtered.mgf	*..*		:3121	131	-1	0	280.225	1	0.74431	0	0	55885.2	461366.0	3-hydroxydecanoyl amylamine [M+Na]+ [M+Na]+	3-HYDROXY-ACYL-AMIDES-LIBRARY	temp/spectra_filtered.mgf767	-1	3-HYDROXY-ACYL-AMIDES-LIBRARY.mgf	137.546				9	0	0.0385437	280.264	0	CCMSLIB00013640932
942	spectra_filtered.mgf	*..*		:2387	4488	-1	0	307.262	1	0.743274	0	0	543562.0	150835.0	Spectral Match to 15-HEDE from NIST14 M+H-H2O	GNPS-NIST14-MATCHES	temp/spectra_filtered.mgf942	-1	GNPS-NIST14-MATCHES.mgf	3360.73				8	0	1.03262	308.295	0	CCMSLIB00003138975
863	spectra_filtered.mgf	*..*		:3476	483	-1	0	376.318	1	0.740659	0	0	47100.6	293660.0	3-hydroxyhexadecanoyl phenethylamine [M+H]+ [M+H]+	3-HYDROXY-ACYL-AMIDES-LIBRARY	temp/spectra_filtered.mgf863	-1	3-HYDROXY-ACYL-AMIDES-LIBRARY.mgf	2678.9				6	0	1.00812	377.326	0	CCMSLIB00013641307
996	spectra_filtered.mgf	*..*		:1200	1431	-1	0	161.1	0	0.740395	0	0	1260150.0	56628.9	Spectral Match to 5.alpha.-Androsterone from NIST14 161.1	GNPS-NIST14-MATCHES	temp/spectra_filtered.mgf996	-1	GNPS-NIST14-MATCHES.mgf	11216.5				6	0	1.80698	162.907	0	CCMSLIB00003135918
896	spectra_filtered.mgf	*..*		:3454	21917	-1	0	213.097	1	0.739552	0	0	407.136	172528.0	Perseitol [M+H]+	MONA	temp/spectra_filtered.mgf896	-1	MONA.mgf	8875.21				6	0	1.89128	211.206	0	CCMSLIB00004694517
760	spectra_filtered.mgf	*..*		:2326	6918	-1	0	297.243	1	0.738153	0	0	215400.0	188831.0	NCGC00381425-01!8-hydroxy-8-(3-octyloxiran-2-yl)octanoic acid [IIN-based on: CCMSLIB00000846585] [M-H2O+H]+	GNPS-NIH-NATURALPRODUCTSLIBRARY_ROUND2_POSITIVE	temp/spectra_filtered.mgf760	-1	GNPS-NIH-NATURALPRODUCTSLIBRARY_ROUND2_POSITIVE.mgf	3312.51				10	0	0.984619	296.258	0	CCMSLIB00005722214
585	spectra_filtered.mgf	*..*		:2446	7522	-1	0	203.179	1	0.737804	0	0	5870340.0	81851.4	1-methyl-4-methylidene-7-(propan-2-yl)-1,2,3,3a,4,5,6,8a-octahydroazulen-1-ol M-H2O+H	GNPS-LIBRARY	temp/spectra_filtered.mgf585	-1	GNPS-LIBRARY.mgf	9744.03				7	0	1.97978	205.159	0	CCMSLIB00005725033
648	spectra_filtered.mgf	*..*		:2082	1772	-1	0	279.23	1	0.737467	0	0	811549.0	111558.0	Spectral Match to Pinolenic acid from NIST14 M+H	GNPS-NIST14-MATCHES	temp/spectra_filtered.mgf648	-1	GNPS-NIST14-MATCHES.mgf	3517.23				8	0	0.982117	278.248	0	CCMSLIB00003136259
444	spectra_filtered.mgf	*..*		:20	282	-1	0	145.047	1	0.736967	0	0	397558.0	252097.0	ERYTHRITOL M+Na	GNPS-MSMLS	temp/spectra_filtered.mgf444	-1	GNPS-MSMLS.mgf	7500.68				6	0	1.08795	143.959	0	CCMSLIB00005464033
317	spectra_filtered.mgf	*..*		:40248	52247	-1	0	167.107	1	0.733188	0	0	169970.0	470414.0	Massbank:LU079502 6-Pentyl-2H-pyran-2-one|6-pentylpyran-2-one M+H	MASSBANK	temp/spectra_filtered.mgf317	-1	MASSBANK.mgf	1.64361				6	0	0.000274658	167.107	0	CCMSLIB00005765799
836	spectra_filtered.mgf	*..*		:49792	61791	-1	0	363.31	2	0.733128	0	0	108676.0	107501.0	Massbank:AU406506 3,6,9,12-Tetraoxatetracosan-1-ol|Tetraethylene glycol monododecyl ether|2-[2-[2-(2-dodecoxyethoxy)ethoxy]ethoxy]ethanol M+H	MASSBANK	temp/spectra_filtered.mgf836	-1	MASSBANK.mgf	1.09198				8	0	362.304	363.31	0	CCMSLIB00005775343
696	spectra_filtered.mgf	*..*		:5704	17703	-1	0	281.247	1	0.732334	0	0	1011200.0	2057980.0	Massbank:EQ331603 Linoleic acid|(9Z,12Z)-octadeca-9,12-dienoic acid M+H	MASSBANK	temp/spectra_filtered.mgf696	-1	MASSBANK.mgf	3496.89				9	0	0.98349	280.264	0	CCMSLIB00005731255
907	spectra_filtered.mgf	*..*		:9093	9093	-1	0	834.54	1	0.723449	0	0	9457060.0	344841.0	SQDG(16:0/18:3); [M+NH4]+ C43H80N1O12S1 M+NH4	PNNL-LIPIDS-POSITIVE	temp/spectra_filtered.mgf907	-1	PNNL-LIPIDS-POSITIVE.mgf	0.365681				11	0	0.000305176	834.54	0	CCMSLIB00010071724
256	spectra_filtered.mgf	*..*		:672	49913	-1	0	175.096	1	0.722354	0	0	194.0	405440.0	SUBERIC ACID M+H	MONA	temp/spectra_filtered.mgf256	-1	MONA.mgf	5616.51				6	0	0.983429	174.113	0	CCMSLIB00006678942
974	spectra_filtered.mgf	*..*		:5136	2221	-1	0	338.342	1	0.720659	0	0	336668.0	138712.0	Spectral Match to 13-Docosenamide, (Z)- from NIST14 M+H	GNPS-NIST14-MATCHES	temp/spectra_filtered.mgf974	-1	GNPS-NIST14-MATCHES.mgf	1.26276				6	0	0.000427246	338.342	0	CCMSLIB00003136708
368	spectra_filtered.mgf	*..*		:71884	172323	-1	0	200.128	1	0.720116	0	0	643.096	267680.0	2-(2-methylpropyl)-6-oxopiperidine-4-carboxylic acid [M+H]+	MSNLIB-POSITIVE	temp/spectra_filtered.mgf368	-1	MSNLIB-POSITIVE.mgf	9888.69				6	0	1.979	198.149	0	CCMSLIB00012871215
794	spectra_filtered.mgf	*..*		:28759	105710	-1	0	262.102	0	0.717664	0	0	374.739	56808.0	AKOS011690510 [M-H]-	MSNLIB-NEGATIVE	temp/spectra_filtered.mgf794	-1	MSNLIB-NEGATIVE.mgf	3359.94				7	0	0.880646	261.221	0	CCMSLIB00012785119
806	spectra_filtered.mgf	*..*		:54292	131243	-1	0	222.088	0	0.71684	0	0	69.653	57706.4	1-methyl-2-(1-methyl-1H-pyrazol-4-yl)-5-oxopyrrolidine-3-carboxylic acid [M-H]-	MSNLIB-NEGATIVE	temp/spectra_filtered.mgf806	-1	MSNLIB-NEGATIVE.mgf	5032.58				6	0	1.11768	223.206	0	CCMSLIB00012838878
739	spectra_filtered.mgf	*..*		:2297	6919	-1	0	279.233	1	0.714604	0	0	225900.0	303569.0	NCGC00381425-01!8-hydroxy-8-(3-octyloxiran-2-yl)octanoic acid [IIN-based on: CCMSLIB00000846585] [M-2H2O+H]+	GNPS-NIH-NATURALPRODUCTSLIBRARY_ROUND2_POSITIVE	temp/spectra_filtered.mgf739	-1	GNPS-NIH-NATURALPRODUCTSLIBRARY_ROUND2_POSITIVE.mgf	4.04376				8	0	0.00112915	279.232	0	CCMSLIB00005722215
143	spectra_filtered.mgf	*..*		:4151	4597	-1	0	143.033	1	0.713786	0	0	205154.0	1626450.0	Purine CollisionEnergy:102040 M+Na	BERKELEY-LAB	temp/spectra_filtered.mgf143	-1	BERKELEY-LAB.mgf	846.721				6	0	0.121109	143.154	0	CCMSLIB00010106585
872	spectra_filtered.mgf	*..*		:6255	6255	-1	0	257.3	1	0.706243	0	0	5776090.0	304556.0	Massbank:FFF00150 5-beta-Androstane-3-alpha,17-beta-diol|Etiocholane-3-alpha,17-beta-diol [M-2H2O+H]+	MASSBANK	temp/spectra_filtered.mgf872	-1	MASSBANK.mgf	7265.03				7	0	1.86929	259.169	0	CCMSLIB00000213344
747	spectra_filtered.mgf	*..*		:13072	25071	-1	0	279.232	0	0.704639	0	0	16996.0	81623.9	Massbank:RP030402 ?-linolenic acid|linolenic acid|(9Z,12Z,15Z)-octadeca-9,12,15-trienoic acid M+H	MASSBANK	temp/spectra_filtered.mgf747	-1	MASSBANK.mgf	3694.59				7	0	1.03165	280.264	0	CCMSLIB00005738623
751	spectra_filtered.mgf	*..*		:4467	510	-1	0	281.247	1	0.702128	0	0	1270480.0	141976.0	Linoleic acid M+H	LEAFBOT	temp/spectra_filtered.mgf751	-1	LEAFBOT.mgf	3496.67				6	0	0.983429	280.264	0	CCMSLIB00011428767
243	spectra_filtered.mgf	*..*		:4789	5235	-1	0	189.112	1	0.700768	0	0	1274310.0	648027.0	azelaic acid CollisionEnergy:102040 M+H	BERKELEY-LAB	temp/spectra_filtered.mgf243	-1	BERKELEY-LAB.mgf	10406.5				6	0	1.96799	187.144	0	CCMSLIB00010107223
