"feature_id"	"feature"	"VIP"	"LV1"	"LV2"
686	"NA_[686_156.04_4.2]"	1.64172181149477	-0.0861322021287468	0.0527936397741483
687	"glycine betaine_[687_140.07_4.2]"	1.64154158164608	-0.0864657640585875	0.0516547000621287
243	"NA_[243_808.58_1.3]"	1.576098992714	-0.0808318170791363	0.0564958022164605
213	"NA_[213_1545.17_1.1]"	1.57237137821677	-0.0802122293317996	0.0562855605585168
161	"NA_[161_786.6_0.9]"	1.55018363184833	-0.079581807161354	0.0547158401149001
171	"NA_[171_1516.13_0.9]"	1.54059085574336	-0.0785247869200704	0.05504404133021
281	"dioleoyl phosphatidylethanolamine_[281_744.55_1.7]"	1.49962382175849	-0.0767202551852623	0.0531843068435153
160	"NA_[160_1573.2_0.9]"	1.49095874171165	-0.0761376934835021	0.053585842698952
543	"2-aminopteridin-4-ol_[543_186.04_3]"	1.48806038366968	-0.076421634533044	0.0537602173519058
159	"NA_[159_1572.2_0.9]"	1.47935131150742	-0.0756192981891967	0.0531172707760158
680	"N-(D-ribulosyl)-cadaverine(2+)_[680_257.15_4.2]"	1.47687285699187	-0.0764155961951093	0.0510849097077443
244	"NA_[244_704.49_1.3]"	1.46965610456455	-0.0749571173090887	0.0530358278260661
166	"NA_[166_1544.16_0.9]"	1.46872398571707	-0.0751029649752446	0.0523495821623392
162	"(S)-3-Amino-5-methylhexanoic acid_[162_184.07_0.9]"	1.45187842771355	-0.0748424334079979	0.0508140498491812
274	"NA_[274_786.6_1.6]"	1.45006491238207	-0.0743763280399537	0.0515462744560286
284	"NA_[284_1488.1_1.7]"	1.41817443913157	-0.072333047645606	0.0504136365264229
351	"NA_[351_760.55_2]"	1.39951534477732	-0.071388328166802	0.0508375409150134
221	"NA_[221_808.58_1.2]"	1.39536000021222	-0.0725039443154441	0.0486088158564481
173	"NA_[173_1518.15_0.9]"	1.38436341562251	-0.0706609832351383	0.0495391820804249
150	"NA_[150_808.58_0.9]"	1.37818304100175	-0.0736763936767563	0.0386081572756166
267	"5'-S-methyl-5'-thioadenosine_[267_298.1_1.5]"	1.37704210412191	-0.0722551672826756	0.0441119335101622
1	"NA_[1_864.7_0.5]"	1.37170232055533	-0.0701984405807126	0.0488184689036795
350	"NA_[350_706.47_2]"	1.36958754790813	-0.0701430821281454	0.0495257456807841
293	"NA_[293_744.55_1.7]"	1.3680822156954	-0.0701462529992155	0.0466395943952912
212	"NA_[212_1544.16_1.1]"	1.36118318403046	-0.0700330313692376	0.0485766249044651
163	"NA_[163_1545.17_0.9]"	1.35421279900958	-0.0692575380344594	0.0480635276122916
280	"NA_[280_442.46_1.6]"	1.35333308321905	-0.0695871634565	0.0476636014027365
169	"PC(17:1(9Z)/17:1(9Z))_[169_758.57_0.9]"	1.3416335899032	-0.0688591459047488	0.0470532543120376
109	"NA_[109_772.59_0.7]"	1.33694646013246	-0.0684360115580902	0.0480073299561478
1104	"NA_[1104_143.15_10.7]"	1.33391640419852	-0.0760497086749928	-0.0145956796228623
2	"NA_[2_880.72_0.5]"	1.31934822593551	-0.0676320511166203	0.0463008215364115
1105	"NA_[1105_160.18_10.8]"	1.3135309679454	-0.0749086282734584	-0.0141834432776882
542	"NA_[542_164.06_3]"	1.30248768629748	-0.0685386615812803	0.042632281666739
282	"NA_[282_1489.1_1.7]"	1.30084731422562	-0.0670398176447377	0.0454223461553723
677	"NA_[677_120.09_4.2]"	1.29823785089014	-0.0682699313460287	0.0421630890258627
570	"5'-deoxy-5'-(methylsulfinyl)adenosine_[570_314.09_3.4]"	1.29581110493679	-0.0669260269160629	0.0445387518632529
343	"NA_[343_662.44_2]"	1.29560787732793	-0.0662454802782501	0.0464684485761191
355	"NA_[355_734.46_2]"	1.28759625137109	-0.0657651421321798	0.046602028995411
648	"NA_[648_190.01_4.2]"	1.28516003348536	-0.065115479466114	-0.0491405220481215
174	"PC(22:1(11Z)/12:0)_[174_760.58_0.9]"	1.28047746522653	-0.0662944042613216	0.0435674227088063
1129	"NA_[1129_151.04_11.3]"	1.26031614826814	-0.0689876597292556	-0.0355906356386495
1132	"NA_[1132_218.98_11.3]"	1.25629877578839	-0.0663347551917863	-0.0387926487586797
239	"NA_[239_676.46_1.3]"	1.25440666562673	-0.0639836592686402	0.0456281993121998
337	"NA_[337_677.58_1.9]"	1.25200943046448	-0.0672592298971992	0.0331549335466807
369	"NA_[369_789.53_2.1]"	1.25048816797115	-0.0638634107479264	0.045034105549319
253	"NA_[253_690.47_1.4]"	1.2486436474305	-0.0639089957004279	0.0452052336603859
256	"NA_[256_799.57_1.4]"	1.24070833119626	-0.0630685972636396	0.0453341614612167
645	"NA_[645_174.04_4.2]"	1.23833307514707	-0.0632255400050387	-0.0456204287246181
1112	"NA_[1112_222.1_11.1]"	1.23763500249	-0.0707299895580559	-0.000664144328338923
1081	"NA_[1081_263.1_10.5]"	1.23493950846361	-0.0655530861354215	0.0374447302323498
964	"NA_[964_188.18_9.2]"	1.23354391602447	-0.0636854254658926	0.0441162386701959
1130	"NA_[1130_242_11.3]"	1.23000906289147	-0.0665142689464111	-0.0372724358609433
272	"NA_[272_470.49_1.6]"	1.22972807735602	-0.0630541917542	0.0433919969111613
910	"NA_[910_159.15_8.2]"	1.2270384519428	-0.0677499085955633	-0.023319860676867
328	"NA_[328_776.54_1.8]"	1.22624325886453	-0.0623696390215617	0.0445105277135006
215	"phosphocholine_[215_184.07_1.1]"	1.22608167159007	-0.0625480675535795	0.0437768211930511
176	"1,2-dipalmitoleoyl-sn-glycero-3-phosphocholine_[176_730.54_1]"	1.22553549018214	-0.0665312407993472	0.0292234366320645
276	"NA_[276_832.57_1.6]"	1.22203413782479	-0.0624024198113031	0.044365743864779
287	"NA_[287_1462.08_1.7]"	1.21885975098244	-0.0622508347635939	0.0429688846190835
572	"NA_[572_134.12_3.4]"	1.21551789331866	-0.0659806471759363	-0.0316963054955895
1020	"NA_[1020_143.15_10]"	1.21538941384879	-0.0679539012589164	-0.0247489576493032
358	"NA_[358_692.45_2]"	1.21501082477259	-0.0621131279634094	0.0440826203571426
79	"NA_[79_846.44_0.6]"	1.2147205353635	-0.0647562839130339	-0.0367004288536467
459	"NA_[459_303.12_2.6]"	1.21169185311889	-0.0696446431001784	-0.00407985092069556
417	"NA_[417_787.51_2.3]"	1.20544246661523	-0.0614034632601572	0.0437586533440077
348	"NA_[348_756.52_2]"	1.20034190351928	-0.061115495069061	0.0436770649060757
77	"NA_[77_418.22_0.6]"	1.19742104409205	-0.0660954633036138	-0.0250253599035585
1131	"NA_[1131_265.02_11.3]"	1.19492122885273	-0.0653300329341933	-0.0344395073950446
112	"NA_[112_744.55_0.7]"	1.1944420190395	-0.0609127392015584	0.0432760347577023
80	"Val-Ala-Ala_[80_282.14_0.6]"	1.18832674298483	-0.0616074640277645	-0.042896932060889
682	"NA_[682_273.12_4.2]"	1.1872465512556	-0.061212081904773	0.0424796018145209
258	"NA_[258_690.47_1.4]"	1.1856570019147	-0.0610127148942234	0.0427055493004108
218	"NA_[218_730.54_1.1]"	1.18219265017258	-0.0610906798512305	0.0393654182282661
974	"NA_[974_188.18_9.2]"	1.17863204519611	-0.0606687538367798	0.0424043241564067
754	"NA_[754_145.11_4.9]"	1.17792184936729	-0.0596269329136608	-0.0480411281962132
247	"NA_[247_798.56_1.4]"	1.17729998409651	-0.0599166000199416	0.042978665025316
279	"NA_[279_718.47_1.6]"	1.174875484066	-0.0597236552047332	0.0428031015242612
993	"NA_[993_156.15_9.4]"	1.17313674990495	-0.0603576234425236	0.0423077491955178
175	"dioleoyl phosphatidylethanolamine_[175_744.55_0.9]"	1.17184745561081	-0.0607004873109309	0.0402393432041764
991	"NA_[991_174.16_9.4]"	1.1709827630268	-0.0603806904244482	0.0417908961209538
1122	"NA_[1122_160.18_11.3]"	1.17055905314576	-0.0673883063377359	-0.000829652667686997
585	"Grandisin_[585_415.21_3.7]"	1.1686251916095	-0.0637228204173997	-0.028183991512648
167	"NA_[167_733.56_0.9]"	1.16576911385887	-0.0649291897150827	0.0211339936704134
912	"NA_[912_141.14_8.4]"	1.16527668281219	-0.0656218031736411	0.0172333869728797
1117	"NA_[1117_161.18_11.3]"	1.16422678284676	-0.0670282161769099	-0.00176733710536656
586	"Lys-Met-His_[586_432.24_3.7]"	1.16075536126166	-0.063081815603346	-0.0289439747031101
702	"NA_[702_254.16_4.4]"	1.1568093653317	-0.0583486349878962	-0.0462197559714648
907	"NA_[907_143.15_8.1]"	1.15504884033624	-0.0654808460324072	-0.0130883904624679
193	"NA_[193_818.59_1]"	1.15076248046345	-0.0586931188273297	0.042162277733365
583	"2,6-dimethyl-4-[2-[3-[(2-methylpropan-2-yl)oxy]-3-oxoprop-1-enyl]phenyl]-3,4-dihydropyridine-3,5-dicarboxylic acid diethyl ester_[583_473.26_3.6]"	1.14642906743919	-0.0591286584267225	-0.0399831061813741
454	"NA_[454_137.06_2.5]"	1.1456743950898	-0.0638499028328521	-0.0266874825018232
342	"NA_[342_688.46_1.9]"	1.1450177442105	-0.0585198242037796	0.0416763024473932
329	"NA_[329_720.48_1.9]"	1.14465260972987	-0.060221897169794	0.0358173261589317
971	"NA_[971_189.18_9.3]"	1.14382248152979	-0.0588089163988287	0.0413351781293845
1124	"NA_[1124_143.15_11.3]"	1.14354882795357	-0.0659397702696484	-8.12116648528534e-05
502	"NA_[502_303.12_2.8]"	1.14145141341843	-0.0654271946518369	0.00478898976023291
270	"NA_[270_718.47_1.6]"	1.14039340928092	-0.0581718632482615	0.04146517665805
996	"NA_[996_174.16_9.4]"	1.13922662514515	-0.0586846080467835	0.0409260062671726
994	"NA_[994_157.13_9.4]"	1.13748539962187	-0.0586318761549739	0.0408094225156153
72	"NA_[72_135.08_0.6]"	1.1357056922204	-0.0619215688434555	-0.028968581095565
301	"NA_[301_758.53_1.7]"	1.13123984048646	-0.0576090975449937	0.0411436699576923
581	"Lys-Met-His_[581_432.24_3.6]"	1.12908685549477	-0.0621699439515288	-0.0245769861706995
413	"NA_[413_710.46_2.3]"	1.12692902173954	-0.0575736734853745	0.0405971391771171
76	"Grandisin_[76_415.21_0.6]"	1.1199643805272	-0.0616891867465642	-0.025315622109334
456	"NA_[456_137.06_2.5]"	1.11182547343464	-0.0607650873893522	-0.0318137910164175
323	"1,2-di-[(9Z)-hexadecenoyl]-sn-glycero-3-phosphoethanolamine zwitterion_[323_688.49_1.8]"	1.1115105841362	-0.0219077519066779	-0.0838086463569615
257	"NA_[257_798.56_1.4]"	1.11129318165452	-0.0571120300990415	0.040338523382529
307	"NA_[307_759.54_1.7]"	1.10945406716205	-0.056483140899955	0.0404524424889992
1074	"NA_[1074_516.97_10.4]"	1.10848797737493	-0.021799730758467	-0.0833192874169111
10	"NA_[10_728.57_0.5]"	1.10800079359107	-0.0218140731828108	-0.0832496668010604
291	"NA_[291_718.54_1.7]"	1.10605542241068	-0.0425719053505604	-0.066025663496661
697	"NA_[697_415.21_4.4]"	1.10452779149248	-0.0535289485095006	-0.0469603480985072
233	"NA_[233_799.57_1.3]"	1.10293166183728	-0.0558300069061906	0.0402202573226029
613	"NA_[613_415.21_3.8]"	1.10291238855674	-0.0595775485521233	-0.028610158281034
1134	"NA_[1134_146.17_11.3]"	1.10226636563694	-0.0628832884764633	0.0112002848735411
1114	"NA_[1114_208.09_11.1]"	1.09996902862002	-0.0625623322045809	0.0107150576051765
455	"NA_[455_798.51_2.5]"	1.09810275588528	-0.0630017579385136	0.0145601781845906
326	"NA_[326_705.49_1.8]"	1.09796309339785	-0.0391304026528187	-0.0680330005715151
795	"NA_[795_160.18_5.4]"	1.09693275491139	-0.0627388459608188	0.0101164233655568
1077	"NA_[1077_517.97_10.5]"	1.09689046619154	-0.02163703525091	-0.0827206716984824
324	"NA_[324_689.5_1.8]"	1.09636993476938	-0.0216084760140714	-0.0826755533128281
75	"NA_[75_397.2_0.6]"	1.09357367751334	-0.0611317618146086	-0.0203737699661727
1108	"NA_[1108_208.09_11]"	1.09333894141122	-0.0622724627442336	0.00890855223823819
352	"NA_[352_757.52_2]"	1.09328090144969	-0.0556562994417379	0.0399169036313846
73	"NA_[73_432.24_0.6]"	1.09234404703221	-0.05988899430831	-0.025517259492625
303	"NA_[303_1380.01_1.7]"	1.09199684147951	-0.0216364649076207	-0.0824970485480225
1135	"NA_[1135_129.14_11.3]"	1.09114722984096	-0.062130785426051	0.0124832580878045
421	"NA_[421_613.52_2.3]"	1.08929975299079	-0.021574238461731	-0.0823031507158214
580	"NA_[580_415.21_3.6]"	1.08914429710897	-0.0595411744620426	-0.0248651791781766
8	"ubiquinone-8_[8_727.57_0.5]"	1.08882854569322	-0.0214133181542797	-0.0817312708052101
512	"PE(16:1(9Z)/0:0)_[512_474.26_2.9]"	1.08755741707217	-0.021578998421399	-0.0822641915818444
537	"2'-deoxyinosine_[537_275.08_3]"	1.08715515164481	-0.0380375548545395	-0.0701708385921535
292	"NA_[292_719.54_1.7]"	1.08361134102325	-0.0568046892993423	-0.0328914252961459
643	"NA_[643_325.09_4.2]"	1.08139405008885	-0.0450179197483415	-0.0605348188356102
325	"NA_[325_704.49_1.8]"	1.07836778347753	-0.0366214235559516	-0.0680859173367769
240	"NA_[240_816.57_1.3]"	1.07831454096009	-0.0549037371415185	0.0394350689096921
318	"NA_[318_690.51_1.8]"	1.0774669920974	-0.0213267524240925	-0.0812411293004278
755	"NA_[755_156.04_4.9]"	1.07580926355866	-0.0561646202980674	0.0370326558913894
353	"NA_[353_623.54_2]"	1.07511330582893	-0.0211417119483334	-0.0810357507494063
1030	"NA_[1030_370.04_10.4]"	1.06690297583843	-0.0211458396646165	-0.0806474803361323
306	"PE(16:1(9Z)/17:1(9Z))_[306_702.51_1.7]"	1.06579338255741	-0.0209907682303629	-0.0804302102075243
232	"NA_[232_818.59_1.2]"	1.06424321141808	-0.0547743610537248	0.0387316927452733
513	"PE(16:1(9Z)/0:0)_[513_452.28_2.9]"	1.06207962778832	-0.0211386212287914	-0.0804730039961626
297	"NA_[297_760.55_1.7]"	1.06084106364091	-0.0540219644017919	0.0386679212330026
354	"NA_[354_634.41_2]"	1.05987190221069	-0.0411733422226862	-0.0613384565466381
308	"NA_[308_1379_1.8]"	1.05899747488391	-0.021024545390786	-0.0801986526026267
472	"NA_[472_159.03_2.7]"	1.05660723272442	-0.0609745536306833	0.00586194829981771
298	"NA_[298_703.51_1.7]"	1.0565250890756	-0.0208257150365346	-0.0796998406714114
678	"NA_[678_235.17_4.2]"	1.0559781959131	-0.0548526718455201	0.0367519321117418
382	"NA_[382_706.5_2.1]"	1.05513745082366	-0.0206908992795492	-0.0792380812344312
81	"NA_[81_458.25_0.6]"	1.05297282484295	-0.059379763920744	-0.0157904471569272
829	"NA_[829_294.94_5.8]"	1.05280905903556	-0.0604630905845672	-0.0144394932675112
9	"NA_[9_744.59_0.5]"	1.05231457881527	-0.0208104017360223	-0.0792501304071722
340	"NA_[340_622.37_1.9]"	1.05201786851275	-0.060485307832128	0.00175747529070074
899	"NA_[899_186.16_7.9]"	1.0513076071994	-0.0539505939258986	0.0379840534624407
367	"Enniatin-B2_[367_608.39_2.1]"	1.05080483355814	-0.0212864185982156	-0.0785436266277644
220	"NA_[220_801.58_1.1]"	1.05033782003496	-0.0533172572441559	0.0384591312515383
821	"NA_[821_158.96_5.8]"	1.04977595138888	-0.0602335999237811	-0.0143159543331357
310	"1,2-di-[(9Z)-hexadecenoyl]-sn-glycero-3-phosphoethanolamine zwitterion_[310_688.49_1.8]"	1.04876398294165	-0.0207003021271813	-0.0792246704741698
548	"NA_[548_166.07_3.1]"	1.04526663737088	-0.0422946259627421	-0.0612512635104231
1053	"NA_[1053_371.03_10.4]"	1.04265204615802	-0.0206875266887988	-0.0789506737888522
366	"NA_[366_702.47_2.1]"	1.04148821143196	-0.0206054550722317	-0.0783453983144426
309	"NA_[309_689.5_1.8]"	1.04122055397357	-0.0205584758111601	-0.0786829932571771
958	"NA_[958_174.16_9.1]"	1.04047512260689	-0.0536494747250945	0.0371705395547116
834	"NA_[834_227.95_5.8]"	1.04044743556355	-0.0597498875688658	-0.0132490046196429
219	"NA_[219_800.58_1.1]"	1.0402140707487	-0.0528261698130081	0.038077714158155
349	"NA_[349_648.42_2]"	1.039778013557	-0.0541016581176552	0.0347367153997246
396	"NA_[396_252.11_2.2]"	1.03864381527581	-0.0564517874723742	-0.0330335536066811
508	"NA_[508_453.28_2.9]"	1.03774206194311	-0.0206708452567743	-0.0787041739981972
305	"NA_[305_1394.02_1.7]"	1.03759422599515	-0.0203440595346261	-0.0778251337269183
904	"NA_[904_186.16_8.1]"	1.03727380998244	-0.0531787137203972	0.0374757669500025
841	"L-ornithine_[841_155.08_6]"	1.03722855287664	-0.0205496437455879	-0.0784742276858512
265	"NA_[265_712.3_1.5]"	1.03677235690281	-0.0538270825263757	0.0339310019858591
311	"NA_[311_690.51_1.8]"	1.03665798960317	-0.0206082642012084	-0.078356986572339
304	"NA_[304_1377.99_1.7]"	1.03638781244351	-0.0206080048972656	-0.0785338140345058
333	"NA_[333_415.21_1.9]"	1.03584535515391	-0.0595073658074343	-0.010589287125524
536	"2'-deoxyinosine_[536_291.05_3]"	1.03581508171612	-0.0277465758819566	-0.0744110644340006
822	"NA_[822_228.96_5.8]"	1.03362423969775	-0.0591337878679376	-0.0163207538208585
412	"NA_[412_675.42_2.3]"	1.0326280617666	-0.0527960626200498	0.0372335850740342
695	"NA_[695_248.09_4.4]"	1.03023535608595	-0.0575001728701273	-0.0180511508838206
1065	"NA_[1065_515.97_10.4]"	1.02974558898613	-0.0201190700290588	-0.0771274546841385
12	"NA_[12_197.08_0.5]"	1.02972831818605	-0.0331571790575678	-0.0681606462772125
828	"NA_[828_362.93_5.8]"	1.02773401617512	-0.0589445333733691	-0.0145573011728691
1079	"NA_[1079_310.95_10.5]"	1.02633293771879	-0.0200964585088339	-0.0769692008812076
74	"NA_[74_281.14_0.6]"	1.02446479022298	-0.0560271950356039	-0.0256074496753154
453	"NA_[453_550.27_2.5]"	1.02357630278658	-0.0578655803494874	-0.0150666773326052
130	"NA_[130_168.12_0.8]"	1.02202805853731	-0.0582522352293393	-0.0140694287916936
1054	"N,N-dimethyl-5-nitro-6-[3-(trifluoromethyl)phenoxy]pyrimidin-4-amine_[1054_367.04_10.4]"	1.02111931103462	-0.0202458970440898	-0.0773232166823969
362	"NA_[362_639.53_2.1]"	1.01965379858556	-0.020171592972206	-0.0767988660887622
360	"R-(+)-N-[15-methyl-3-(13-methyl-4Z-tetradecenoyloxy)-hexadecanoyl]glycine methyl ester_[360_597.52_2]"	1.01907218712976	-0.0202319205163673	-0.0771921012903829
714	"N2-Acetyl-L-glutaminyl-L-glutamamide_[714_338.14_4.6]"	1.01588660351639	-0.0525042523003204	0.0360444068327438
476	"NA_[476_138.04_2.7]"	1.0158839252773	-0.0578974099488044	-0.0160829073271447
300	"NA_[300_549.49_1.7]"	1.01549133738146	-0.0200923185637158	-0.0768046294747164
170	"NA_[170_772.59_0.9]"	1.01351340980794	-0.0522506534152802	0.0359322022956553
681	"NA_[681_236.17_4.2]"	1.01330768892601	-0.0524953238516653	0.0356707195874626
902	"NA_[902_186.16_8]"	1.0130334115037	-0.0518016360887754	0.0365783071504018
700	"NA_[700_146.09_4.4]"	1.01268161056199	-0.0481197981532697	-0.046023988252205
477	"NA_[477_138.05_2.7]"	1.01253430641357	-0.0580467726284538	-0.0134861201818475
242	"NA_[242_718.5_1.3]"	1.01166439974042	-0.0519694510054126	0.0366457848664065
409	"NA_[409_206.07_2.2]"	1.01061734288627	-0.0340254979585001	-0.0663629626398855
119	"NA_[119_446.25_0.7]"	1.0091797756602	-0.0564989230446766	-0.0229057322596527
965	"NA_[965_157.13_9.1]"	1.00855514293457	-0.0527941432333035	0.0336973285306758
302	"NA_[302_704.52_1.7]"	1.00782738951453	-0.0203920900611498	-0.0753243617982346
541	"1-[(9Z)-hexadecenoyl]glycerol_[541_311.26_3]"	1.00712470704464	-0.0200825749346486	-0.0765552038244309
344	"NA_[344_651.57_2]"	1.00652443013915	-0.0198390094354411	-0.076023622369638
836	"NA_[836_363.93_5.8]"	1.00601561931512	-0.0579117926952092	-0.0121671766356185
278	"1,2-dioleoyl-sn-glycero-3-phospho-N-methylethanolamine zwitterion_[278_758.57_1.6]"	1.00587491600317	-0.051679751687157	0.0358493230321856
172	"NA_[172_1532.16_0.9]"	1.0045730587315	-0.0515814224715545	0.0359463436105976
532	"NA_[532_138.05_3]"	1.00272560766266	-0.0280200014021401	-0.0713095704264216
800	"NA_[800_146.17_5.5]"	0.998845785307511	-0.0561121482590747	-0.00330537217360933
475	"hypoxanthine_[475_137.05_2.7]"	0.998778954930896	-0.0569758123270885	-0.015590424123429
268	"NA_[268_325.32_1.5]"	0.998586876328058	-0.0198456301170944	-0.0755876775311647
533	"hypoxanthine_[533_137.05_3]"	0.998419701985595	-0.0320021712837191	-0.0676214922061201
273	"NA_[273_397.34_1.6]"	0.997925184876654	-0.0197371666038042	-0.0751865699955844
1042	"NA_[1042_143.15_10.3]"	0.997575869171766	-0.0485459744412647	-0.0433318104521837
277	"NA_[277_371.33_1.6]"	0.996476742173599	-0.0198955617907458	-0.074436075789905
767	"NA_[767_122.92_4.9]"	0.994674609709022	-0.0566496082094704	0.01552117581108
1066	"NA_[1066_368.04_10.4]"	0.994366088516583	-0.0195930960564324	-0.0750333394892254
1067	"NA_[1067_370.04_10.4]"	0.993010550582755	-0.0195519736999061	-0.0749108357198484
384	"NA_[384_152.06_2.1]"	0.992671859223645	-0.0340674903673907	-0.0638196023420649
634	"NA_[634_255.09_4.1]"	0.991752319294256	-0.0506777514799939	0.0353370462374065
431	"NA_[431_627.49_2.4]"	0.991130685912932	-0.019481210534216	-0.0742818428160154
646	"NA_[646_152.06_4.2]"	0.988470145818732	-0.0288330463303787	-0.0694554000669933
361	"NA_[361_595.51_2]"	0.98813713327813	-0.0193284348396407	-0.0741548988664178
499	"NA_[499_178.07_2.8]"	0.987819481285452	-0.0354288343139826	-0.0630346229660327
381	"NA_[381_606.38_2.1]"	0.987227272633562	-0.0199725700490184	-0.0737395385267575
425	"NA_[425_655.53_2.4]"	0.985927780229049	-0.0193959288975954	-0.073981298047116
768	"NA_[768_206.89_4.9]"	0.985486001295416	-0.056253118358266	0.0145614105527568
519	"1-hexadecanoyl-sn-glycero-3-phosphoethanolamine zwitterion_[519_454.29_3]"	0.984684236246995	-0.0195956952991903	-0.074685676016067
1048	"NA_[1048_369.04_10.4]"	0.98347124682698	-0.0192173615790052	-0.0737849987088642
644	"NA_[644_627.19_4.2]"	0.983393782868364	-0.0277657858122832	-0.0699138341710012
830	"NA_[830_498.9_5.8]"	0.983000905509477	-0.0563664740083222	-0.0144356379168344
264	"Oleoyl ethylamide_[264_327.34_1.5]"	0.980634307410685	-0.0193774483539677	-0.073992871018522
299	"NA_[299_705.53_1.7]"	0.980087749215773	-0.0193470210839255	-0.0734242481887341
1043	"NA_[1043_161.18_10.3]"	0.979116427992661	-0.0479820402498374	-0.0418288337532762
1055	"NA_[1055_311.12_10.4]"	0.977673784521113	-0.0194216551113797	-0.0742441920181279
814	"NA_[814_499.9_5.8]"	0.975872328521431	-0.056044526725775	-0.0143052449867218
813	"NA_[813_498.9_5.8]"	0.975548799422575	-0.0541635372876072	-0.0228581282361671
1050	"NA_[1050_160.18_10.3]"	0.97514075656359	-0.0463536976146695	-0.0448833381135483
368	"NA_[368_703.47_2.1]"	0.974076912775824	-0.0192879893476183	-0.0733045414698396
1025	"NA_[1025_146.17_10.2]"	0.973020056621809	-0.055784385333817	0.00258143248026561
346	"2-methyl-2E-heptenoic acid_[346_160.13_2]"	0.971914985863715	-0.0500654560137106	0.0349504593893903
486	"NA_[486_466.18_2.7]"	0.971841937317094	-0.0535529802815071	-0.0228455715928886
185	"NA_[185_816.57_1]"	0.971185003881381	-0.0496710641040836	0.0354847802354176
139	"NA_[139_299.16_0.9]"	0.970552327693905	-0.0194365639616867	-0.0739919285006871
503	"PE(17:1(9Z)/0:0)_[503_466.29_2.8]"	0.966086249316967	-0.0191188138291935	-0.0732074956781867
712	"NA_[712_415.21_4.5]"	0.965111495372501	-0.04946831414942	-0.0336345819679247
383	"NA_[383_343.33_2.1]"	0.963983238152167	-0.0189721551070939	-0.0727223280646503
647	"9H-xanthine_[647_135.03_4.2]"	0.962250339277696	-0.0266577536014139	-0.0688982288908011
497	"NA_[497_153.04_2.8]"	0.961497275740487	-0.0502506115789319	0.0323612841623528
370	"NA_[370_549.49_2.1]"	0.959486950827718	-0.0190018003617518	-0.072733346988752
831	"NA_[831_566.89_5.8]"	0.956855709534232	-0.0549131451244585	-0.0140391803424205
487	"NA_[487_449.15_2.7]"	0.956623395896292	-0.0521245362085895	-0.0246784058600961
252	"NA_[252_138.05_1.4]"	0.956365463246973	-0.0220789105581894	-0.0709607982556187
314	"NA_[314_730.5_1.8]"	0.954839653873053	-0.0377784861917142	-0.0542008111400167
3	"NA_[3_896.71_0.5]"	0.954595905372819	-0.0485262295180864	0.0351388272854287
858	"NA_[858_253.08_6.3]"	0.953622171158776	-0.0545265787862597	0.00324209724044641
1064	"NA_[1064_369.04_10.4]"	0.952828931811647	-0.0189014470693889	-0.0722742224858338
649	"NA_[649_153.05_4.2]"	0.95273292980045	-0.0292625983091942	-0.0659226841208519
1045	"NA_[1045_146.17_10.4]"	0.952019638504299	-0.0487660885401859	-0.0345459477837135
313	"NA_[313_676.49_1.8]"	0.948521602118572	-0.018586178664176	-0.0715525565160502
461	"NA_[461_586.22_2.6]"	0.947396931527964	-0.0505059429615598	-0.0293255402692616
294	"PE(17:1(9Z)/17:1(9Z))_[294_716.52_1.7]"	0.946821248955831	-0.0212543551806198	-0.0708157541441515
756	"NA_[756_453.17_4.9]"	0.94627972283771	-0.0535554416705953	-0.010522639104901
289	"adenosine_[289_250.09_1.7]"	0.945447061016924	-0.0542395759082962	0.00565011613369712
665	"2'-deoxyguanosine_[665_268.1_4.2]"	0.945318507454074	-0.0200565236769285	-0.0713756132181375
347	"NA_[347_625.55_2]"	0.945178714409665	-0.0184308201199922	-0.0707363451303023
140	"NA_[140_317.17_0.9]"	0.94445727658889	-0.0189189285341679	-0.0720523856858803
650	"NA_[650_153.06_4.2]"	0.943404902073389	-0.0274274098225787	-0.0664860927793338
479	"NA_[479_178.07_2.7]"	0.942093387879429	-0.0330051277548166	-0.061743325941838
295	"NA_[295_1406.02_1.7]"	0.942027272710316	-0.0188024177947065	-0.0717729655280386
138	"NA_[138_446.25_0.9]"	0.939084460433034	-0.0536666236631843	-0.000697184798658811
385	"NA_[385_611.5_2.1]"	0.938276185871901	-0.0183968537284804	-0.070119383307234
765	"NA_[765_208.88_4.9]"	0.937525499121708	-0.0536012904322056	0.0136352704309096
770	"NA_[770_292.85_4.9]"	0.936858442774733	-0.0534243811204414	0.014436867985383
11	"NA_[11_850.25_0.5]"	0.936706961906984	-0.0521095507761066	-0.0204567371811303
290	"NA_[290_717.53_1.7]"	0.936487556960791	-0.0212511696442605	-0.0698196625665458
706	"NA_[706_283.14_4.5]"	0.936458864765928	-0.0411569349423045	-0.0488428693488793
782	"NA_[782_325.32_5.2]"	0.936064999701753	-0.0181921012707743	-0.0698995612804436
428	"NA_[428_609.48_2.4]"	0.935308144062055	-0.0183537782930364	-0.0699788932173446
623	"NA_[623_224.1_4]"	0.935111886885362	-0.0366457340032372	-0.0566673834855943
1058	"NA_[1058_265.12_10.4]"	0.934433426940297	-0.0185407040079477	-0.0709661356402271
426	"NA_[426_733.47_2.4]"	0.933839682553096	-0.0184796831416108	-0.0702505262941839
250	"Thermophillin_[250_186.08_1.4]"	0.932510508175274	-0.0212014622743207	-0.0695065821677616
667	"NA_[667_290.09_4.2]"	0.931846203763088	-0.0186119683119845	-0.0705560739698271
217	"NA_[217_772.55_1.1]"	0.930995342325939	-0.0472932885911277	0.0343255233991898
332	"NA_[332_718.47_1.9]"	0.930011194046394	-0.0308640458072634	-0.0608866745802918
249	"NA_[249_276.11_1.4]"	0.929540835517691	-0.0237385282848724	-0.067576678804656
608	"NA_[608_285.1_3.9]"	0.929431138451617	-0.0382494241376122	-0.0536096122176377
30	"glycerol phenylbutyrate_[30_548.3_0.5]"	0.928465819734364	-0.0472123329686266	-0.0332506903924001
926	"NA_[926_210.16_8.8]"	0.928211189469754	-0.047466150447437	0.0341874574092234
509	"NA_[509_196.08_2.9]"	0.928062334951223	-0.0310399983521361	-0.0621446058512614
769	"NA_[769_290.85_4.9]"	0.927832527821411	-0.052909053283401	0.0143792802945337
848	"5-methyl-N-(5-methyl-3-isoxazolyl)-3-isoxazolecarboxamide_[848_225.1_6.1]"	0.926900688455549	-0.0383125238815339	-0.0539561421109683
111	"NA_[111_758.57_0.7]"	0.926169162678292	-0.0476394485082579	0.0334702457981267
248	"NA_[248_298.09_1.4]"	0.926112116858433	-0.0199145205367918	-0.0693164206144336
1037	"NA_[1037_266.12_10.4]"	0.924173308100026	-0.0183512186033544	-0.0702089984984468
128	"NA_[128_453.17_0.8]"	0.919511148495103	-0.0476109045766272	-0.0305672277238132
356	"1,2-dioleoylglycerol_[356_603.54_2]"	0.919389726536609	-0.0474119381772272	0.0323887018055093
359	"dioleoyl phosphatidylglycerol_[359_792.58_2]"	0.919252041661344	-0.0474391290283228	0.0323969509258227
791	"NA_[791_146.17_5.4]"	0.917642525817173	-0.0516604416735025	-0.00285257461628677
710	"NA_[710_244.09_4.6]"	0.91720465976677	-0.0457124209708441	-0.0390674476603291
882	"NA_[882_220.07_7.3]"	0.917204374559343	-0.0474383829274246	0.0328977788144267
181	"NA_[181_801.58_1]"	0.915656164554543	-0.0466278320163426	0.0336918555831222
609	"NA_[609_284.1_3.9]"	0.915615627111544	-0.0369282526934295	-0.0537911047647416
812	"NA_[812_362.93_5.8]"	0.90780040218927	-0.0511866766896351	-0.0116500543521179
180	"NA_[180_800.58_1]"	0.907371059242305	-0.0462402591417806	0.0333003593822581
442	"NA_[442_178.07_2.5]"	0.906704255950674	-0.0349812302073271	-0.0552276108035663
373	"S-(-)-N-[14-methyl-3-(13-methyl-4Z-tetradecenoyloxy)pentadecanoyl]glycine_[373_569.49_2.1]"	0.905576502580917	-0.0179607080656114	-0.0688662694990335
668	"NA_[668_306.06_4.2]"	0.905206519763081	-0.0181178479176047	-0.0686084743549632
835	"NA_[835_702.86_5.8]"	0.904018605047174	-0.0520073983171851	-0.0126684984766463
624	"NA_[624_223.09_4]"	0.903891670685688	-0.035334784902823	-0.0550413427632085
438	"NA_[438_864.59_2.4]"	0.901724742242437	-0.0464505785010679	0.0318243708262904
832	"NA_[832_634.88_5.8]"	0.901567329263743	-0.0518561108416937	-0.0126437767600374
427	"NA_[427_494.32_2.4]"	0.897090356595196	-0.046020013352962	0.0337606819555971
1068	"NA_[1068_266.11_10.4]"	0.896878414471105	-0.0177937838802268	-0.0681164993914145
606	"NA_[606_266.09_3.9]"	0.896823238631017	-0.0353127629602427	-0.0536367563700671
371	"NA_[371_738.53_2.1]"	0.895524198388254	-0.017768160418649	-0.06818707875569
1133	"NA_[1133_174.2_11.3]"	0.895476024411356	-0.0468259509869884	-0.0278249676279564
178	"NA_[178_773.55_1]"	0.894746713806422	-0.0455329084142228	0.0329137764567652
363	"NA_[363_575.5_2.1]"	0.89288357946485	-0.0295630268280158	-0.0599896755566531
341	"PS(16:0/15:0)_[341_722.5_1.9]"	0.8925769923285	-0.0176335222425032	-0.0669289371986165
635	"cyclo(L-His-L-Pro)_[635_235.12_4.1]"	0.885683924559407	-0.0183569687564447	-0.0670755265704016
285	"NA_[285_1434.05_1.7]"	0.882167790512472	-0.0175023957955046	-0.067054493834293
96	"NA_[96_308.22_0.6]"	0.881153560331404	-0.044873895627065	-0.0308726244474131
620	"2'-deoxycytidine_[620_228.1_4]"	0.880238254865456	-0.0185050503806629	-0.0659297532245652
33	"glycerol phenylbutyrate_[33_531.27_0.5]"	0.876666960308413	-0.045339208126019	-0.0294654606839005
621	"NA_[621_339.14_4]"	0.876447381135456	-0.0194334807195073	-0.0650651802425697
493	"1-oleoyl phosphatidylethanolamine_[493_480.31_2.8]"	0.873670278469597	-0.0451839375911434	0.0317803551772077
415	"NA_[415_522.36_2.3]"	0.873183110932046	-0.0447750471247535	0.0327060133655544
469	"NA_[469_272.1_2.7]"	0.873016255596587	-0.0502378876324074	-0.0112376895442762
1013	"NA_[1013_174.2_9.9]"	0.870287647533652	-0.0381468675091556	-0.0452711168594199
973	"N(1)-acetylspermidine_[973_210.16_9.2]"	0.869374110445327	-0.044479874428307	0.0319392090499999
953	"NA_[953_1145.42_9]"	0.868986430972565	-0.0174745703152914	-0.0664705907395334
398	"trans-urocanate_[398_139.05_2.2]"	0.867588988236114	-0.0225432556483852	-0.0621237301498069
255	"NA_[255_446.25_1.4]"	0.865800348539324	-0.0379022791353342	-0.0427523211474801
764	"NA_[764_458.77_4.9]"	0.86534149594806	-0.0492173838982558	0.0146543951492257
704	"NA_[704_233.16_4.5]"	0.864584334245102	-0.0455649627570502	0.0288668012222971
940	"N(1)-acetylspermidine_[940_210.16_8.8]"	0.862653927233653	-0.0439874746954435	0.0319646743138798
182	"NA_[182_772.55_1]"	0.859010949582005	-0.0436802610873593	0.0317453712919763
970	"NA_[970_196.14_9.2]"	0.855812803431981	-0.0435200621463521	0.0314765643005758
729	"NA_[729_369.35_4.8]"	0.853841188346439	-0.0170910810772682	-0.0652146957094679
669	"Ethynylbenzene_[669_120.08_4.2]"	0.85238141049537	-0.0239838083278828	-0.0607138570139277
732	"(2E,4E,12Z)-N-Isobutyl-2,4,12-octadecatrienamide_[732_351.34_4.8]"	0.849336788251166	-0.0169973889864457	-0.0648654566638074
492	"NA_[492_191.07_2.8]"	0.848478170663947	-0.0451826848616458	0.0266156951773747
670	"D-phenylalanine_[670_166.09_4.2]"	0.84464836170704	-0.0239249934944964	-0.0600690309592629
226	"NA_[226_816.57_1.3]"	0.844359859492688	-0.0433659159484368	0.0312055451913965
408	"NA_[408_622.37_2.2]"	0.843202331126463	-0.0167293196305307	-0.0632417698324903
746	"NA_[746_325.32_4.8]"	0.842579988550322	-0.0168401646804112	-0.0642005336945078
321	"NA_[321_662.48_1.8]"	0.833260878057672	-0.016561655341681	-0.0635046609711759
177	"NA_[177_123.06_1]"	0.83283512914899	-0.0254394695740649	-0.0573823309232478
134	"NA_[134_170.12_0.8]"	0.831832538605909	-0.0412170055376331	-0.0325689665524318
745	"NA_[745_343.33_4.8]"	0.831685142382277	-0.0165933943085742	-0.0633720324822242
31	"NA_[31_425.36_0.5]"	0.830363567729658	-0.0424416136592538	0.0300979016743363
515	"NA_[515_480.31_2.9]"	0.828743580164675	-0.0450846139045377	0.021259743017124
339	"NA_[339_432.24_1.9]"	0.825797942323982	-0.0470880281360898	0.00047466514631825
823	"NA_[823_770.85_5.8]"	0.825419002826621	-0.0476255599274956	-0.0109799631166494
132	"NA_[132_125.1_0.8]"	0.825094385519242	-0.0408684183563137	-0.0323626678846114
17	"NA_[17_670.47_0.5]"	0.825071624313875	-0.0449896068245359	-0.0188426068085061
495	"NA_[495_631.12_2.8]"	0.82234370698511	-0.0424767205374095	0.0290122823450194
451	"maleamate_[451_133.06_2.5]"	0.822128682404081	-0.0421506317028546	0.0288419601124898
720	"NA_[720_216.17_4.6]"	0.820291288722385	-0.0420136014170192	0.0302553491027322
179	"NA_[179_814.59_1]"	0.817714943429995	-0.0418305544755527	0.0302865657274704
761	"NA_[761_542.73_4.9]"	0.815611599735267	-0.0461864436259663	0.0151582674493423
833	"NA_[833_838.84_5.8]"	0.812906613455929	-0.0468854057764377	-0.0113200857450636
357	"dioleoyl phosphatidylglycerol_[357_775.55_2]"	0.812875226277236	-0.0420120654694267	0.0283198291076933
889	"NA_[889_176.1_7.3]"	0.811829756586638	-0.0420562897057472	0.0291395464482387
13	"NA_[13_760.59_0.5]"	0.810898624208955	-0.0161531585579347	-0.0610158207640167
617	"5',6'-diamino-1,3'-bis(2-deoxy-beta-D-erythro-pentofuranosyl)-4',5'-dihydro[4,4'-bipyrimidine]-2,2'(1H,3'H)-dione_[617_455.19_4]"	0.808701823242344	-0.0157807404724169	-0.0608936670608767
743	"Cyclo(Ala-Ile)_[743_202.16_4.8]"	0.807610002309371	-0.0412688686720323	0.0297498893059456
26	"NA_[26_654.33_0.5]"	0.804086160251014	-0.0432452115842245	-0.0222343609396356
778	"NA_[778_240.11_5.1]"	0.802748102473304	-0.0410527557480487	0.0295737159392732
957	"NA_[957_196.14_9.1]"	0.80172080199073	-0.040805466622595	0.0295175733706245
379	"1,2-di-[(9Z)-hexadecenoyl]glycerol_[379_547.47_2.1]"	0.797439583715575	-0.0157859857272896	-0.0607569416178485
165	"NA_[165_1559.18_0.9]"	0.794342733384933	-0.0408247295150225	0.0285444183528694
879	"NA_[879_159.08_7.3]"	0.793808517751264	-0.0411343007417797	0.0285155460096445
938	"NA_[938_202.19_8.9]"	0.793258149984763	-0.0411361536289988	0.0284857954590748
736	"Ala-His_[736_209.1_4.8]"	0.77994184930272	-0.0215509934365217	-0.0561060473056783
528	"NA_[528_167.09_3]"	0.779901275841092	-0.0444633251400631	-0.0147454657323718
378	"PG(16:1(9Z)/16:1(9Z))_[378_736.51_2.1]"	0.774749382806174	-0.0153768689325096	-0.059177121900976
123	"NA_[123_160.13_0.8]"	0.773428717068874	-0.0378617051623058	-0.0312031327273755
133	"NA_[133_124.11_0.8]"	0.770251441684776	-0.0383695909856187	-0.0301714783864565
824	"NA_[824_906.83_5.8]"	0.769934535340401	-0.0445410029787644	-0.00992154149949447
338	"NA_[338_296.26_1.9]"	0.76630518079375	-0.0429980873096385	-0.0076188320687579
737	"2-hydroxy-4-(methylthio)butanoic acid_[737_133.03_4.8]"	0.754996844705916	-0.0258696374194821	-0.0502072417956367
164	"NA_[164_1558.18_0.9]"	0.754379331686947	-0.0388974087027329	0.0270315283237246
524	"1-[(9E)-octadecenoyl]glycerol_[524_339.29_3]"	0.746895795783831	-0.0384608431815107	0.0277042580973664
739	"NA_[739_150.06_4.8]"	0.742085177105615	-0.0265457173399842	-0.0481442468805638
39	"NA_[39_918.58_0.5]"	0.741728458269245	-0.0417458600604697	-0.0102608844503838
825	"NA_[825_974.81_5.8]"	0.740327620718931	-0.042832301329341	-0.00985720552813254
27	"NA_[27_637.31_0.5]"	0.735982680762165	-0.0396877532392468	-0.0200796854236081
930	"NA_[930_175.12_8.8]"	0.727738530694412	-0.0218651387016079	-0.0512722751398726
484	"NA_[484_435.17_2.7]"	0.723870785509193	-0.0403228486853978	0.0160698973189233
404	"1-(9Z-nonadecenoyl)-glycero-3-phosphoethanolamine_[404_494.32_2.2]"	0.715097294089522	-0.0367975745199584	0.0265218615183852
589	"NA_[589_137.05_3.7]"	0.713149720990426	-0.0411314868279796	0.0101137441359472
924	"NA_[924_175.12_8.7]"	0.701486901123126	-0.0213124617683648	-0.0495518538051252
779	"NA_[779_701.41_5.1]"	0.69694072886201	-0.0281127402553726	-0.0396629724532297
827	"NA_[827_1110.79_5.8]"	0.688820084379184	-0.0399719202947725	-0.00880928181720529
1056	"NA_[1056_174.2_10.4]"	0.688702641858179	-0.0237155390309505	-0.0438327425829526
820	"NA_[820_1042.8_5.8]"	0.688204445353909	-0.0399596780595276	-0.00856624428959718
826	"NA_[826_1178.78_5.8]"	0.677343612780328	-0.0390929689973965	-0.0105966409083064
101	"NA_[101_330.26_0.7]"	0.67366532839411	-0.0350407364466825	-0.0214308528668531
144	"(E,E)-2-methyl-6-oxohepta-2,4-dienal_[144_139.08_0.9]"	0.671080037867369	-0.0291347773425478	-0.0347627402005728
296	"NA_[296_1434.05_1.7]"	0.660162455099319	-0.0127572460035535	-0.0496249794717881
937	"NA_[937_147.11_8.9]"	0.65621975031313	-0.0170176214451493	-0.0483061701365193
103	"Fusaridioic acid C_[103_344.24_0.7]"	0.654860829770725	-0.0330791214180907	-0.0236285872057574
145	"NA_[145_174.11_0.9]"	0.654118130122562	-0.0278707799383103	-0.0349396495185145
856	"NA_[856_123.06_6.3]"	0.652886454357943	-0.037530439190149	0.00453646653250613
960	"NA_[960_133.1_9.1]"	0.651368057769726	-0.0280228027880921	-0.0361264904135238
657	"NA_[657_276.11_4.2]"	0.644662729609226	-0.0364123451554591	-0.0142742557318188
158	"NA_[158_800.62_0.9]"	0.642871470868695	-0.0333265405075622	0.0228126462375066
730	"NA_[730_188.07_4.8]"	0.641307201873806	-0.0361955684180174	-0.0123528297970435
731	"(E)-3-(indol-3-yl)acrylate(1-)_[731_205.1_4.8]"	0.639754771722442	-0.036045716177967	-0.0125428283983811
143	"(E,E)-2-methyl-6-oxohepta-2,4-dienal_[143_156.1_0.9]"	0.629943096834269	-0.025205703219435	-0.0360970909560084
857	"NA_[857_271.09_6.3]"	0.626927754252106	-0.0360919988995704	0.00477597543198213
288	"PE(17:0/18:2)_[288_730.54_1.7]"	0.622780044199001	-0.0335970721949318	0.0172399103729228
817	"NA_[817_1246.76_5.8]"	0.6219453185441	-0.0362525961074754	-0.00638167284130585
137	"(11E,15Z)-9,10,13-trihydroxyoctadeca-11,15-dienoic acid_[137_346.26_0.9]"	0.621849104058346	-0.030770454106681	-0.0243372712286375
156	"NA_[156_1587.21_0.9]"	0.620305294859957	-0.0320324121189087	0.0223218905182323
865	"NA_[865_168.07_6.5]"	0.616155559930511	-0.0316311837662244	0.0229687898200848
523	"(S,S)-3-oleoylglycero-1-phospho-1'-glycerol(1-)_[523_511.3_3]"	0.610816123227072	-0.0315753430326044	0.0229559901304969
155	"NA_[155_1586.21_0.9]"	0.609655308221423	-0.0314819092294999	0.0220098841100357
238	"NA_[238_212.13_1.3]"	0.60474979307905	-0.0244920577328082	-0.0341425430316631
658	"NA_[658_294.12_4.2]"	0.603797899456747	-0.0344915943685647	-0.0109055367680304
186	"NA_[186_187.14_1]"	0.599299167487772	-0.021613857941495	-0.0377547616612628
365	"DG(20:0/14:1(9Z)/0:0)_[365_577.52_2.1]"	0.599227560007128	-0.0311055671069288	0.0210880572032517
883	"NA_[883_198.08_7.3]"	0.5902913338661	-0.0306814199605146	0.0212920095218785
480	"NA_[480_404.14_2.7]"	0.58848580633621	-0.0339089895944522	0.00639431327989078
423	"1-tetradecyl-2-acetyl-sn-glycero-3-phosphocholine_[423_496.34_2.3]"	0.586055506450125	-0.0301701591729794	0.0221033141341971
485	"NA_[485_718.26_2.7]"	0.565877783670529	-0.032125868862413	0.010109639829642
122	"NA_[122_184.13_0.8]"	0.565843057038533	-0.028397584695645	-0.020450618334821
108	"1,2-dioleoyl-sn-glycero-3-phosphocholine(1+)_[108_786.6_0.7]"	0.548885744231123	-0.0284425498743043	0.0197124274885966
483	"adenosine_[483_268.1_2.7]"	0.548788283276662	-0.0313487926914522	0.00844050499081455
661	"N-acetyl-D-muramic acid_[661_316.1_4.2]"	0.540967815012095	-0.0305147796567434	0.00865694144179394
104	"(2-methyl-4,5-ditridecyl-1,4-cyclohexadienyl)methanol_[104_506.53_0.6]"	0.539525980174916	-0.0301051692241687	0.00930791453170194
18	"NA_[18_1142.83_0.5]"	0.532223391149555	-0.0297509162358453	-0.00854552707147677
364	"NA_[364_766.56_2.1]"	0.526324803085524	-0.0274246689591553	0.0184259255390713
440	"NA_[440_838.57_2.5]"	0.517024363159744	-0.0268576028708304	0.0183420497692482
4	"NA_[4_936.75_0.5]"	0.51540876353401	-0.0279771876046093	0.0129437773507131
394	"NA_[394_192.82_2.1]"	0.499427702902635	-0.0259587805949831	-0.0181826025435526
1026	"NA_[1026_174.2_10.2]"	0.481978645543966	-0.0168339590668837	-0.0312566012037541
517	"4-cyanobenzaldehyde_[517_149.07_2.9]"	0.459142506940238	-0.0265758956451247	0.00548380722186606
120	"NA_[120_357.24_0.8]"	0.433176269348273	-0.021175551832792	-0.0166360730619155
786	"NA_[786_123.06_5.2]"	0.414716777195165	-0.0215289988940066	0.0151365748640835
785	"N-ribosylnicotinamide_[785_255.1_5.2]"	0.414607196739365	-0.0215490139035814	0.0150893070014981
151	"NA_[151_814.63_0.9]"	0.386359643563896	-0.0201826377013185	0.0138692421500011
784	"NA_[784_256.1_5.2]"	0.382370698168841	-0.019824094608525	0.0141761613613421
810	"NA_[810_272.16_5.7]"	0.370239310587199	-0.0194125870910049	0.0132737171104426
334	"NA_[334_327.26_1.9]"	0.362569075832866	-0.0193518824088774	-0.0103211852041061
783	"NA_[783_124.06_5.2]"	0.350216328577689	-0.0181817365758357	0.0131162749413862
127	"NA_[127_343.22_0.8]"	0.349532231291101	-0.017173040690355	-0.0137653071605458
466	"NA_[466_257.11_2.6]"	0.346081567246694	-0.018235281422688	0.01268916189028
448	"4-(trimethylammonio)butanoate_[448_146.12_2.5]"	0.338404124466013	-0.0177976206888323	0.0121421230457151
121	"NA_[121_544.36_0.8]"	0.309815931377344	-0.0174936370209905	0.00550500728416953
844	"Ile-Ser-Thr_[844_302.17_6]"	0.245913251671342	-0.0131072917747494	0.00884982489427559
38	"NA_[38_368.42_0.5]"	0.241738304409239	-0.0126092416873829	0.00861599308348242
403	"PC(O-16:0/3:1(2E))_[403_536.37_2.2]"	0.241121802453406	-0.0127579201588456	0.00891713467963713
