"features"	"LV1"	"LV2"
1	-0.0701984405807126	0.0488184689036795
10	-0.0218140731828108	-0.0832496668010604
101	-0.0350407364466825	-0.0214308528668531
1013	-0.0381468675091556	-0.0452711168594199
1020	-0.0679539012589164	-0.0247489576493032
1025	-0.055784385333817	0.00258143248026561
1026	-0.0168339590668837	-0.0312566012037541
103	-0.0330791214180907	-0.0236285872057574
1030	-0.0211458396646165	-0.0806474803361323
1037	-0.0183512186033544	-0.0702089984984468
104	-0.0301051692241687	0.00930791453170194
1042	-0.0485459744412647	-0.0433318104521837
1043	-0.0479820402498374	-0.0418288337532762
1045	-0.0487660885401859	-0.0345459477837135
1048	-0.0192173615790052	-0.0737849987088642
1050	-0.0463536976146695	-0.0448833381135483
1053	-0.0206875266887988	-0.0789506737888522
1054	-0.0202458970440898	-0.0773232166823969
1055	-0.0194216551113797	-0.0742441920181279
1056	-0.0237155390309505	-0.0438327425829526
1058	-0.0185407040079477	-0.0709661356402271
1064	-0.0189014470693889	-0.0722742224858338
1065	-0.0201190700290588	-0.0771274546841385
1066	-0.0195930960564324	-0.0750333394892254
1067	-0.0195519736999061	-0.0749108357198484
1068	-0.0177937838802268	-0.0681164993914145
1074	-0.021799730758467	-0.0833192874169111
1077	-0.02163703525091	-0.0827206716984824
1079	-0.0200964585088339	-0.0769692008812076
108	-0.0284425498743043	0.0197124274885966
1081	-0.0655530861354215	0.0374447302323498
109	-0.0684360115580902	0.0480073299561478
11	-0.0521095507761066	-0.0204567371811303
1104	-0.0760497086749928	-0.0145956796228623
1105	-0.0749086282734584	-0.0141834432776882
1108	-0.0622724627442336	0.00890855223823819
111	-0.0476394485082579	0.0334702457981267
1112	-0.0707299895580559	-0.000664144328338923
1114	-0.0625623322045809	0.0107150576051765
1117	-0.0670282161769099	-0.00176733710536656
112	-0.0609127392015584	0.0432760347577023
1122	-0.0673883063377359	-0.000829652667686997
1124	-0.0659397702696484	-8.12116648528534e-05
1129	-0.0689876597292556	-0.0355906356386495
1130	-0.0665142689464111	-0.0372724358609433
1131	-0.0653300329341933	-0.0344395073950446
1132	-0.0663347551917863	-0.0387926487586797
1133	-0.0468259509869884	-0.0278249676279564
1134	-0.0628832884764633	0.0112002848735411
1135	-0.062130785426051	0.0124832580878045
119	-0.0564989230446766	-0.0229057322596527
12	-0.0331571790575678	-0.0681606462772125
120	-0.021175551832792	-0.0166360730619155
121	-0.0174936370209905	0.00550500728416953
122	-0.028397584695645	-0.020450618334821
123	-0.0378617051623058	-0.0312031327273755
127	-0.017173040690355	-0.0137653071605458
128	-0.0476109045766272	-0.0305672277238132
13	-0.0161531585579347	-0.0610158207640167
130	-0.0582522352293393	-0.0140694287916936
132	-0.0408684183563137	-0.0323626678846114
133	-0.0383695909856187	-0.0301714783864565
134	-0.0412170055376331	-0.0325689665524318
137	-0.030770454106681	-0.0243372712286375
138	-0.0536666236631843	-0.000697184798658811
139	-0.0194365639616867	-0.0739919285006871
140	-0.0189189285341679	-0.0720523856858803
143	-0.025205703219435	-0.0360970909560084
144	-0.0291347773425478	-0.0347627402005728
145	-0.0278707799383103	-0.0349396495185145
150	-0.0736763936767563	0.0386081572756166
151	-0.0201826377013185	0.0138692421500011
155	-0.0314819092294999	0.0220098841100357
156	-0.0320324121189087	0.0223218905182323
158	-0.0333265405075622	0.0228126462375066
159	-0.0756192981891967	0.0531172707760158
160	-0.0761376934835021	0.053585842698952
161	-0.079581807161354	0.0547158401149001
162	-0.0748424334079979	0.0508140498491812
163	-0.0692575380344594	0.0480635276122916
164	-0.0388974087027329	0.0270315283237246
165	-0.0408247295150225	0.0285444183528694
166	-0.0751029649752446	0.0523495821623392
167	-0.0649291897150827	0.0211339936704134
169	-0.0688591459047488	0.0470532543120376
17	-0.0449896068245359	-0.0188426068085061
170	-0.0522506534152802	0.0359322022956553
171	-0.0785247869200704	0.05504404133021
172	-0.0515814224715545	0.0359463436105976
173	-0.0706609832351383	0.0495391820804249
174	-0.0662944042613216	0.0435674227088063
175	-0.0607004873109309	0.0402393432041764
176	-0.0665312407993472	0.0292234366320645
177	-0.0254394695740649	-0.0573823309232478
178	-0.0455329084142228	0.0329137764567652
179	-0.0418305544755527	0.0302865657274704
18	-0.0297509162358453	-0.00854552707147677
180	-0.0462402591417806	0.0333003593822581
181	-0.0466278320163426	0.0336918555831222
182	-0.0436802610873593	0.0317453712919763
185	-0.0496710641040836	0.0354847802354176
186	-0.021613857941495	-0.0377547616612628
193	-0.0586931188273297	0.042162277733365
2	-0.0676320511166203	0.0463008215364115
212	-0.0700330313692376	0.0485766249044651
213	-0.0802122293317996	0.0562855605585168
215	-0.0625480675535795	0.0437768211930511
217	-0.0472932885911277	0.0343255233991898
218	-0.0610906798512305	0.0393654182282661
219	-0.0528261698130081	0.038077714158155
220	-0.0533172572441559	0.0384591312515383
221	-0.0725039443154441	0.0486088158564481
226	-0.0433659159484368	0.0312055451913965
232	-0.0547743610537248	0.0387316927452733
233	-0.0558300069061906	0.0402202573226029
238	-0.0244920577328082	-0.0341425430316631
239	-0.0639836592686402	0.0456281993121998
240	-0.0549037371415185	0.0394350689096921
242	-0.0519694510054126	0.0366457848664065
243	-0.0808318170791363	0.0564958022164605
244	-0.0749571173090887	0.0530358278260661
247	-0.0599166000199416	0.042978665025316
248	-0.0199145205367918	-0.0693164206144336
249	-0.0237385282848724	-0.067576678804656
250	-0.0212014622743207	-0.0695065821677616
252	-0.0220789105581894	-0.0709607982556187
253	-0.0639089957004279	0.0452052336603859
255	-0.0379022791353342	-0.0427523211474801
256	-0.0630685972636396	0.0453341614612167
257	-0.0571120300990415	0.040338523382529
258	-0.0610127148942234	0.0427055493004108
26	-0.0432452115842245	-0.0222343609396356
264	-0.0193774483539677	-0.073992871018522
265	-0.0538270825263757	0.0339310019858591
267	-0.0722551672826756	0.0441119335101622
268	-0.0198456301170944	-0.0755876775311647
27	-0.0396877532392468	-0.0200796854236081
270	-0.0581718632482615	0.04146517665805
272	-0.0630541917542	0.0433919969111613
273	-0.0197371666038042	-0.0751865699955844
274	-0.0743763280399537	0.0515462744560286
276	-0.0624024198113031	0.044365743864779
277	-0.0198955617907458	-0.074436075789905
278	-0.051679751687157	0.0358493230321856
279	-0.0597236552047332	0.0428031015242612
280	-0.0695871634565	0.0476636014027365
281	-0.0767202551852623	0.0531843068435153
282	-0.0670398176447377	0.0454223461553723
284	-0.072333047645606	0.0504136365264229
285	-0.0175023957955046	-0.067054493834293
287	-0.0622508347635939	0.0429688846190835
288	-0.0335970721949318	0.0172399103729228
289	-0.0542395759082962	0.00565011613369712
290	-0.0212511696442605	-0.0698196625665458
291	-0.0425719053505604	-0.066025663496661
292	-0.0568046892993423	-0.0328914252961459
293	-0.0701462529992155	0.0466395943952912
294	-0.0212543551806198	-0.0708157541441515
295	-0.0188024177947065	-0.0717729655280386
296	-0.0127572460035535	-0.0496249794717881
297	-0.0540219644017919	0.0386679212330026
298	-0.0208257150365346	-0.0796998406714114
299	-0.0193470210839255	-0.0734242481887341
3	-0.0485262295180864	0.0351388272854287
30	-0.0472123329686266	-0.0332506903924001
300	-0.0200923185637158	-0.0768046294747164
301	-0.0576090975449937	0.0411436699576923
302	-0.0203920900611498	-0.0753243617982346
303	-0.0216364649076207	-0.0824970485480225
304	-0.0206080048972656	-0.0785338140345058
305	-0.0203440595346261	-0.0778251337269183
306	-0.0209907682303629	-0.0804302102075243
307	-0.056483140899955	0.0404524424889992
308	-0.021024545390786	-0.0801986526026267
309	-0.0205584758111601	-0.0786829932571771
31	-0.0424416136592538	0.0300979016743363
310	-0.0207003021271813	-0.0792246704741698
311	-0.0206082642012084	-0.078356986572339
313	-0.018586178664176	-0.0715525565160502
314	-0.0377784861917142	-0.0542008111400167
318	-0.0213267524240925	-0.0812411293004278
321	-0.016561655341681	-0.0635046609711759
323	-0.0219077519066779	-0.0838086463569615
324	-0.0216084760140714	-0.0826755533128281
325	-0.0366214235559516	-0.0680859173367769
326	-0.0391304026528187	-0.0680330005715151
328	-0.0623696390215617	0.0445105277135006
329	-0.060221897169794	0.0358173261589317
33	-0.045339208126019	-0.0294654606839005
332	-0.0308640458072634	-0.0608866745802918
333	-0.0595073658074343	-0.010589287125524
334	-0.0193518824088774	-0.0103211852041061
337	-0.0672592298971992	0.0331549335466807
338	-0.0429980873096385	-0.0076188320687579
339	-0.0470880281360898	0.00047466514631825
340	-0.060485307832128	0.00175747529070074
341	-0.0176335222425032	-0.0669289371986165
342	-0.0585198242037796	0.0416763024473932
343	-0.0662454802782501	0.0464684485761191
344	-0.0198390094354411	-0.076023622369638
346	-0.0500654560137106	0.0349504593893903
347	-0.0184308201199922	-0.0707363451303023
348	-0.061115495069061	0.0436770649060757
349	-0.0541016581176552	0.0347367153997246
350	-0.0701430821281454	0.0495257456807841
351	-0.071388328166802	0.0508375409150134
352	-0.0556562994417379	0.0399169036313846
353	-0.0211417119483334	-0.0810357507494063
354	-0.0411733422226862	-0.0613384565466381
355	-0.0657651421321798	0.046602028995411
356	-0.0474119381772272	0.0323887018055093
357	-0.0420120654694267	0.0283198291076933
358	-0.0621131279634094	0.0440826203571426
359	-0.0474391290283228	0.0323969509258227
360	-0.0202319205163673	-0.0771921012903829
361	-0.0193284348396407	-0.0741548988664178
362	-0.020171592972206	-0.0767988660887622
363	-0.0295630268280158	-0.0599896755566531
364	-0.0274246689591553	0.0184259255390713
365	-0.0311055671069288	0.0210880572032517
366	-0.0206054550722317	-0.0783453983144426
367	-0.0212864185982156	-0.0785436266277644
368	-0.0192879893476183	-0.0733045414698396
369	-0.0638634107479264	0.045034105549319
370	-0.0190018003617518	-0.072733346988752
371	-0.017768160418649	-0.06818707875569
373	-0.0179607080656114	-0.0688662694990335
378	-0.0153768689325096	-0.059177121900976
379	-0.0157859857272896	-0.0607569416178485
38	-0.0126092416873829	0.00861599308348242
381	-0.0199725700490184	-0.0737395385267575
382	-0.0206908992795492	-0.0792380812344312
383	-0.0189721551070939	-0.0727223280646503
384	-0.0340674903673907	-0.0638196023420649
385	-0.0183968537284804	-0.070119383307234
39	-0.0417458600604697	-0.0102608844503838
394	-0.0259587805949831	-0.0181826025435526
396	-0.0564517874723742	-0.0330335536066811
398	-0.0225432556483852	-0.0621237301498069
4	-0.0279771876046093	0.0129437773507131
403	-0.0127579201588456	0.00891713467963713
404	-0.0367975745199584	0.0265218615183852
408	-0.0167293196305307	-0.0632417698324903
409	-0.0340254979585001	-0.0663629626398855
412	-0.0527960626200498	0.0372335850740342
413	-0.0575736734853745	0.0405971391771171
415	-0.0447750471247535	0.0327060133655544
417	-0.0614034632601572	0.0437586533440077
421	-0.021574238461731	-0.0823031507158214
423	-0.0301701591729794	0.0221033141341971
425	-0.0193959288975954	-0.073981298047116
426	-0.0184796831416108	-0.0702505262941839
427	-0.046020013352962	0.0337606819555971
428	-0.0183537782930364	-0.0699788932173446
431	-0.019481210534216	-0.0742818428160154
438	-0.0464505785010679	0.0318243708262904
440	-0.0268576028708304	0.0183420497692482
442	-0.0349812302073271	-0.0552276108035663
448	-0.0177976206888323	0.0121421230457151
451	-0.0421506317028546	0.0288419601124898
453	-0.0578655803494874	-0.0150666773326052
454	-0.0638499028328521	-0.0266874825018232
455	-0.0630017579385136	0.0145601781845906
456	-0.0607650873893522	-0.0318137910164175
459	-0.0696446431001784	-0.00407985092069556
461	-0.0505059429615598	-0.0293255402692616
466	-0.018235281422688	0.01268916189028
469	-0.0502378876324074	-0.0112376895442762
472	-0.0609745536306833	0.00586194829981771
475	-0.0569758123270885	-0.015590424123429
476	-0.0578974099488044	-0.0160829073271447
477	-0.0580467726284538	-0.0134861201818475
479	-0.0330051277548166	-0.061743325941838
480	-0.0339089895944522	0.00639431327989078
483	-0.0313487926914522	0.00844050499081455
484	-0.0403228486853978	0.0160698973189233
485	-0.032125868862413	0.010109639829642
486	-0.0535529802815071	-0.0228455715928886
487	-0.0521245362085895	-0.0246784058600961
492	-0.0451826848616458	0.0266156951773747
493	-0.0451839375911434	0.0317803551772077
495	-0.0424767205374095	0.0290122823450194
497	-0.0502506115789319	0.0323612841623528
499	-0.0354288343139826	-0.0630346229660327
502	-0.0654271946518369	0.00478898976023291
503	-0.0191188138291935	-0.0732074956781867
508	-0.0206708452567743	-0.0787041739981972
509	-0.0310399983521361	-0.0621446058512614
512	-0.021578998421399	-0.0822641915818444
513	-0.0211386212287914	-0.0804730039961626
515	-0.0450846139045377	0.021259743017124
517	-0.0265758956451247	0.00548380722186606
519	-0.0195956952991903	-0.074685676016067
523	-0.0315753430326044	0.0229559901304969
524	-0.0384608431815107	0.0277042580973664
528	-0.0444633251400631	-0.0147454657323718
532	-0.0280200014021401	-0.0713095704264216
533	-0.0320021712837191	-0.0676214922061201
536	-0.0277465758819566	-0.0744110644340006
537	-0.0380375548545395	-0.0701708385921535
541	-0.0200825749346486	-0.0765552038244309
542	-0.0685386615812803	0.042632281666739
543	-0.076421634533044	0.0537602173519058
548	-0.0422946259627421	-0.0612512635104231
570	-0.0669260269160629	0.0445387518632529
572	-0.0659806471759363	-0.0316963054955895
580	-0.0595411744620426	-0.0248651791781766
581	-0.0621699439515288	-0.0245769861706995
583	-0.0591286584267225	-0.0399831061813741
585	-0.0637228204173997	-0.028183991512648
586	-0.063081815603346	-0.0289439747031101
589	-0.0411314868279796	0.0101137441359472
606	-0.0353127629602427	-0.0536367563700671
608	-0.0382494241376122	-0.0536096122176377
609	-0.0369282526934295	-0.0537911047647416
613	-0.0595775485521233	-0.028610158281034
617	-0.0157807404724169	-0.0608936670608767
620	-0.0185050503806629	-0.0659297532245652
621	-0.0194334807195073	-0.0650651802425697
623	-0.0366457340032372	-0.0566673834855943
624	-0.035334784902823	-0.0550413427632085
634	-0.0506777514799939	0.0353370462374065
635	-0.0183569687564447	-0.0670755265704016
643	-0.0450179197483415	-0.0605348188356102
644	-0.0277657858122832	-0.0699138341710012
645	-0.0632255400050387	-0.0456204287246181
646	-0.0288330463303787	-0.0694554000669933
647	-0.0266577536014139	-0.0688982288908011
648	-0.065115479466114	-0.0491405220481215
649	-0.0292625983091942	-0.0659226841208519
650	-0.0274274098225787	-0.0664860927793338
657	-0.0364123451554591	-0.0142742557318188
658	-0.0344915943685647	-0.0109055367680304
661	-0.0305147796567434	0.00865694144179394
665	-0.0200565236769285	-0.0713756132181375
667	-0.0186119683119845	-0.0705560739698271
668	-0.0181178479176047	-0.0686084743549632
669	-0.0239838083278828	-0.0607138570139277
670	-0.0239249934944964	-0.0600690309592629
677	-0.0682699313460287	0.0421630890258627
678	-0.0548526718455201	0.0367519321117418
680	-0.0764155961951093	0.0510849097077443
681	-0.0524953238516653	0.0356707195874626
682	-0.061212081904773	0.0424796018145209
686	-0.0861322021287468	0.0527936397741483
687	-0.0864657640585875	0.0516547000621287
695	-0.0575001728701273	-0.0180511508838206
697	-0.0535289485095006	-0.0469603480985072
700	-0.0481197981532697	-0.046023988252205
702	-0.0583486349878962	-0.0462197559714648
704	-0.0455649627570502	0.0288668012222971
706	-0.0411569349423045	-0.0488428693488793
710	-0.0457124209708441	-0.0390674476603291
712	-0.04946831414942	-0.0336345819679247
714	-0.0525042523003204	0.0360444068327438
72	-0.0619215688434555	-0.028968581095565
720	-0.0420136014170192	0.0302553491027322
729	-0.0170910810772682	-0.0652146957094679
73	-0.05988899430831	-0.025517259492625
730	-0.0361955684180174	-0.0123528297970435
731	-0.036045716177967	-0.0125428283983811
732	-0.0169973889864457	-0.0648654566638074
736	-0.0215509934365217	-0.0561060473056783
737	-0.0258696374194821	-0.0502072417956367
739	-0.0265457173399842	-0.0481442468805638
74	-0.0560271950356039	-0.0256074496753154
743	-0.0412688686720323	0.0297498893059456
745	-0.0165933943085742	-0.0633720324822242
746	-0.0168401646804112	-0.0642005336945078
75	-0.0611317618146086	-0.0203737699661727
754	-0.0596269329136608	-0.0480411281962132
755	-0.0561646202980674	0.0370326558913894
756	-0.0535554416705953	-0.010522639104901
76	-0.0616891867465642	-0.025315622109334
761	-0.0461864436259663	0.0151582674493423
764	-0.0492173838982558	0.0146543951492257
765	-0.0536012904322056	0.0136352704309096
767	-0.0566496082094704	0.01552117581108
768	-0.056253118358266	0.0145614105527568
769	-0.052909053283401	0.0143792802945337
77	-0.0660954633036138	-0.0250253599035585
770	-0.0534243811204414	0.014436867985383
778	-0.0410527557480487	0.0295737159392732
779	-0.0281127402553726	-0.0396629724532297
782	-0.0181921012707743	-0.0698995612804436
783	-0.0181817365758357	0.0131162749413862
784	-0.019824094608525	0.0141761613613421
785	-0.0215490139035814	0.0150893070014981
786	-0.0215289988940066	0.0151365748640835
79	-0.0647562839130339	-0.0367004288536467
791	-0.0516604416735025	-0.00285257461628677
795	-0.0627388459608188	0.0101164233655568
8	-0.0214133181542797	-0.0817312708052101
80	-0.0616074640277645	-0.042896932060889
800	-0.0561121482590747	-0.00330537217360933
81	-0.059379763920744	-0.0157904471569272
810	-0.0194125870910049	0.0132737171104426
812	-0.0511866766896351	-0.0116500543521179
813	-0.0541635372876072	-0.0228581282361671
814	-0.056044526725775	-0.0143052449867218
817	-0.0362525961074754	-0.00638167284130585
820	-0.0399596780595276	-0.00856624428959718
821	-0.0602335999237811	-0.0143159543331357
822	-0.0591337878679376	-0.0163207538208585
823	-0.0476255599274956	-0.0109799631166494
824	-0.0445410029787644	-0.00992154149949447
825	-0.042832301329341	-0.00985720552813254
826	-0.0390929689973965	-0.0105966409083064
827	-0.0399719202947725	-0.00880928181720529
828	-0.0589445333733691	-0.0145573011728691
829	-0.0604630905845672	-0.0144394932675112
830	-0.0563664740083222	-0.0144356379168344
831	-0.0549131451244585	-0.0140391803424205
832	-0.0518561108416937	-0.0126437767600374
833	-0.0468854057764377	-0.0113200857450636
834	-0.0597498875688658	-0.0132490046196429
835	-0.0520073983171851	-0.0126684984766463
836	-0.0579117926952092	-0.0121671766356185
841	-0.0205496437455879	-0.0784742276858512
844	-0.0131072917747494	0.00884982489427559
848	-0.0383125238815339	-0.0539561421109683
856	-0.037530439190149	0.00453646653250613
857	-0.0360919988995704	0.00477597543198213
858	-0.0545265787862597	0.00324209724044641
865	-0.0316311837662244	0.0229687898200848
879	-0.0411343007417797	0.0285155460096445
882	-0.0474383829274246	0.0328977788144267
883	-0.0306814199605146	0.0212920095218785
889	-0.0420562897057472	0.0291395464482387
899	-0.0539505939258986	0.0379840534624407
9	-0.0208104017360223	-0.0792501304071722
902	-0.0518016360887754	0.0365783071504018
904	-0.0531787137203972	0.0374757669500025
907	-0.0654808460324072	-0.0130883904624679
910	-0.0677499085955633	-0.023319860676867
912	-0.0656218031736411	0.0172333869728797
924	-0.0213124617683648	-0.0495518538051252
926	-0.047466150447437	0.0341874574092234
930	-0.0218651387016079	-0.0512722751398726
937	-0.0170176214451493	-0.0483061701365193
938	-0.0411361536289988	0.0284857954590748
940	-0.0439874746954435	0.0319646743138798
953	-0.0174745703152914	-0.0664705907395334
957	-0.040805466622595	0.0295175733706245
958	-0.0536494747250945	0.0371705395547116
96	-0.044873895627065	-0.0308726244474131
960	-0.0280228027880921	-0.0361264904135238
964	-0.0636854254658926	0.0441162386701959
965	-0.0527941432333035	0.0336973285306758
970	-0.0435200621463521	0.0314765643005758
971	-0.0588089163988287	0.0413351781293845
973	-0.044479874428307	0.0319392090499999
974	-0.0606687538367798	0.0424043241564067
991	-0.0603806904244482	0.0417908961209538
993	-0.0603576234425236	0.0423077491955178
994	-0.0586318761549739	0.0408094225156153
996	-0.0586846080467835	0.0409260062671726
