"feature_id_full","feature_id","feature_mz","feature_rt","sirius_molecularformula"
"100_298.83_0.6",100,298.829046521536,0.60523,NA
"101_255.1_0.6",101,255.097597240216,0.6093179,"C11H14N2O5"
"102_176.1_0.6",102,176.102961561484,0.60665315,"C6H10N2O3"
"1020_679.6_10.2",1020,679.598758542008,10.205156,"C41H75NO5"
"1021_744.55_10.2",1021,744.554136871953,10.222459,"C39H80NO8P"
"1026_786.6_10.2",1026,786.601102049813,10.244782,"C46H81N3O8"
"103_159.08_0.6",103,159.076553132034,0.60622615,"C6H7NO3"
"1036_744.55_10.3",1036,744.554131680231,10.308563,"C39H80NO8P"
"104_284.83_0.6",104,284.83441253998,0.6088632,"C2H4Cl4O2P2"
"105_146.12_0.6",105,146.117559776288,0.60665566,"C7H15NO2"
"106_272.98_0.6",106,272.982320156034,0.614043,"C6H13Cl2O4P"
"107_175.11_0.6",107,175.107756436574,0.6165733,"C7H11NO3"
"1079_504.51_11.1",1079,504.514095256721,11.141134,"C34H62O"
"108_123.06_0.7",108,123.055483962557,0.6511688,"C6H3NO"
"1084_125.09_11.2",1084,125.090372171137,11.2052,NA
"109_302.8_0.6",109,302.800103156122,0.61873025,NA
"1094_504.51_11.3",1094,504.514093757087,11.333272,"C34H62O"
"110_144.1_0.6",110,144.101870115879,0.6148141,"C7H10O2"
"1101_150.1_11.5",1101,150.102631033055,11.543242,"C8H13N3O"
"111_584.2_0.6",111,584.204653598563,0.62528855,"C27H35N3O8S"
"1121_125.09_11.9",1121,125.090343876034,11.907854,NA
"1127_150.1_11.9",1127,150.102629287574,11.940561,"C8H8N2"
"113_600.17_0.6",113,600.174302915676,0.6283073,"C30H31N3O8"
"114_134.12_0.6",114,134.117577333339,0.6300645,"C6H12O2"
"117_136.06_0.6",117,136.061842449442,0.64272684,"C5H2N4"
"118_284.1_0.6",118,284.098984089754,0.64363736,"C10H13N5O5"
"119_573.21_0.6",119,573.214785634843,0.64602697,"C21H38N2O17"
"120_276.12_0.6",120,276.119054084745,0.647047,"C10H14N2O6"
"121_516.69_0.6",121,516.690938940129,0.64706886,NA
"122_152.06_0.6",122,152.056743009975,0.6493152,"C4H6O5"
"123_254.09_0.7",123,254.088369349863,0.65007675,"C9H8N4O4"
"124_196.08_0.7",124,196.082895348489,0.6603766,"C7H6N4O2"
"125_302.17_0.7",125,302.171003805599,0.66447055,"C13H25N3O6"
"126_130.09_0.6",126,130.086402275106,0.64112407,"C6H8O2"
"127_298.1_0.7",127,298.096760319565,0.67603606,"C11H15N5O3S"
"128_174.16_0.7",128,174.160078379477,0.6687491,"C8H16N2O"
"129_123.06_0.7",129,123.055487486718,0.6697561,"C6H3NO"
"130_294.86_0.6",130,294.862896599408,0.6374247,NA
"132_188.18_0.7",132,188.175795971582,0.67348456,"C9H18N2O"
"133_174.15_0.7",133,174.148931785762,0.6841622,"C9H16O2"
"134_192.16_0.7",134,192.159518055161,0.684631,"C9H18O3"
"135_214.14_0.7",135,214.141425588805,0.68559194,"C9H21NO3"
"137_137.05_0.7",137,137.045863895971,0.69401234,"C5H4N4O"
"139_308.09_0.7",139,308.090920633535,0.6991576,"C10H14N2O6S"
"141_129.14_0.7",141,129.138790236458,0.69215286,"C7H16N2"
"142_146.17_0.7",142,146.16517015466,0.6975984,"C7H16N2"
"143_143.15_0.7",143,143.154117964293,0.703361,"C8H18N2"
"144_126.13_0.7",144,126.127908767972,0.70580137,"C8H12"
"145_161.18_0.7",145,161.184018775143,0.7127856,NA
"146_160.18_0.7",146,160.18077410135,0.7107099,"C8H18N2"
"147_161.18_0.7",147,161.178338539319,0.7125353,"C9H19O"
"150_150.06_0.7",150,150.058376935086,0.7180858,"C4H8O3Si"
"151_133.03_0.7",151,133.031878507145,0.71817213,"C5H8O2S"
"153_193.07_0.8",153,193.068055540331,0.7522397,"C5H12BNO4S"
"155_153.04_0.7",155,153.040743789924,0.7298483,"C5H6N4O3"
"158_174.2_0.7",158,174.196501437544,0.7370028,"C9H20N2"
"160_193.07_0.9",160,193.068104716594,0.8650151,"C5H14BNO5S"
"161_182.08_0.9",161,182.081380194565,0.88328665,"C9H8O3"
"164_272.16_1",164,272.160461480195,0.9675315,"C12H18N2O4"
"166_310.22_1",166,310.222297299439,0.97877204,"C14H28O6"
"167_136.06_1",167,136.061859844756,0.98879105,"C5H7N5O"
"168_268.1_1",168,268.104048768297,1.0062627,"C10H13N5O4"
"172_132.1_1.1",172,132.102004400383,1.0687152,NA
"173_133.11_1.1",173,133.105328498972,1.0692437,"C7H16S"
"176_152.06_1.2",176,152.056751318873,1.1802884,"C5H2N4O"
"180_137.05_1.2",180,137.045849827764,1.2346945,"C5H4N4O"
"183_182.08_1.3",183,182.078782039773,1.2962427,"C7H13NO3"
"184_189.05_1.3",184,189.052368754103,1.3171477,NA
"185_151.1_1.3",185,151.096525707755,1.3203027,"C6H14O4"
"186_196.09_1.4",186,196.094508730629,1.3964484,"C8H15NO3"
"188_156.1_1.4",188,156.102029177891,1.3979744,"C8H10O2"
"189_292.21_1.4",189,292.211777672887,1.4050989,"C14H31NO6"
"190_250.09_1.5",190,250.093445658418,1.4997513,"C10H13N5O4"
"191_127.05_1.5",191,127.050348702294,1.5146574,"C5H3NO2"
"192_166.09_1.5",192,166.086288482954,1.5297055,"C9H11NO2"
"193_120.08_1.5",193,120.08098909783,1.5302453,"C8H6"
"194_276.11_1.5",194,276.107839349896,1.5313092,"C11H14O7"
"195_298.09_1.5",195,298.089545721697,1.5326482,"C11H12BNO5S"
"197_156.1_1.5",197,156.102043659954,1.5362347,"C8H10O2"
"199_262.2_1.5",199,262.201327311098,1.546493,"C13H24O4"
"205_262.2_1.7",205,262.201322554238,1.6612624,"C13H24O4"
"206_139.08_1.7",206,139.075435884111,1.6773666,"C8H10O2"
"207_138.09_1.7",207,138.091429051717,1.676155,"C8H8O"
"208_196.09_1.7",208,196.094505329522,1.6763124,"C8H15NO3"
"209_156.1_1.7",209,156.102025112846,1.6768367,"C8H10O2"
"210_299.16_1.7",210,299.160108385794,1.6752441,"C14H19NO5"
"211_219.17_1.7",211,219.169950167831,1.6762065,"C10H19NO3"
"212_218.11_1.7",212,218.107960998097,1.7156562,"C12H9FN2"
"213_186.11_1.7",213,186.112476964909,1.699604,"C9H12O3"
"214_155_1.7",214,155.002831054294,1.7168317,"C6H6ClF"
"215_196.13_1.7",215,196.126037326933,1.7172318,"C7H12F2N2O"
"216_189.16_1.8",216,189.159727970383,1.7579082,"C9H17NO2"
"217_144.1_1.8",217,144.101923142808,1.7580764,"C7H10O2"
"218_233.19_1.8",218,233.185938645642,1.7664123,"C11H21NO3"
"220_210.11_1.8",220,210.110051697875,1.7651801,"C9H17NO3"
"221_170.12_1.8",221,170.117570062118,1.76642,"C9H12O2"
"224_146.12_1.8",224,146.117616164613,1.8209858,"C7H12O2"
"227_136.06_1.9",227,136.061824649395,1.9457157,NA
"229_152.06_2",229,152.05673627428,1.9584106,"C5H7N5O2"
"230_298.1_2",230,298.096809913135,1.9689721,"C11H15N5O3S"
"231_146.06_2",231,146.060094927268,1.9795029,"C9H7NO"
"232_136.06_2",232,136.061820222295,1.9683437,NA
"233_188.07_2",233,188.070589771016,1.9810214,"C11H9NO2"
"234_205.1_2",234,205.097193662618,1.9810214,"C11H9NO2"
"235_256.18_2",235,256.175473478914,2.0112019,"C10H22O6"
"236_284.21_2",236,284.20673897268,2.011725,"C12H26O6"
"237_231.17_2.1",237,231.17032742314,2.0788853,"C11H19NO3"
"238_210.11_2.1",238,210.110096055972,2.0822723,"C9H17NO3"
"239_170.12_2.1",239,170.11756922773,2.0817385,"C9H12O2"
"240_186.11_2.1",240,186.112462017851,2.0783467,"C9H12O3"
"243_187.14_2.2",243,187.144006007453,2.1696188,"C9H15NO2"
"244_184.13_2.2",244,184.133299011986,2.1667728,"C10H14O2"
"245_224.13_2.2",245,224.125750150828,2.1686463,"C10H19NO3"
"247_209.14_2.2",247,209.138405520416,2.227824,"C9H20O5"
"248_305.16_2.2",248,305.156901640703,2.249787,NA
"249_328.23_2.3",249,328.232827629956,2.2513776,"C14H30O7"
"250_239.65_2.3",250,239.654791307431,2.2718134,NA
"252_222.11_2.3",252,222.110056376895,2.2917056,"C10H17NO3"
"254_196.09_2.3",254,196.094513095405,2.2966163,"C8H15NO3"
"255_156.1_2.3",255,156.102030317466,2.2957644,"C8H10O2"
"256_174.11_2.3",256,174.112556468746,2.2958472,"C8H12O3"
"257_139.08_2.3",257,139.075418456121,2.296191,"C8H10O2"
"258_202.14_2.3",258,202.143684030074,2.3480635,"C10H16O3"
"259_439.1_2.4",259,439.101388277963,2.3527377,"C17H21N4O9P"
"260_160.13_2.4",260,160.133375750912,2.3623145,"C8H14O2"
"261_158.12_2.4",261,158.117693403365,2.370123,"C8H12O2"
"262_180.1_2.4",262,180.099489242308,2.3715568,NA
"263_141.09_2.4",263,141.091087327361,2.3704267,"C8H14O3"
"264_203.18_2.4",264,203.175369451249,2.3721893,"C10H19NO2"
"268_200.13_2.5",268,200.128327970273,2.4524267,"C10H14O3"
"271_224.13_2.6",271,224.125689574027,2.5956428,"C10H19NO3"
"272_218.14_2.5",272,218.138769583789,2.5439942,"C10H16O4"
"273_216.12_2.6",273,216.123186713484,2.602959,"C10H14O4"
"274_202.14_2.6",274,202.143692900039,2.5988252,"C10H16O3"
"275_238.2_2.6",275,238.201249670388,2.6120982,"C11H24O4"
"276_193.14_2.6",276,193.143531960394,2.6134355,"C9H20O4"
"277_212.13_2.6",277,212.128220043546,2.6340387,"C11H14O3"
"280_236.13_2.7",280,236.125689486881,2.6827052,"C11H19NO3"
"281_352.19_2.7",281,352.186616479735,2.7114568,"C17H22N2O5"
"283_188.13_2.8",283,188.128133223648,2.8323905,"C9H14O3"
"284_170.12_2.8",284,170.11753724426,2.8323908,"C9H12O2"
"285_233.19_2.8",285,233.185962753188,2.8323908,"C11H21NO3"
"286_210.11_2.8",286,210.110160502618,2.8323905,"C9H17NO3"
"287_124.11_2.8",287,124.112263146436,2.831372,"C8H13N"
"288_142.12_2.8",288,142.122642888152,2.8315487,"C8H12O"
"291_244.15_3",291,244.154317586925,2.9531271,"C12H18O4"
"295_217.19_3",295,217.191145492878,3.014574,"C11H21NO2"
"296_172.13_3",296,172.133192909195,3.0152104,"C9H14O2"
"297_155.11_3",297,155.106701172069,3.0163345,"C9H14O2"
"300_258.17_3.1",300,258.170047752621,3.1278946,"C13H20O4"
"301_230.14_3.1",301,230.138708477448,3.137334,"C11H16O4"
"303_321.13_3.1",303,321.130747653487,3.1418285,NA
"304_564.36_3.1",304,564.359365837255,3.1478794,"C28H52O6P2"
"305_273.22_3.2",305,273.217243598822,3.1757057,"C14H25NO3"
"306_250.14_3.2",306,250.141357692714,3.1761298,"C12H21NO3"
"307_210.15_3.2",307,210.14892757541,3.1761298,"C12H16O2"
"31_214.91_0.5",31,214.91249267304,0.49371797,NA
"311_251.19_3.3",311,251.185296540922,3.3215082,"C12H26O5"
"313_242.14_3.3",313,242.138605492239,3.3435967,"C12H16O4"
"314_184.13_3.3",314,184.133289374003,3.3459811,"C10H14O2"
"315_206.12_3.3",315,206.11522474053,3.3459811,NA
"316_229.19_3.3",316,229.191065075185,3.3459811,"C12H21NO2"
"317_167.11_3.3",317,167.106720560118,3.3453977,"C10H14O2"
"319_344.21_3.4",319,344.206737891078,3.4274707,"C17H26O6"
"321_299.15_3.5",321,299.148900788487,3.4662519,"C13H25ClN2O2"
"322_321.13_3.5",322,321.13077451327,3.4678648,NA
"325_135.08_3.5",325,135.080517919642,3.4916167,"C9H12O2"
"326_619.27_3.5",326,619.272877152675,3.510547,"C30H44O12"
"327_398.07_3.5",327,398.065821999764,3.5090113,NA
"328_129.05_3.5",328,129.05475966784,3.5095234,"C6H10O4"
"329_147.07_3.5",329,147.065191083705,3.5095234,"C6H12O5"
"33_232.92_0.5",33,232.923107356181,0.49290952,NA
"330_135.08_3.5",330,135.080517617846,3.5095234,"C9H12O2"
"331_165.08_3.5",331,165.075784427956,3.5095232,"C6H14O6"
"332_383.1_3.5",332,383.101302655687,3.5090117,"C17H19ClN2O6"
"333_321.13_3.5",333,321.130789475684,3.5100405,"C13H13N5O4"
"334_299.15_3.5",334,299.148928590385,3.5100765,"C15H24O7"
"335_344.21_3.5",335,344.206731639842,3.510594,"C17H26O6"
"336_316.18_3.5",336,316.175600401561,3.5100765,"C15H22O6"
"337_337.1_3.5",337,337.104762857764,3.510041,NA
"338_178.06_3.5",338,178.056842503591,3.5106542,NA
"339_226.14_3.5",339,226.143769205159,3.519097,"C12H16O3"
"341_383.1_3.6",341,383.101360093016,3.614413,"C15H22Cl2N4O2"
"342_178.06_3.6",342,178.056830155856,3.6164,"C9H6NS"
"343_398.07_3.6",343,398.065802239504,3.6177688,"C15H21NO7S"
"344_129.05_3.6",344,129.054739984567,3.6188805,"C6H10O4"
"345_135.08_3.6",345,135.080502809746,3.6186032,"C9H12O2"
"346_147.07_3.6",346,147.065160474322,3.6196518,"C6H12O5"
"347_165.08_3.6",347,165.075770487377,3.6189897,"C6H14O6"
"348_299.15_3.6",348,299.148885416266,3.619968,"C15H24O7"
"349_321.13_3.6",349,321.130756881288,3.6226392,"C13H18N6O5"
"350_337.1_3.6",350,337.104638927795,3.6264477,"C13H19ClN4O3"
"351_344.21_3.6",351,344.206703782944,3.6260538,"C17H26O6"
"352_208.13_3.7",352,208.130815339227,3.6504695,"C10H19NO2"
"355_321.13_3.6",355,321.130753219453,3.6436014,NA
"359_321.13_3.8",359,321.130762399759,3.782553,NA
"360_299.15_3.8",360,299.148889812628,3.7834022,"C15H24O7"
"361_135.08_3.8",361,135.080514522192,3.7835405,"C9H12O2"
"362_344.21_3.8",362,344.206726944302,3.7828965,NA
"363_165.08_3.8",363,165.075779445873,3.7828665,"C6H12O5"
"364_467.3_3.8",364,467.301387933762,3.779598,NA
"368_198.15_3.9",368,198.148999782133,3.9178681,"C11H16O2"
"377_198.15_3.9",377,198.148998255616,3.9350052,"C11H16O2"
"378_220.13_3.9",378,220.130812413437,3.9350052,NA
"379_243.21_3.9",379,243.206684594158,3.9350052,"C13H23NO2"
"380_135.12_3.9",380,135.116900959425,3.9338202,"C10H16O"
"381_221.13_3.9",381,221.134019878848,3.9335518,"C11H13BO3"
"382_181.12_3.9",382,181.122318997149,3.9344485,"C11H16O2"
"391_308.22_4.1",391,308.221873398983,4.121845,"C18H26O3"
"392_310.24_4.2",392,310.237515765968,4.2229176,NA
"395_310.24_4.2",395,310.237512929639,4.2309294,"C18H28O3"
"398_308.22_4.3",398,308.221876866904,4.2683144,"C18H26O3"
"399_348.21_4.3",399,348.214496930921,4.2684436,NA
"4_160.18_0.4",4,160.180843173347,0.44229648,"C8H18N2"
"400_371.29_4.3",400,371.290484149716,4.2678833,"C20H35NO4"
"402_310.24_4.4",402,310.237509717757,4.370938,"C18H28O3"
"403_294.24_4.4",403,294.242732058744,4.436841,"C18H33NO3"
"406_266.21_4.5",406,266.211453362594,4.485207,"C16H24O2"
"407_234.15_4.5",407,234.146433894993,4.488897,"C12H21NO2"
"408_212.16_4.5",408,212.164577880464,4.4901314,"C12H18O2"
"41_255.94_0.5",41,255.939095572398,0.49409848,NA
"410_266.21_4.5",410,266.211453014775,4.50245,"C16H24O2"
"411_144.14_4.6",411,144.138305953962,4.6335716,"C8H14O"
"412_243.21_4.7",412,243.206674800374,4.669673,"C13H23NO2"
"415_310.24_4.8",415,310.237498642578,4.797622,NA
"420_310.24_4.8",420,310.237497012239,4.820379,NA
"431_248.16_5",431,248.162110844805,5.0142617,"C13H23NO2"
"432_226.18_5",432,226.180149468184,5.016976,"C13H20O2"
"435_310.24_5.2",435,310.237504485846,5.155349,"C18H28O3"
"436_266.21_5.2",436,266.211449066703,5.1753087,"C16H24O2"
"44_230.89_0.5",44,230.890139587698,0.49727842,"CH4O4S4"
"453_296.26_5.4",453,296.258366518834,5.3976274,"C18H30O2"
"455_357.31_5.4",455,357.311084267663,5.433522,"C20H42N2O4"
"456_294.24_5.4",456,294.242756488282,5.4341197,"C18H28O2"
"457_334.24_5.4",457,334.235098004591,5.434513,"C16H29N7O2"
"46_143.15_0.5",46,143.15411554069,0.4973343,"C8H18N2"
"464_296.26_5.5",464,296.258328421373,5.513982,"C18H30O2"
"467_451.16_5.5",467,451.164591226503,5.532623,"C22H33ClO5"
"470_334.24_5.5",470,334.23509155574,5.527051,NA
"471_294.24_5.6",471,294.242755820718,5.555622,"C18H28O2"
"473_296.26_5.5",473,296.258327409892,5.5318503,"C18H35NO3"
"474_294.24_5.6",474,294.242750261712,5.574963,"C18H33NO3"
"493_357.31_5.8",493,357.311120595891,5.8342433,"C20H37NO3"
"495_334.24_5.8",495,334.235100960583,5.8342137,NA
"496_294.24_5.8",496,294.242734835781,5.834505,"C18H28O2"
"497_312.25_5.8",497,312.253157704832,5.834302,"C18H30O3"
"50_129.14_0.5",50,129.138826577193,0.5008778,"C7H13N"
"500_332.22_5.8",500,332.219448549681,5.8459973,NA
"502_310.24_5.8",502,310.237523411141,5.8475704,"C18H28O3"
"503_449.15_5.9",503,449.148941068654,5.871483,"C20H30N2O5S"
"51_147.11_0.5",51,147.112754960408,0.5034462,"C6H11NO2"
"510_325.32_5.9",510,325.321220555947,5.9160395,"C20H42N2O2"
"511_343.33_5.9",511,343.331863165081,5.9135127,"C20H39NO2"
"519_357.31_6",519,357.311115635831,6.0125165,"C20H37NO3"
"520_294.24_6",520,294.242730242597,6.011629,"C18H28O2"
"522_312.25_6",522,312.253158516752,6.0118423,"C18H30O3"
"523_334.24_6",523,334.235095072235,6.012409,"C15H33N3O6"
"524_252.23_6",524,252.232196233481,6.020227,"C16H26O"
"525_292.23_6",525,292.225921429307,6.023593,"C16H31NO2"
"53_126.13_0.5",53,126.127957995135,0.50965524,"C8H12"
"539_292.23_6.2",539,292.225447409501,6.1744094,"C16H31NO2"
"54_715.9_0.5",54,715.895396824207,0.51132685,NA
"542_446.25_6.2",542,446.25378730965,6.162129,"C25H32O6"
"543_415.21_6.2",543,415.211529343612,6.1612706,"C24H32O7"
"544_460.27_6.2",544,460.269397460383,6.1612706,"C26H34O6"
"545_453.17_6.2",545,453.167560907327,6.1613874,"C25H17N5O3"
"546_437.19_6.2",546,437.193516303401,6.1617937,"C22H26N6O5"
"547_432.24_6.2",547,432.238239505542,6.1621585,"C24H30O6"
"548_281.14_6.2",548,281.138326290831,6.1615686,"C13H23ClN2O"
"55_189.03_0.5",55,189.032263364549,0.5159447,NA
"552_294.24_6.2",552,294.242728090729,6.2302003,"C18H28O2"
"553_334.24_6.2",553,334.235108052676,6.2303987,"C15H33N3O6"
"555_252.23_6.2",555,252.232196606374,6.2477927,"C16H26O"
"556_292.23_6.2",556,292.225269607669,6.2495747,"C18H26O2"
"557_298.27_6.3",557,298.273973241261,6.257521,"C18H32O2"
"56_146.17_0.5",56,146.165214138485,0.5189834,"C7H16N2"
"564_290.21_6.3",564,290.209013184855,6.3370147,NA
"565_268.23_6.3",565,268.22711146956,6.3365884,"C16H26O2"
"568_296.26_6.4",568,296.258368876896,6.3632283,"C18H30O2"
"57_669.9_0.5",57,669.904435209645,0.5218612,NA
"570_415.21_6.4",570,415.211522734084,6.3734756,"C17H32N6O5S"
"571_460.27_6.4",571,460.269431616141,6.372672,"C26H34O6"
"576_298.27_6.4",576,298.273995799937,6.402541,"C18H32O2"
"577_316.28_6.4",577,316.284533597371,6.4034486,"C18H34O3"
"578_355.3_6.4",578,355.295498054367,6.418195,"C20H35NO3"
"58_161.18_0.5",58,161.184083333612,0.5224031,NA
"580_292.23_6.4",580,292.227044678985,6.4174333,"C18H26O2"
"581_332.22_6.4",581,332.219507927998,6.418396,NA
"582_432.25_6.4",582,432.25122691838,6.4199104,NA
"583_387.19_6.4",583,387.19323069987,6.4217615,"C21H32O4"
"587_459.26_6.5",587,459.257569052969,6.475516,"C25H29F2N3O2"
"588_295.12_6.5",588,295.117665732029,6.474141,"C15H20O7"
"589_397.2_6.5",589,397.200989603338,6.4746227,"C24H30O6"
"59_423.06_0.5",59,423.062603750371,0.52195656,"C19H13F5O4"
"590_446.25_6.5",590,446.253715879025,6.4746184,"C25H32O6"
"591_458.25_6.5",591,458.254135205729,6.4746227,"C26H32O6"
"592_155_6.5",592,155.002821495603,6.476029,"C6H6ClF"
"593_462.25_6.5",593,462.248392525593,6.4760194,"C25H32O7"
"594_514.13_6.5",594,514.128716834686,6.475101,NA
"595_281.14_6.5",595,281.13836933135,6.475101,"C15H22O6"
"596_437.19_6.5",596,437.193155969376,6.475098,"C22H26N6O5"
"597_415.21_6.5",597,415.211865958556,6.475101,"C24H32O7"
"598_453.17_6.5",598,453.167640678823,6.475098,NA
"599_460.27_6.5",599,460.26933690589,6.475098,"C26H34O6"
"60_668.9_0.5",60,668.902329677413,0.52195656,NA
"600_502.28_6.5",600,502.279946642778,6.475098,"C28H36O7"
"601_476.26_6.5",601,476.264179545268,6.475064,"C26H34O7"
"602_135.08_6.5",602,135.080482705277,6.475101,"C9H12O2"
"603_846.44_6.5",603,846.442765851628,6.475101,"C46H65NO12"
"604_432.24_6.5",604,432.238378227809,6.475577,"C24H30O6"
"605_867.37_6.5",605,867.371816238124,6.4748735,NA
"606_851.4_6.5",606,851.398054941636,6.475101,"C48H60O12"
"607_483.25_6.5",607,483.249051023332,6.475577,"C28H32N6O3"
"608_268.23_6.5",608,268.227120491349,6.4866247,"C16H26O2"
"61_670.9_0.5",61,670.897663425499,0.52195656,NA
"610_294.24_6.5",610,294.242730603488,6.5301886,"C18H28O2"
"611_334.24_6.5",611,334.235109114493,6.531458,"C16H29N7O2"
"614_432.24_6.5",614,432.238311011487,6.494963,"C24H30O6"
"615_460.27_6.5",615,460.269337145493,6.480669,"C26H34O6"
"617_160.18_6.5",617,160.180851728964,6.547663,"C8H18N2"
"618_332.22_6.6",618,332.219448375492,6.560823,NA
"619_310.24_6.6",619,310.237506173614,6.5583463,"C18H28O3"
"62_314.85_0.5",62,314.849761754947,0.52745515,NA
"620_453.17_6.6",620,453.167454087942,6.569962,"C21H25NO7S"
"622_437.19_6.6",622,437.193463292284,6.593208,"C22H26N6O5"
"623_415.21_6.6",623,415.211465816603,6.593625,"C24H32O7"
"626_278.25_6.7",626,278.247888640886,6.704781,"C18H28O"
"627_290.21_6.6",627,290.208979068125,6.638153,"C16H27N4O2"
"628_268.23_6.6",628,268.227102763644,6.6388483,"C16H26O2"
"63_160.18_0.5",63,160.180876437604,0.5254196,"C8H18N2"
"635_310.24_6.7",635,310.23748368721,6.72865,"C18H28O3"
"636_332.22_6.7",636,332.219453318548,6.729878,NA
"638_432.24_6.8",638,432.23816995749,6.768505,"C22H36ClN3O2"
"64_372.94_0.5",64,372.939492046681,0.52666676,NA
"640_460.27_6.8",640,460.269439514216,6.7681794,"C26H34O6"
"642_437.19_6.8",642,437.193533274033,6.7681794,"C22H26N6O5"
"643_415.21_6.8",643,415.211491800623,6.769128,"C24H32O7"
"65_257.02_0.5",65,257.019658276116,0.5280066,NA
"651_280.26_6.8",651,280.263479224281,6.81771,"C18H30O"
"652_270.24_6.9",652,270.242760235509,6.867061,"C16H28O2"
"653_252.23_6.9",653,252.232191354467,6.8777027,"C16H26O"
"654_292.22_6.9",654,292.224683858052,6.868029,NA
"655_316.22_6.9",655,316.224619374457,6.8837504,NA
"656_294.24_6.9",656,294.242731733051,6.882709,"C18H28O2"
"659_415.21_6.9",659,415.211493834491,6.8744245,"C22H33ClN2O2"
"66_272.99_0.5",66,272.993558407516,0.52885956,NA
"662_270.24_6.9",662,270.242764430497,6.878293,"C16H31NO2"
"663_292.22_6.9",663,292.224929703313,6.9107447,"C18H26O2"
"664_452.28_6.9",664,452.277254677349,6.949969,"C21H42NO7P"
"667_334.24_7",667,334.235073038669,7.0008445,NA
"669_343.33_7",669,343.331831665712,6.986306,"C20H39NO2"
"67_382.84_0.5",67,382.837311988929,0.53059155,NA
"670_263.24_7",670,263.236987594815,6.986966,"C18H30O"
"671_280.26_7",671,280.263508482156,6.986966,"C18H30O"
"673_320.26_7",673,320.255903345965,6.987164,NA
"677_334.24_7",677,334.23508185863,7.02298,NA
"679_294.24_7.1",679,294.24274944536,7.064968,"C18H28O2"
"68_174.16_0.5",68,174.160192514002,0.5326211,"C8H19N3O"
"683_334.24_7.1",683,334.235087347739,7.050813,NA
"684_263.24_7.1",684,263.236993228459,7.146596,"C18H30O"
"686_280.26_7.1",686,280.263525385467,7.132053,"C18H30O"
"687_320.26_7.1",687,320.255909612374,7.132053,NA
"69_236.91_0.5",69,236.906953404952,0.53533465,NA
"695_343.33_7.2",695,343.331833746702,7.2212334,"C20H39NO2"
"696_280.26_7.2",696,280.263527926809,7.221622,"C18H30O"
"697_263.24_7.2",697,263.23699518656,7.2241635,"C18H30O"
"699_320.26_7.2",699,320.255908743553,7.244907,NA
"70_320.87_0.5",70,320.868319256951,0.53618646,NA
"702_296.26_7.3",702,296.258388983062,7.285304,"C18H30O2"
"703_341.32_7.3",703,341.31621099058,7.3233814,"C20H37NO2"
"71_413.03_0.5",71,413.033749380603,0.54274243,"C15H13ClF6O3"
"710_279.23_7.3",710,279.231924628576,7.337693,"C18H30O2"
"711_296.26_7.3",711,296.25840142922,7.338984,"C18H30O2"
"712_318.24_7.3",712,318.240291212385,7.338984,NA
"713_341.32_7.3",713,341.316207046257,7.338984,"C20H37NO2"
"715_280.26_7.4",715,280.263527406579,7.36664,"C18H30O"
"72_660.87_0.5",72,660.868715920385,0.5418135,"C21H12Cl6N6O4"
"723_296.26_7.5",723,296.258420057959,7.4976473,"C18H30O2"
"726_296.26_7.5",726,296.258417483794,7.5023413,"C18H30O2"
"727_318.24_7.5",727,318.240290517039,7.5023413,NA
"728_341.32_7.5",728,341.316211375438,7.5023413,"C20H37NO2"
"729_334.21_7.5",729,334.214142450641,7.503969,"C18H24N2O3"
"73_246.99_0.5",73,246.990733869262,0.54983115,NA
"730_279.23_7.5",730,279.231901992739,7.5032687,"C18H30O2"
"737_341.32_7.7",737,341.316212127872,7.6507044,"C20H37NO2"
"738_296.26_7.7",738,296.258411456005,7.650954,"C18H30O2"
"739_279.23_7.7",739,279.231879492994,7.650259,"C18H30O2"
"74_188.18_0.6",74,188.175841757074,0.5532794,"C9H18N2O"
"740_318.24_7.7",740,318.240288931435,7.6510897,NA
"744_298.27_7.7",744,298.274016040882,7.73662,"C18H32O2"
"745_320.26_7.8",745,320.255878716882,7.754945,NA
"747_280.26_7.8",747,280.263628372309,7.7615647,NA
"749_454.29_7.8",749,454.292882386441,7.773249,"C21H44NO7P"
"75_156.04_0.6",75,156.042159152455,0.5587196,"C5H11NO2"
"750_480.31_7.8",750,480.308675592438,7.7795024,"C23H46NO7P"
"751_280.26_7.8",751,280.263592821436,7.795792,"C18H30O"
"754_298.27_7.8",754,298.273995740473,7.800223,"C18H32O2"
"757_522.36_7.8",757,522.355828489641,7.8107605,"C26H52NO7P"
"758_341.32_7.8",758,341.316207467397,7.831453,"C20H37NO2"
"759_318.24_7.8",759,318.2402748752,7.831858,"C15H28N2O4"
"76_294.86_0.6",76,294.863764797221,0.5608517,NA
"760_296.26_7.8",760,296.258401269328,7.8317986,"C18H30O2"
"764_263.24_7.9",764,263.237000004142,7.8868203,"C18H30O"
"765_339.3_7.9",765,339.300589030238,7.887305,"C20H35NO2"
"766_298.27_7.9",766,298.274057070337,7.8887057,"C18H32O2"
"767_280.26_7.9",767,280.263559084306,7.8890886,"C18H30O"
"768_320.26_7.9",768,320.255925526772,7.8891125,NA
"769_343.33_7.9",769,343.331844569025,7.889805,"C20H39NO2"
"77_236.83_0.6",77,236.833491294363,0.5613319,NA
"78_277.86_0.6",78,277.860161264896,0.5621211,NA
"784_339.3_7.9",784,339.300591111821,7.891342,"C20H35NO2"
"785_320.26_8",785,320.255944811644,7.967799,"C15H35N3O5"
"786_263.24_7.9",786,263.23700002939,7.9173474,"C18H30O"
"787_298.27_8",787,298.274050121501,7.968703,"C18H32O2"
"788_280.26_8",788,280.263576610641,7.969165,"C18H30O"
"789_343.33_8",789,343.331882974255,7.966086,"C20H39NO2"
"79_295.87_0.6",79,295.870787549253,0.5625598,NA
"80_254.84_0.6",80,254.844140448275,0.562492,NA
"800_294.24_8.3",800,294.242733261554,8.294723,"C18H28O2"
"803_294.24_8.3",803,294.242733286495,8.314642,"C18H28O2"
"805_278.25_8.3",805,278.247901518546,8.293351,"C18H28O"
"81_318.89_0.6",81,318.886569039237,0.5625555,NA
"815_254.25_8.4",815,254.247859968219,8.4468565,"C16H28O"
"82_175.12_0.6",82,175.118984286645,0.56262577,"C6H11N3O2"
"83_140.07_0.6",83,140.068391294864,0.5651163,"C5H11NO2"
"85_267.83_0.6",85,267.831295655833,0.5820714,NA
"86_310.85_0.6",86,310.854681540617,0.585259,NA
"87_308.86_0.6",87,308.857790954238,0.5852605,NA
"88_205.07_0.6",88,205.068361585967,0.5857307,"C4H8N6O4"
"89_285.84_0.6",89,285.841869021347,0.58661705,NA
"899_576.33_9.3",899,576.33236336102,9.270429,"C35H42O6"
"90_131.93_0.6",90,131.929930920792,0.5955864,NA
"91_195_0.6",91,194.99828173712,0.5957096,"C4H4NO3PS"
"92_133.93_0.6",92,133.926908367614,0.5974634,NA
"923_659.29_9.3",923,659.287833173414,9.34358,NA
"924_637.31_9.3",924,637.305618465493,9.344679,"C29H48O15"
"925_654.33_9.3",925,654.332394675077,9.34514,"C29H48O15"
"926_682.36_9.3",926,682.363592550282,9.346744,"C31H49N9O7"
"93_129.93_0.6",93,129.934659780165,0.59673685,NA
"94_174.95_0.6",94,174.953404068432,0.59722,NA
"948_442.46_9.6",948,442.461908286449,9.560991,"C28H59NO2"
"95_172.96_0.6",95,172.956467848152,0.5974668,NA
"958_619.5_9.6",958,619.502148589381,9.606342,NA
"959_597.52_9.6",959,597.520490335465,9.60891,"C35H65NO5"
"96_149.94_0.6",96,149.940398659692,0.6013022,NA
"960_623.54_9.6",960,623.535987774152,9.626513,"C37H67NO5"
"97_300.83_0.6",97,300.825953209012,0.60276407,"C2H4Cl4O3P2"
"977_470.49_9.9",977,470.493249613072,9.861793,"C30H60O2"
"98_151.94_0.6",98,151.937430210582,0.60344297,NA
"983_786.6_9.9",983,786.601067019574,9.914426,NA
"985_625.55_9.9",985,625.551735802165,9.923696,"C37H69NO5"
"988_651.57_9.9",988,651.56738365996,9.9384575,"C39H71NO5"
"99_426.7_0.6",99,426.698921950155,0.60386264,NA
"992_677.58_10",992,677.583080167183,9.960812,"C39H78N2O5"
