	WT_vs_xthA1_fold_change_log2	WT_vs_xthA1_p_value	WT_vs_xthA2_fold_change_log2	WT_vs_xthA2_p_value	WT_vs_xthB1_fold_change_log2	WT_vs_xthB1_p_value	xthA1_vs_xthA2_fold_change_log2	xthA1_vs_xthA2_p_value	xthA1_vs_xthB1_fold_change_log2	xthA1_vs_xthB1_p_value	xthA2_vs_xthB1_fold_change_log2	xthA2_vs_xthB1_p_value
N-ribosylnicotinamide	0.0871186122029139	0.972789623570548	0.666609273664714	0.00790245922749644	0	1	0.579490661461801	0.0166418400288849	-0.0871186122029139	0.972789623570548	-0.666609273664714	0.00790245922749644
4-(trimethylammonio)butanoate	0.118642804850598	0.950513841813921	0.350006159182198	0.368731968566648	-0.0338629802062007	0.998895779822457	0.231363354331599	0.659141716137134	-0.152505785056799	0.905860249462581	-0.383869139388399	0.304588897289496
Bis-(1-chloro-2-propyl) phosphate	0.162090006171428	0.906251433593053	0.408510647969373	0.300575402714363	0.303110693058743	0.569547620421967	0.246420641797945	0.652933657809349	0.141020686887315	0.914320573188512	-0.10539995491063	0.950826361522432
(2E,10Z)-2-[(Z)-pentadec-6-enyl]nonadeca-2,10-dienal	-0.328553951203098	0.374394224920786	-0.25020429746751	0.57188617050811	-0.293975788913869	0.455614331031255	0.0783496537355878	0.982330662184178	0.034578162289229	0.998474102146815	-0.0437714914463587	0.996669323129848
N-[(4S,7S,8R)-5-[1,3-benzodioxol-5-yl(oxo)methyl]-8-methoxy-4,7,10-trimethyl-11-oxo-2-oxa-5,10-diazabicyclo[10.4.0]hexadeca-1(12),13,15-trien-14-yl]ethanesulfonamide	0	1	0	1	0.936914021312162	4.52082815627364e-13	0	1	0.936914021312162	4.52082815627364e-13	0.936914021312162	4.52082815627364e-13
methyl purine-6-carboxylate	-0.054656669303928	0.948282860120216	-0.177400614056509	0.379051809380276	0.569010963655821	7.52151314261651e-05	-0.122743944752581	0.676535888658559	0.623667632959749	3.62902425862233e-05	0.74641157771233	8.67100555967948e-06
Ile-Ser-Thr	0.0575151188879817	0.993346979782603	0.379467638489236	0.263200628616991	-0.0381417874965434	0.998210218589954	0.321952519601254	0.376074655500862	-0.0956569063845252	0.972103040013133	-0.417609425985779	0.205431206051659
5'-S-methyl-5'-thioadenosine	0.0244278486389062	0.996606646901475	0.0381229310060424	0.987294974462577	-0.715711811568163	0.00218870862128728	0.0136950823671363	0.999369268447591	-0.740139660207069	0.00154985623766291	-0.753834742574206	0.00127680891585402
Triisopropanolamine	0.221016712313197	0.305757315260743	0.248710732351152	0.213230922096624	0.633264778370582	0.000269222641628986	0.0276940200379549	0.994209247063209	0.412248066057384	0.00519837447457105	0.38455404601943	0.00800580440466059
hypoxanthine	0.522227558500621	0.0146957496034549	0.619569579548428	0.00342160243658196	0.342453246712555	0.163955695816814	0.0973420210478065	0.83291562702472	-0.179774311788066	0.513745755354508	-0.277116332835873	0.162672850557932
S-(2-boronoethyl)-L-cysteine	0.247852003829887	0.347430104117314	0.388751646813294	0.0594832362481136	0.611201389163056	0.00181513605840589	0.140899642983407	0.679147699165727	0.363349385333169	0.036272685751902	0.222449742349762	0.232747222741373
trans-4-coumarate	0.0267536695502835	0.996692895721605	0.413308648876968	0.0147849859319159	0.65984143928964	0.000170529712035683	0.386554979326685	0.0212471559590759	0.633087769739357	0.0002313692476833	0.246532790412672	0.0736146858231402
4,6-diamino-5-formamidopyrimidine	0.346836857210253	0.318996087737443	0.400071051943171	0.202005880813712	0.12625942152979	0.928083274715745	0.0532341947329181	0.988418610765527	-0.220577435680463	0.640952021610142	-0.273811630413381	0.460428089817401
adenosine	0.341491413358495	0.243404558387263	0.501044977653519	0.039857829314686	0.0746863416597883	0.977889805713365	0.159553564295024	0.69274173514755	-0.266805071698706	0.416033428444952	-0.426358635993731	0.0787398680227916
triethylene glycol	-0.122918800879988	0.926411360566637	-0.36862711516608	0.370660975418509	0.0345733597401998	0.997751122961174	-0.245708314286092	0.709350294794873	0.157492160620188	0.85614055227505	0.40320047490628	0.290319348599325
D-phenylalanine	-0.0032210568032838	0.999988901976236	-0.064065817735621	0.930324053856232	0.707144624926383	7.94565308592787e-06	-0.0608447609323373	0.939562948198231	0.710365681729666	7.65935092794656e-06	0.771210442662004	3.95369690830982e-06
acetophenone	-0.165490716771655	0.918422335563776	-0.198399417220875	0.873342662243027	0.378826806099728	0.336747450968379	-0.0329087004492201	0.999378344717149	0.544317522871383	0.130504254304263	0.577226223320603	0.107662971573726
N-acetyl-L-isoleucinate	-0.28216253373607	0.577703961354833	-0.267364767051552	0.613944482731527	0.178330037190076	0.770784708531872	0.0147977666845174	0.999908292534495	0.460492570926146	0.159965946952999	0.445694804241628	0.176299981611612
gabapentin	-0.112156519968088	0.94902841360834	-0.270634780050358	0.625809293898826	0.19094478445366	0.746522795909078	-0.158478260082271	0.899952087552149	0.303101304421748	0.443238844459108	0.461579564504018	0.169738939083265
Cyclopentylacetic acid	-0.121251019681903	0.960506786069228	-0.10454817298023	0.973550979447627	0.280207240353622	0.582769643494101	0.0167028467016725	0.999897030262548	0.401458260035524	0.327545406884206	0.384755413333852	0.356931095884235
indole-4-carbaldehyde	0.250988761581307	0.523646081150245	0.560079657699203	0.0201333941024567	0.374335637607711	0.184057815030799	0.309090896117896	0.210339691919467	0.123346876026405	0.861344238330619	-0.185744020091491	0.573933005520048
(E)-3-(indol-3-yl)acrylate(1-)	0.226009612554223	0.57868549492514	0.539872278464008	0.0203179027397755	0.368827785645005	0.16844085336428	0.313862665909785	0.183211199746844	0.142818173090782	0.787293804673447	-0.171044492819002	0.610226474382628
pentaethylene glycol	-0.108097086871254	0.866597832739571	-0.419504031347096	0.0805275689405404	-0.356033393941198	0.14514026876574	-0.311406944475841	0.270574308500065	-0.247936307069943	0.434273417480122	0.063470637405898	0.983458348393676
5S,6S-epoxy-15R-hydroxy-ETE	-0.245826470865514	0.739012131499751	-0.540702010022524	0.226256773032728	-0.123234107569642	0.948744546488679	-0.29487553915701	0.741803105581671	0.122592363295872	0.960083960262456	0.417467902452882	0.462805551331976
FMN	0.0948313429342572	0.923498117547419	-0.0300105007842642	0.997507049594438	-0.478398604455814	0.0970826523782689	-0.124841843718522	0.849176209948356	-0.573229947390071	0.0335461746033228	-0.448388103671549	0.13210269060556
(1-hydroxycyclohexyl)acetic acid	-0.170388110101609	0.847030008005021	-0.208022068396348	0.762959180936738	0.209970087310613	0.670969836003446	-0.0376339582947391	0.998246219874273	0.380358197412222	0.256604129541854	0.417992155706961	0.200358344265884
(1R,2R,3S,1'R)-Nepetalinic acid	-0.131609270502539	0.944348158791043	-0.015994425792574	0.999870994324823	0.310947903056404	0.455549828887013	0.115614844709965	0.961687673408617	0.442557173558942	0.216423243161034	0.326942328848977	0.418951312553916
(2E, 4E, 6E, 8E)-10-hydroxyundeca-2,4,6,8-tetraenoic acid	-0.175802810716662	0.934884754679375	-0.0523506012851701	0.997755152255671	0.161023706718387	0.929635210836735	0.123452209431492	0.97688070470153	0.336826517435049	0.646554650305212	0.213374308003557	0.860705240943249
5-aminolevulinic acid hexyl ester	-0.135620849432206	0.950930424396057	-0.195023602898139	0.878122850599831	0.104268930726209	0.970296518018684	-0.0594027534659327	0.99626298309755	0.239889780158415	0.770247196514394	0.299292533624348	0.648566190322098
PPG n4	-0.0388041533282274	0.996213127723592	-0.463351565670591	0.167206965122934	-0.0594813299395627	0.98702503091267	-0.424547412342364	0.232423424976809	-0.0206771766113353	0.999452803879333	0.403870235731028	0.273737130723242
Senkyunolide h	-0.254118470356607	0.768129009790109	-0.25061502888807	0.774675067906544	0.132152801559493	0.93719696374151	0.00350344146853635	0.999999298654838	0.3862712719161	0.441784597578387	0.382767830447563	0.448274975188392
D-altritol	0.12439303330834	0.93637117450784	0.0975678873788414	0.968321598044845	0.381079930916006	0.261050919484469	-0.0268251459294982	0.99918425588627	0.256686897607666	0.542061926923678	0.283512043537165	0.469839025811316
N-[1-(4-nitrophenyl)ethylideneamino]-2-(5-oxo-1,2-dihydropyrazol-3-yl)acetamide	0.0865144997159579	0.965432314318047	0.102906199897032	0.94322938497088	0.387102770553691	0.149489910910609	0.0163917001810741	0.999712292226227	0.300588270837733	0.299327066376337	0.284196570656659	0.338814272017801
2-deoxy-D-galactose	0.0766859149531224	0.983598734707457	0.10525820577036	0.958569135538242	0.26202903079117	0.577747889082136	0.0285722908172378	0.999005044036109	0.185343115838047	0.78103971428157	0.15677082502081	0.849290793260453
9-OxoOTrE	-0.22476468344463	0.780784672140784	-0.218461796691824	0.793623115521319	0.0437295024472656	0.996917276621318	0.00630288675280583	0.999994331691786	0.268494185891895	0.667981194347302	0.26219129913909	0.682196247785648
4-octenal	-0.030352937696263	0.999259918438033	-0.210973928659465	0.845226433265156	0.353507246526567	0.380616382748224	-0.180620990963202	0.898109695970178	0.38386018422283	0.322857540635173	0.564481175186032	0.113151357585604
8-(3-Oxo-2-(pent-2-enyl) cyclopentenyl)octanoic acid	-0.158584897481662	0.915045267900487	-0.113659255689081	0.964276688022017	0.0360752441435414	0.998540663368531	0.0449256417925806	0.997960387912617	0.194660141625203	0.851891456982605	0.149734499832623	0.921405568429954
11E,17-Octadecadien-9-ynoic acid	-0.096023648830252	0.978931629736849	-0.180845840828688	0.88982458694091	0.000476573309196137	0.999999996946696	-0.0848221919984362	0.987704465645574	0.0965002221394483	0.978620933853874	0.181322414137884	0.889031401674828
nipecotic acid	0.0763063900824424	0.833465968830784	0.191597659589005	0.177700518295251	0.894061178998176	7.92544744276924e-08	0.115291269506563	0.545285845124686	0.817754788915733	1.66069583418249e-07	0.702463519409171	5.9904969085256e-07
Grandisin	0.108971634500964	0.923636991936832	-0.11368282884962	0.930424683923819	-0.0131122602445572	0.999860927847975	-0.222654463350583	0.627153071241137	-0.122083894745521	0.898293863456649	0.100570568605063	0.950761275287385
9-cis,11-trans-octadecadienoate	-0.15646015765701	0.926036618271404	-0.0781898201659971	0.988671991838771	0.0100184837590823	0.999972685130606	0.0782703374910133	0.990298347408247	0.166478641416093	0.911998433424927	0.0882083039250792	0.983773044516291
(9Z,11E,13E)-octadeca-9,11,13-trienoic acid	-0.139317835629837	0.948074677240963	0.0161235491870012	0.999892363432473	0.0307885731274029	0.99924310505854	0.155441384816838	0.929033763445126	0.17010640875724	0.908644031546318	0.0146650239404017	0.999916350507315
stearolic acid	-0.177451149302492	0.887575106288597	-0.0774240007624843	0.987577728051587	0.00288450857501014	0.999999266956472	0.100027148540008	0.978227076779985	0.180335657877502	0.882552237200259	0.0803085093374943	0.986147456401742
11-Oxooctadecanoic acid	-0.219016835738858	0.831062746967125	-0.104190611386544	0.974122570654054	0.0174691017148862	0.999850364844223	0.114826224352314	0.972507629429717	0.236485937453744	0.794548514902783	0.12165971310143	0.959285054411827
4-hydroxycinnamyl alcohol 4-beta-D-glucoside	-0.0435425023399683	0.998015972977166	-0.0655812117967009	0.993488170419242	-0.0175841498954781	0.999864173747898	-0.0220387094567326	0.99975713615896	0.0259583524444902	0.999583458468558	0.0479970619012227	0.997456378643928
Chivosazole E	0.0847922761406888	0.97544626280916	-0.0955385915440592	0.971147412342342	0.0257260031793242	0.999307778730831	-0.180330867684748	0.831207755232799	-0.0590662729613647	0.991135604691323	0.121264594723384	0.942596908601334
farnesyl acetone	-0.114256150187811	0.958873055866269	-0.153007514742489	0.912426384965237	-0.0392968058443566	0.998006542933344	-0.0387513645546781	0.998488168007573	0.0749593443434542	0.988113110273774	0.113710708898132	0.962365192996669
17beta-hydroxy-5beta-estran-3-one	-0.113817036942273	0.918532592947186	-0.326554761191492	0.366725976328617	-0.200898813277619	0.702537322010862	-0.21273772424922	0.718175823634823	-0.0870817763353463	0.967673180381134	0.125655947913873	0.927600546612488
Kalihinol A	0.235406433695189	0.62751026029343	0.0233664525155063	0.999464012872861	0.128758640057621	0.916371906072519	-0.212039981179683	0.692627698541846	-0.106647793637568	0.937168553645232	0.105392187542115	0.950218562525702
PE(16:1(9Z)/0:0)	0	1	0	1	0.898689214657375	4.52409221196604e-11	0	1	0.898689214657375	4.52409221196604e-11	0.898689214657375	4.52409221196604e-11
oleoyl ethanolamide	-0.14383272184808	0.90126624030973	-0.248505212390237	0.673013348307231	-0.14877875021971	0.892722898716205	-0.104672490542157	0.967061710479703	-0.00494602837162981	0.99999576087817	0.0997264621705275	0.971405349931052
linoleoyl ethanolamide	-0.116319258124233	0.971022865276426	-0.18034568136865	0.909371331765122	0.0192903298467698	0.999834445924352	-0.0640264232444169	0.995731360995158	0.135609587971003	0.954632786902524	0.19963601121542	0.880126491374185
1-hexadecanoyl-sn-glycero-3-phosphoethanolamine zwitterion	0	1	0	1	0.803706414895928	1.344325430086e-06	0	1	0.803706414895928	1.344325430086e-06	0.803706414895928	1.344325430086e-06
1-oleoyl phosphatidylethanolamine	-0.114769058266454	0.922791278339699	0.002873554320629	0.999998368751762	-0.508834180773617	0.125755221590397	0.117642612587083	0.917337673747027	-0.394065122507163	0.320834239372952	-0.511707735094246	0.122483804573882
glycine betaine	-0.203227851105097	0.264192472626444	-0.203472226485818	0.263373028110685	-0.806784376918826	0.000196034222069041	-0.000244375380721125	0.999999996112645	-0.603556525813729	0.00431154114961618	-0.603312150433008	0.00432753431581068
