"features"	"PC1"	"PC2"	"PC3"
100	-0.00109695765029787	-0.0490147157634509	0.00237832714174926
101	0.0497716694357799	0.0120761359605084	-0.065312637244204
102	0.0908451347232962	-0.0206288291280694	-0.092639026374519
1020	0.0474790396872757	-0.0144133812976983	-0.0844899740915565
1021	0.0156666353000583	0.00128479647057532	0.0342578157347134
1026	0.0155987739643439	-0.00271873118126336	0.0385385445306462
103	0.0919371194774567	-0.0220578318832417	-0.0955364481352626
1036	0.0137237005592598	5.73445922131782e-05	0.032102136949872
104	0.0496007399887093	-0.0405780114942603	0.0457271008081739
105	0.0396321013524638	0.0127969547900952	-0.0290462678170602
106	0.0223489320211889	0.0496995655532556	-0.0306430761302424
107	0.0713264338040388	-0.00641272672670418	-0.0614579881632325
1079	0.0133571077830731	-0.00283082921857483	0.0373497211182149
108	0.0503767622142103	0.00884471460643968	-0.0679125333453073
1084	0.0812735476395393	0.0129219325918254	-0.0945698441351699
109	0.00933874309291332	-0.0716023607105031	0.000679578417115157
1094	0.0118604572071886	-0.00387273763285092	0.0341947498114088
110	-0.00835252297330406	-0.0195875680937109	-0.0167708514681524
1101	-0.00134573663554472	0.0399524527758478	-0.101322983077144
111	-0.0643545248182014	0.0898222972132097	-0.0259780910861556
1121	-0.00286601124241323	0.0389749186335103	-0.00216977267218875
1127	-0.0222855890199451	-0.00156340092224458	-0.0221625950684002
113	-0.0664067265717381	0.090730276423825	-0.024010521314411
114	-0.0100037731846087	0.0588390097226207	-0.00162414350746642
117	-0.00674482686622834	0.0337021109517067	-0.0599134884508244
118	-0.0336746131045735	0.0810385857785438	-0.0362819323665377
119	-0.0647906424790426	0.0893743145188579	-0.0275863661782559
120	0.0649354134594809	0.0513766518618524	-0.0816970425380849
121	-0.0628091692007549	0.0865309760115302	-0.0296804794582283
122	-0.0512872998490714	0.0873483729662624	-0.0265523965412928
123	-0.0627143702543146	0.0880392385722178	-0.0252168435537407
124	-0.0341919426650593	0.0578721471066394	-0.0328310417581249
125	0.0355829849199889	0.0136083144758656	-0.0236200591808739
126	-0.0493793778522992	0.0867638049707121	-0.0259583908436811
127	0.117519420420604	-0.0274762029399939	-0.00564248528309722
128	0.0308224349315485	-0.00917690429574881	0.0521693236654942
129	0.051659866120481	0.0129339266319422	-0.068613931382018
130	0.0348287430364767	-0.0189671399731136	-0.0569169435659905
132	0.0366768893472704	-0.0165800513682797	0.0474815746145842
133	0.00572441803528474	0.0628511039941735	0.00812203768040775
134	0.00685421811499347	0.0644272109644047	0.000436281747637405
135	-0.00777466660458044	0.081742821079788	-0.0320478395241531
137	0.0697851410863247	0.0535550669514221	-0.0261488516111958
139	0.0570634386079516	0.0304113269521674	-0.0737282422473306
141	0.0681015088008674	-0.0379563424668459	0.0282565314133443
142	0.065017959934896	-0.0368930219397141	0.0276660730615972
143	0.112334931240918	-0.0514972593074957	-0.0107069028541926
144	0.120019257377761	-0.0570244515813953	-0.0115763623369864
145	0.120602408824031	-0.0633874500396349	-0.0202905080877613
146	0.118843524552106	-0.0612164976465552	-0.0179756619781967
147	0.113471262660512	-0.0563939595749088	-0.0228231230145846
150	-0.037423995931083	0.0887263041508487	-0.0553664558664972
151	-0.0173667535856096	0.0829928820463969	-0.0474449125642192
153	0.0281071986504715	0.0879739025022246	-0.0729492950777644
155	0.104101392933509	-0.000659159933991833	-0.026180202282721
158	0.0985021622816208	-0.0238273319111285	-0.0407213575732434
160	0.0186898227686577	0.100994369412442	-0.0756620582775589
161	-0.00126020321034054	0.0850170892261643	-0.0620856898220969
164	0.0486864816021945	0.0174082738163371	-0.0387851721494218
166	-0.00663626025566305	0.0535875739647961	0.0526301019164358
167	0.057192425359358	0.0277356414851917	-0.0556066894375296
168	0.0603520227192074	0.0224032293617773	-0.0508278574106865
172	-0.042914529029718	0.0817886985883616	-0.0421378911864489
173	-0.0444458109155535	0.0818794270932542	-0.0406232413460806
176	-0.0508216786594401	0.0852564177598881	-0.0291089446789846
180	-0.0430636136061131	0.0844542876766716	-0.0277900158825688
183	-0.0478392825465212	-0.0246669398119267	-0.021555334298746
184	0.0580551319437102	-0.00814603471607303	-0.0667456449800849
185	0.00910077149845503	0.00251665479157818	-0.0453693179328825
186	-0.0484747646535297	-0.0150741932050589	-0.030814042446443
188	-0.0602962230513984	-0.0273205763039003	-0.0110625380781253
189	-0.00572683462193668	0.0615246423955546	0.0629553988853364
190	-0.0413764929312488	0.0358900860175447	-0.0258158165182911
191	-0.0564890492871817	0.0820549421197646	-0.0289030429673788
192	-0.042848552114132	0.0719007036870539	-0.0404598572795486
193	-0.0472170221763922	0.0746616344523128	-0.0377016690007484
194	-0.0547645235473718	0.0748613390263416	-0.00971266231449414
195	-0.0584908600390975	0.0828286937933071	-0.0308103998575402
197	-0.067031896490563	-0.016698818708012	-0.0151191613621444
199	-0.0153959713401033	0.0657419918234809	0.0690811008582763
205	-0.0234856454209945	0.0589767289002778	0.0372504973419784
206	-0.0555530732604308	-0.00879838758992503	-0.0188112169429986
207	-0.0724558102723525	0.00754200405391991	-0.0270207999746741
208	-0.0500999107706283	-0.00267806475536276	-0.0319459000758745
209	-0.0622947358011652	-0.0113719705644426	-0.0159078700632062
210	-0.0570469186165914	0.0695601294727533	-0.0221535489310567
211	-0.0523791915548041	-0.0192709312487755	0.000836991530641796
212	0.0319218744306486	0.00338762480530427	-0.0643944507347922
213	-0.0511360467795857	-0.0323617413526156	-0.00567059931585892
214	0.0247700368011724	0.00341973430907658	-0.078566070526008
215	0.0328103235501137	0.00483748866306057	-0.0566820795512527
216	-0.0550049229769392	-0.0225029769927058	-0.0200289525208611
217	-0.0481153551005776	-0.0141585078325805	-0.0190972237197404
218	-0.064042420589074	-0.0417736895171939	-0.0080333809270334
220	-0.0507543914352928	-0.0148332416724171	-0.0298046760253814
221	-0.0534320756449276	-0.030813095174154	-0.0140159914917285
224	-0.0521756673070021	-0.00783118150669075	-0.0195289821958678
227	0.0471953861227314	-0.0688261414347966	-0.0249284578477196
229	-0.0545656146675079	0.0764842189391619	-0.013782127433103
230	0.0803705203056326	-0.0807261463192041	0.0140576769168701
231	0.042444822607589	0.052742170182114	-0.0662412402355837
232	0.0723951979911366	-0.0827378967413474	0.00390712329892832
233	0.0400808186286639	0.0508309802624304	-0.0677808171997701
234	0.0403639742622931	0.0500130221097754	-0.0705290465666826
235	0.0231794855712662	-0.0282485260161436	-0.0373903957580048
236	0.0233183429675185	-0.0364523263189187	-0.0338326616839267
237	-0.0379360018426889	-0.0610192982371411	0.0219455792321965
238	-0.0592087968042204	-0.00925649024894612	-0.0260297183367474
239	-0.0562904260645825	-0.0207354497616583	-0.00541949910546726
240	-0.0427213782352607	-0.0472416501101368	0.0126269864809027
243	-0.0527225986929374	-0.0183086677188834	-0.0199826670405878
244	-0.0533113894160994	-0.0225075230392865	-0.0151574582964485
245	-0.0612526798756274	0.0175590189888557	-0.0250701931081328
247	0.0147812873712312	-0.00952171265924827	-0.0780420948647789
248	0.020285447453582	-0.0337520172504275	-0.0203321128583551
249	0.020003442227716	-0.055371600362931	0.00331930074046394
250	0.0966440350652443	0.00588212922527419	-0.0732551557987762
252	-0.0485385715099829	0.00693396705527155	-0.0197485866574041
254	-0.0460431038282924	-0.0267302985883761	-0.0269633929990993
255	-0.0464525704358017	-0.0235376319004091	-0.0228705345821725
256	-0.0443493668202032	-0.0305873312471148	-0.0246943434720955
257	-0.0481542545937264	-0.0288009934377685	-0.0251148564805302
258	-0.0600359091409351	-0.0263039733940017	-0.0245808532498742
259	0.0855963488697866	-0.0244707529015358	-0.0422722982585454
260	-0.0476287714873139	-0.0139402535843005	-0.0175275564204469
261	-0.0528971314786015	-0.0186144222599878	-0.0178536228052996
262	-0.051612866675176	-0.000514392695658417	-0.0204945360753365
263	-0.0524332865650246	-0.0148850699578614	-0.0232547627724446
264	-0.0606812686320734	-0.0297237487238638	-0.00515430342458761
268	-0.0615555282854833	-0.0443620244916077	-0.0218529555774138
271	-0.0537682847687897	-0.0425938776084935	-0.00111756481202341
272	-0.0473080569089159	-0.00434892797550168	-0.0254645611073597
273	-0.0507332004888006	-0.0175587743548769	-0.024801345585802
274	-0.056472941839339	-0.0593716149869079	-0.0119841331539503
275	-0.00688196229550652	-0.0318039291106895	-0.00113155562853362
276	-0.0152018150931764	-0.000175402567785725	-0.0174413378854301
277	-0.0470041924541693	-0.0249549882788496	-0.0219357985423447
280	-0.0554955559084187	-0.00659821852824985	-0.0185266286306467
281	-0.0492065121162829	0.0657149146697123	-0.0291583486849658
283	-0.0553333418275517	-0.0340100366989386	-0.0158292688056514
284	-0.0551303613812854	-0.0309030862098495	-0.0188206796470746
285	-0.0571258021637887	-0.0470114540842645	-0.00728369082256308
286	-0.0507994540888967	-0.0281951943819833	-0.0171429828056371
287	-0.0563451191243144	-0.0372351552073073	-0.0249443624238638
288	-0.052699843043205	-0.0362028114527474	-0.023520595484148
291	-0.0586968472066459	-0.0395500021566087	-0.0231301825051926
295	-0.0501855992586297	-0.0545253169753912	0.0315181137531481
296	-0.0575317525301183	-0.0540923610291939	0.0123510695609963
297	-0.0585579206267714	-0.0514257305475315	0.00622847758272481
300	-0.0447429577103884	-0.0249603322188849	-0.0189470352412428
301	-0.0481444070769317	-0.0191081147115052	-0.0278948158876405
303	-0.00717257539811525	0.000302787858322128	0.0767596448946995
304	-0.00719880553310123	-0.00819362623939322	0.00409496897832186
305	-0.0483688299915992	-0.0552033727422615	0.0302017100908935
306	-0.0577343124131867	-0.032373104641457	-0.0111424437030891
307	-0.0520289182095967	-0.0474875751045919	-0.00691549126312194
31	0.0730593695209124	0.0778328627621581	-0.0349358020605895
311	0.0337275631841766	-0.000366640298668787	-0.056260964392744
313	-0.0654510824539322	-0.0315551955653495	-0.0251524678419764
314	-0.0578628494403976	-0.0519975365998872	0.00472049723209775
315	-0.0597326274435571	-0.0322645690395654	-0.00337700977311172
316	-0.0442423561017206	-0.0549616755464085	0.0221047233734671
317	-0.0439727649592608	-0.0472719664813856	0.00121811678022686
319	0.0190903388220946	0.0555980811614523	0.0416245702301039
321	-0.00907598989817695	0.00796133559745329	0.0397181225193917
322	0.00740730189123978	0.00109477400104689	0.0505617535650616
325	-0.0185721656955686	0.0231629881015445	0.0414591116214234
326	-0.0108088406863049	0.0821810837379442	0.0657479914183293
327	-0.00256084683013422	0.0691258826651746	0.0615616359402511
328	-0.00724350425034314	0.0752051841427172	0.046377647812029
329	-0.0103499703054567	0.0686530148062121	0.0471407221113696
33	0.0773375664037186	0.0572765203733321	-0.0604480002257352
330	-0.00824904779740705	0.0721263875161406	0.0604579921447917
331	-0.009231794062573	0.0733031247260926	0.063033094481654
332	0.00441415090928783	0.079101839111125	0.0708305708837586
333	-0.00750948618136188	0.0717357239115751	0.0522616059990977
334	-0.0109424490924879	0.0735828917123874	0.0665529168888679
335	0.00398963413900063	0.074873150329844	0.0852090851958675
336	-0.0117403630635001	0.077700285650979	0.0644944033423208
337	-0.00364510792059569	0.0753963137836199	0.0471424310655729
338	0.000791750867435348	0.0650604272686938	0.044999503720954
339	-0.0676308437379872	-0.0398104475688267	0.0105725255418389
341	-4.65305339304945e-05	0.0660032207089901	0.0542692267013583
342	-0.00423242019599708	0.0585960802277458	0.0399261527093805
343	-0.00530420292895448	0.0602661754678509	0.045610933240658
344	-0.00312094544587177	0.060931607206358	0.051147107496575
345	-0.00571226502630651	0.0594490689218303	0.0500199121057364
346	0.000203749541458959	0.0576981001068535	0.0611020233245089
347	-0.00270065596764316	0.0593346864865334	0.0554340488699511
348	-0.00335348851258311	0.060128525259174	0.0535184437704173
349	-0.00980731972397529	0.0693834783514551	0.0370503893335458
350	-0.0103192543637265	0.0789196850860534	0.0363954421866956
351	0.00713886022713053	0.0680477953194412	0.0664343997054629
352	-0.0602701485515076	-0.0178957433579119	-0.01521575106295
355	0.0454610029343266	0.00748022218979599	0.00439602607160395
359	-0.0040763068185818	0.0669141705712848	0.0505406063054149
360	-0.00958858848781451	0.0677173245682184	0.0592556039303333
361	0.00822112950130653	0.0751316588927051	0.076191881979806
362	0.0171171996452507	0.0670160187920107	0.0711463070871408
363	0.00792245009952237	0.0755822135772468	0.0789656047007796
364	0.00676929010934771	-0.0142598034288437	0.0375703027973451
368	-0.00445155336056793	-0.0360779336314343	0.0227391435968403
377	-0.0489229029403136	-0.0508663943655644	0.0123582543666186
378	-0.0614758276491515	-0.0389777485167443	0.00900568447057555
379	-0.0435979202005963	-0.0555904229766857	0.0273355554589465
380	-0.0541197231064995	-0.041611069089162	0.0107219581235199
381	-0.0587395724615054	-0.0339756787873258	0.00777507984839607
382	-0.0577804971427794	-0.0424055588189387	0.0119581181111702
391	-0.056641613111666	-0.0375684441245716	-0.00757668974932605
392	-0.0504948358916797	-0.0238165661096634	-0.0139870494920514
395	-0.0536771640242951	-0.0384494907385281	-0.015682421342807
398	-0.0589622984524673	-0.0395225107190287	0.000849392954166927
399	-0.0616984091208761	-0.0300937778665192	-0.00820936983680869
4	0.0192870576604896	-0.0200028447593098	0.0997254575080716
400	-0.0526890720528829	-0.0499065052260907	-0.00498520760241738
402	-0.0564060362931236	-0.0390394185590588	-0.0190883588104434
403	-0.059844589038962	-0.0400736790635558	-0.00500980180080321
406	-0.0489627975361853	-0.0433749142982195	0.00425884407788644
407	-0.0463796928532361	-0.0411026720574515	0.0145067137172856
408	-0.0351134779129042	-0.0459244851258707	0.0150452411924213
41	0.0722516770322364	0.0509918109172191	-0.062763045441477
410	-0.0301727445599456	-0.0423292010534067	0.0209340974202394
411	-0.0688023835605167	-0.0114469551864546	-0.00436560971584014
412	0.076735355384404	-0.0393295482648293	-0.0639493117922438
415	-0.0409190901203982	-0.00891811735061997	-0.00252522975224504
420	-0.0618867351332971	-0.0502960263576419	-0.00865124183732648
431	-0.0431863566736404	-0.0477260010879041	0.0269171369783658
432	-0.0378099328216588	-0.0544098354260468	0.0207122794694431
435	-0.046727336996178	-0.0412041198635446	-0.010677735157085
436	-0.0553316109806487	-0.0612968243427797	-0.00921996836035329
44	0.0964875736832908	-0.0407069971232036	-0.0330341531245479
453	-0.0450392772838754	-0.0424420769741297	-0.00794676137913418
455	-0.0516225529205467	-0.0602246881557331	0.00393193408666786
456	-0.0493170985605613	-0.0515367440569357	0.00855463504830429
457	-0.0544929925680722	-0.0463677475628449	0.0121979806098193
46	0.118932323613767	-0.0512100354657713	-0.0195422093350994
464	-0.0434462225268614	-0.0408018379746261	-0.0090848624245844
467	0.0121682926591965	0.0553661524337966	-0.049907136281318
470	-0.0410951894066611	-0.0480449643745095	0.0132440494185487
471	-0.0427070921485219	-0.0579375753068979	0.00951783334769793
473	-0.0404771680782479	-0.0432455771032	-0.00841335323591746
474	-0.0195595384610822	-0.0507324734019844	-0.0105740173940186
493	-0.0486578495772487	-0.0515972313658385	-0.00849255513049614
495	-0.0438410203743088	-0.0434871029761693	0.000353362178167239
496	-0.0414215156957369	-0.0387412694449747	-0.00242853509720257
497	-0.0405839681115574	-0.0380985686471891	-0.00402285143898841
50	0.0967295446929562	-0.0602031539038712	0.0141303294747038
500	-0.0467987816995202	-0.0492135650605852	-0.00163991130658739
502	-0.0455845660117258	-0.0491525758906307	-0.00398197500251573
503	0.00318434943380334	0.0711641350936561	0.0273230810159487
51	-0.0422843704992465	0.0914034749161362	-0.0410826859646746
510	-0.0589642566960569	0.0753989075332928	-0.0260653352344049
511	-0.0586437897037367	0.0755161420559594	-0.0264896237932809
519	-0.0526633092381939	-0.0488986321866105	-0.0127641967288126
520	-0.0440270980441962	-0.0387283845234728	-0.00988211069324166
522	-0.0427415485948183	-0.0364079638024948	-0.00775242828354265
523	-0.0503008747533965	-0.0421109808850158	-0.00893108000379834
524	-0.0475126673536871	-0.0470436306995036	0.00276578518991481
525	-0.0480070890163852	-0.05112033272598	0.00320838706189521
53	0.121712243411025	-0.056804831835757	-0.0185176402603315
539	-0.0302120029414827	-0.0510532363661757	0.0249031073935881
54	-0.0645461612974776	0.0885822801018323	-0.0297157806430602
542	0.00728545430777162	0.00731086232901692	0.093440575095624
543	0.00425864970634188	0.00373617795849808	0.0995555850554501
544	0.00631240728372597	-0.000475295996379027	0.0996639768386582
545	0.00636580701271489	0.00279399061298682	0.0989552166201303
546	0.0047727882388615	0.00353973442872709	0.0994781599461972
547	0.00484400274444111	0.00279086080070617	0.0989296121289399
548	0.00168233353464122	-0.00576212998590911	0.131074052245581
55	-0.0607828753288674	0.0862501242733856	-0.0293828566988135
552	-0.0487910558515221	-0.0575105248104513	0.00668777537961211
553	-0.0504259085102873	-0.0545401117234084	0.00559798795231875
555	-0.0261566783913065	-0.0485836146791372	0.0126551574756976
556	-0.0334026100263976	-0.0520051873661856	0.0101422255859414
557	-0.0431659772112153	-0.046403731629652	-0.00541417991649694
56	0.100595246755429	-0.0692140708667155	0.0131703587414507
564	-0.0461750228603601	-0.0445156059739715	0.00166999587997172
565	-0.0426369022329825	-0.0395065577922015	0.00383725148647449
568	-0.0381168953916241	-0.0398030077789991	-0.0124327460693963
57	-0.0565447155727212	0.078166125286068	-0.0302465814663046
570	0.00252091081785947	0.00582985217741521	0.123000663569739
571	0.00512236776926673	0.00071257654378417	0.122486122435583
576	-0.0398190897843445	-0.0429725254975986	-0.00491801769324038
577	-0.045715262669336	-0.0433095480874626	-0.012452054344742
578	-0.042548063266092	-0.0420291569786883	-0.00975670508470905
58	0.125364687870255	-0.0672420433549395	-0.0156944521349612
580	-0.0379642735889195	-0.0359689372500363	-0.00762072659167329
581	-0.0386525060070197	-0.0345562720719436	-0.00620474851758832
582	0.0220626677820541	0.0040950245944494	0.0261706038019836
583	0.0145729274492489	0.0100572562148863	0.0314156012865064
587	0.00937997489511381	0.00684902298518138	0.127508560783876
588	0.0104895673667515	0.0147926542399289	0.150090834012227
589	0.0077897221016299	0.00944085090996596	0.14295357608747
59	-0.0551563266423414	0.0772466995145572	-0.0310239362253949
590	0.0182104619385338	0.00709790815441811	0.0859319652056933
591	0.00933404934785001	0.00460716146459469	0.132585932558477
592	-0.0147916444025204	0.0312587330724538	0.0545436907988845
593	0.03125766182003	0.0243958125073572	0.0872327344802084
594	-0.0029047867539977	0.0173486511445226	0.13144740083611
595	0.00590101949492204	0.0175843807933311	0.137364670074386
596	0.0100956649318902	0.0166531543707171	0.108603627056288
597	0.0067399005306899	0.0150060749378717	0.139785809295482
598	0.0218971985193812	0.0108252740235557	0.104806599293139
599	0.0282044213022111	0.00201090606635857	0.119593962712804
60	-0.0564241896226392	0.0780297966205257	-0.030274920655867
600	0.0144369890793642	0.0205241665798353	0.0962728753537909
601	0.0212599698916992	-0.0158765425553019	0.120182886995402
602	0.0060347713741116	0.0122894210429635	0.131134831487577
603	0.00363143177596738	0.011064756151821	0.113610100477124
604	0.00663898548198176	0.0149882179674915	0.134052104776321
605	0.00368062300901322	0.00635241686787152	0.137784829632223
606	0.00649888428625629	0.00885932599396162	0.127563971819878
607	0.00434951945420795	0.014180799497676	0.105549709964811
608	-0.0446098607959772	-0.0392253850513267	0.0130813809709356
61	-0.0572279339080591	0.0795259176636594	-0.0305636366504753
610	-0.0429649451965197	-0.0591538673999462	0.0126971651227669
611	-0.0373928612546101	-0.0517588099623632	0.0153692089236898
614	-0.0202419132668584	-0.00935792946416285	-0.0555386118899748
615	0.0269630494264638	0.000468568363028534	0.0923777992278366
617	0.112980647924454	-0.0562505826811999	-0.00386760273544108
618	-0.035637040215425	-0.0388930961307492	0.00519090615092114
619	-0.0345615577453523	-0.0330317124747567	-0.00610841972736864
62	0.0498232825115286	-0.0684768248708903	-0.00492752351029927
620	-0.00138533040637526	-0.0131199447742564	0.0295083113503864
622	-0.00197485387023349	0.0110907524423538	0.118347365160648
623	-0.00164424099205159	0.0111344286843941	0.113965682208438
626	0.0557926850511867	-0.000336246162364633	0.0622329226937461
627	-0.056127658992215	-0.0529035358441297	-0.00419525834274218
628	-0.0503091731977721	-0.0526079359509477	0.00420197509059841
63	0.124954263313096	-0.0693929326422218	-0.0238358050561323
635	-0.034067713344669	-0.0279903923079475	-0.00821173406566797
636	-0.0341211533577608	-0.0300644967970081	-0.0108703839891646
638	0.00196667712332052	0.0217648255400949	0.0977748059315663
64	-0.0567208222020469	0.0808315850942332	-0.032374621598256
640	0.00390807333795691	0.0162433210967746	0.0944725766553903
642	0.0034262398473647	0.0170468225413039	0.0929470030700006
643	0.00244825919198785	0.0171950989576031	0.0927337446610522
65	-0.057610531975392	0.0822891143667704	-0.0325116891316726
651	-0.0388803198020296	-0.0481347694858677	0.0114549592286845
652	-0.0461606042783813	-0.0446040098166538	0.00851549936669922
653	-0.0457446896051183	-0.045011595363487	-0.00353543608839388
654	-0.0492596487773135	-0.0441876155832657	0.0147356915458433
655	-0.0165829723554012	-0.0359175294085588	0.0237778592870373
656	-0.0156752812947644	-0.0372675021280905	0.0201940934539124
659	0.00374050717841814	0.0160807355671592	0.0910832791420039
66	-0.0578267230821772	0.0819415693911759	-0.0302249385460181
662	-0.062347015179909	-0.0223189579674344	0.0242518125204098
663	-0.0388365708189144	-0.0400321797787432	0.00711674249224948
664	-0.061245678809835	0.080265398657299	-0.0266509720146971
667	-0.0424706497818051	-0.0414685889505699	-0.01215857689852
669	-0.0587633732776451	0.016896465362878	-0.0111261019768326
67	0.0490931077033094	-0.0507500767064477	-0.0457438583034763
670	-0.0391752599957703	-0.0447987863914604	0.00159453654026667
671	-0.0398553423039873	-0.0436066679703443	0.002485326595705
673	-0.0426554404577454	-0.046798753980088	0.00635014650429106
677	-0.0424928708862949	-0.0357464351638694	-0.00959874145767656
679	-0.0193929133088831	-0.0437515671295006	0.0193759693599824
68	0.0600325725984688	-0.0642757527412574	0.0463899639714864
683	-0.0575875885915357	-0.0488049602871034	-0.0123454246888529
684	-0.0386903721000819	-0.0398686041460141	-0.00320736033485558
686	-0.0433876591272788	-0.0433882796327669	-0.000287203087716807
687	-0.0456117298737291	-0.0462727111242928	0.00435554855377853
69	0.0495568190608336	-0.0163528965446868	-0.0551288238926981
695	-0.0286065187490639	-0.0494318559273775	0.00960444635046288
696	-0.0317270369909008	-0.0509605169048325	0.00902904344492975
697	-0.0307099255590889	-0.0506155185346499	0.00646336749425624
699	-0.0316951682525054	-0.0501753725147217	0.0112360127398439
70	0.0710142981289293	-0.0270486810289445	-0.0532041492338309
702	-0.0330550841301643	0.0166205707116307	-0.0333156609659386
703	-0.0177488573492297	0.00249791302656561	0.00666268903622464
71	-0.0606562579034936	0.086263773973904	-0.0293138854559348
710	-0.0444825757158521	-0.0378846584186723	-0.00660717609529692
711	-0.0397660737706548	-0.0366536198632313	-0.00465026758180483
712	-0.041801585797424	-0.0379236584025792	-0.00347132625821796
713	-0.0398685255252282	-0.0421139210909489	-0.00447607424020424
715	-0.0406130162652238	-0.0457876153212349	0.00212973283583827
72	-0.0635648595677021	0.0841262660976852	-0.0222433262122628
723	-0.0429538789136848	-0.0284314371928985	0.0070142053759288
726	-0.0438965153612653	-0.0404641365837853	0.00289223678349423
727	-0.0442486708252952	-0.0410931255136265	0.00473549252916985
728	-0.0474125401947748	-0.0441974380684023	0.00629178007915026
729	-0.0543482826691659	-0.0488878047698153	0.0146349817358465
73	-0.0573860470659608	0.0841847842682564	-0.0348458327791814
730	-0.0397544159997544	-0.0387360550090017	0.00245008928356407
737	-0.0504390444526751	-0.0509445987382993	0.00585103781176094
738	-0.046264123393841	-0.0431370739197432	0.00135223519801518
739	-0.0452787963912242	-0.0415055715276612	0.00278420376869268
74	0.0688856895753431	-0.0708538175654402	0.0206737042747659
740	-0.0475897487010109	-0.0448456719097581	0.00376850973690858
744	-0.037768113789949	-0.0357235632290738	0.00358862223752287
745	-0.03957365011334	-0.0318097236673924	0.00439164604447003
747	-0.0446225205294963	-0.0206517019515868	0.00846505537236994
749	-0.0544317697609071	0.0620480102265636	-0.00941667807418327
75	0.0836081676251328	-0.0513849255278759	0.0225844486511364
750	0.0256227251616106	-0.0547613291696829	0.0174758855554228
751	-0.048034293774704	-0.0388194557334975	-0.00840783403561447
754	-0.0465924995749245	-0.040869160902155	-0.000159894580464752
757	0.0249150966291118	-0.0541735913581067	-0.000594177508070678
758	-0.0517322244423849	-0.0419968324192347	-0.000879087894708861
759	-0.0494083891519258	-0.0370414858183667	0.00390042114983145
76	0.0561014659686606	-0.020443763837409	-0.00522897450498366
760	-0.0469876083587713	-0.0362258770997796	-0.00204942085001836
764	-0.0363775128786035	-0.0342920396497053	0.000418944245011521
765	-0.0386902696099176	-0.0372346996163566	-0.0131605228694692
766	-0.0387791590827752	-0.0347839519955844	-0.00406779384233431
767	-0.0384163193758471	-0.0357119907390539	-0.00324812439256535
768	-0.0374699808246462	-0.0378408140794039	-0.00288886600736555
769	-0.0409151679374979	-0.0396173382374588	-0.000614756824869439
77	0.0139349845490353	-0.0107826211446524	0.0516908491283828
78	0.0138487179784473	-0.0128658739375904	0.0560438571224919
784	-0.0625309318309163	-0.0444131305379026	-0.00926351172987008
785	-0.0427762523153566	-0.0362533186070002	-0.00220436840954782
786	-0.0442381890119313	-0.0348969718766308	0.0117738802678894
787	-0.0421195175807969	-0.0365234581608109	-0.00233740842145471
788	-0.0422461806056351	-0.0366149537722202	-0.00325878304068216
789	-0.0447884785299483	-0.0387173594508051	0.000977881830550901
79	0.00586688198983378	-0.00808170050155658	0.0576647715705819
80	0.0142945901348745	-0.00547717065112124	0.0507835031774704
800	-0.0192453882263555	-0.0483795156702757	-0.00134488584634627
803	-0.0430619925321268	-0.0364124130372415	-0.000998865912325006
805	0.010979364323029	-0.0235558275185954	0.0162762859810079
81	0.010753429796974	-0.0160776293077219	0.0608767400722889
815	0.0305004707628678	-0.0396054483915777	-0.0305304158599711
82	-0.0454764907975108	0.0576180916984358	0.0420231619834542
83	0.0796186330525503	-0.0558099588754766	-0.00302346627948094
85	0.0246745341585885	-0.0355963307747719	0.0484087694052313
86	0.0227829941813498	-0.039750138347281	0.0403552272299198
87	0.0201698992762856	-0.0413465021870763	0.0428441000471725
88	0.032934913954164	0.0605430899380167	-0.0590128004401463
89	0.0212632130424448	-0.0369872236927063	0.0370276188195658
899	0.0019380224292429	0.0157517858031043	0.0617528633630828
90	0.00696399950381491	-0.0227977223896708	0.031169556938158
91	-0.0681368025729124	0.0925504980867891	-0.0286032302468011
92	0.00633454409773268	-0.0227822941420562	0.0327700921734308
923	0.000509009969714722	0.0178744909922837	0.0400016842838681
924	0.0082890746083447	0.020334024015625	0.0187092099129081
925	0.00502280047255094	0.0208478748276617	0.0252548032922387
926	0.00566780936230472	0.022865301744	0.0217246943090358
93	0.00808011369968079	-0.0254462219269329	0.0292055944725222
94	0.00540497407950621	-0.0313924464670189	0.0350341177890802
948	0.0449504126183756	-0.0195661970228132	-0.0785486679602692
95	0.00503357271953174	-0.0300419370169921	0.0378532690762635
958	-0.0388391003747621	0.0551917013087733	-0.0324300590380098
959	-0.0419955316307125	0.0649178474366996	-0.0374525051788383
96	-0.00900090085813169	-0.0344397606468627	0.023086643808445
960	-0.0422606387718205	0.0698084582523412	-0.0382152140720275
97	-0.00436258178167996	-0.0564795959180968	0.000589473719416206
977	0.0451008106127052	-0.0147017191901178	-0.0830079662281424
98	-0.00267219959977243	-0.0357610900997166	0.0187264239642962
983	0.0196519245557308	-0.00289335107080531	0.0395676168002579
985	-0.0350689295068914	0.0673822688267798	-0.0344835941378332
988	-0.0359883574638134	0.0625938583083976	-0.0495407610787195
99	0.00347772729932794	-0.0504766028635128	-0.00213540717109632
992	0.0426679541929636	-0.0141632431280819	-0.0846409340557524
