"feature_id_full","feature_id","feature_mz","feature_rt","WT_vs_xthA1_p_value","WT_vs_xthA2_p_value","WT_vs_xthB1_p_value","xthA1_vs_xthA2_p_value","xthA1_vs_xthB1_p_value","xthA2_vs_xthB1_p_value","WT_vs_xthA1_p_value_minus_log10","WT_vs_xthA2_p_value_minus_log10","WT_vs_xthB1_p_value_minus_log10","xthA1_vs_xthA2_p_value_minus_log10","xthA1_vs_xthB1_p_value_minus_log10","xthA2_vs_xthB1_p_value_minus_log10","xthA2_vs_xthB1_fold_change","xthA1_vs_xthB1_fold_change","WT_vs_xthB1_fold_change","xthA1_vs_xthA2_fold_change","WT_vs_xthA2_fold_change","WT_vs_xthA1_fold_change","xthA2_vs_xthB1_fold_change_log2","xthA1_vs_xthB1_fold_change_log2","WT_vs_xthB1_fold_change_log2","xthA1_vs_xthA2_fold_change_log2","WT_vs_xthA2_fold_change_log2","WT_vs_xthA1_fold_change_log2","canopus_npc_pathway","canopus_npc_superclass","canopus_npc_class","sirius_name","gnps_smiles","met_annot_structure_smiles","sirius_smiles","gnps_inchi","gnps_inchi_aux","gnps_inchikey","gnps_inchikey_planar","met_annot_short_inchikey","met_annot_structure_inchi","met_annot_structure_inchikey","sirius_inchi","sirius_inchikey2d"
"230_298.1_2",230,298.096809913135,1.9689721,0.000380516269676945,4.1379166673905e-05,6.02960792406293e-10,0.440894916900939,2.5930518288142e-08,9.25193475165287e-08,3.41962676943254,4.38321825974493,9.21971092698953,0.355664908147138,7.58618880265099,7.03376743870914,0.630460946575642,0.604125165276008,0.521533919207958,0.958227735686601,0.827226368327296,0.863287856862713,-0.665521088214362,-0.727080610543123,-0.939167009962509,-0.0615595223287604,-0.273645921748147,-0.212086399419387,"Carbohydrates","Nucleosides","Purine nucleosides","Methylthioadenosine","CSC[C@@H]1[C@H]([C@H]([C@H](N2C=NC3=C2N=CN=C3N)O1)O)O",NA,"CSCC1C(C(C(O1)N2C=NC3=C(N=CN=C32)N)O)O","\"\"InChI=1S/C11H15N5O3S/c1-20-2-5-7(17)8(18)11(19-5)16-4-15-6-9(12)13-3-14-10(6)16/h3-5,7-8,11,17-18H,2H2,1H3,(H2,12,13,14)/t5-,7-,8-,11-/m1/s1\"\"",NA,"WUUGFSXJNOTRMR-IOSLPCCCSA-N","WUUGFSXJNOTRMR",NA,NA,NA,"InChI=1S/C11H15N5O3S/c1-20-2-5-7(17)8(18)11(19-5)16-4-15-6-9(12)13-3-14-10(6)16/h3-5,7-8,11,17-18H,2H2,1H3,(H2,12,13,14)","WUUGFSXJNOTRMR"
"103_159.08_0.6",103,159.076553132034,0.60622615,0.00186715230324952,0.0142770233804165,0.987338430214204,0.64500495269287,0.00109394534856166,0.00807307546205882,2.72882025528977,1.84536232926931,0.00553395859504991,0.190436950606708,2.96100437399067,2.09296098798449,0.6194003752037,0.556655613622194,0.952343373860273,0.898700801463235,1.53752469644062,1.71083044984189,-0.691055837957522,-0.845143044124993,-0.0704462540771861,-0.154087206167471,0.620609583880336,0.774696790047807,"Amino acids and Peptides","Nicotinic acid alkaloids","Primary amides","3-Acetyltetramic acid",NA,"CC1=NC[C@H](O)[C@@H](C(=O)O)N1","CC(=O)C1=C(CNC1=O)O",NA,NA,NA,NA,"KIIBBJKLKFTNQO","InChI=1S/C6H10N2O3/c1-3-7-2-4(9)5(8-3)6(10)11/h4-5,9H,2H2,1H3,(H,7,8)(H,10,11)/t4-,5-/m0/s1","KIIBBJKLKFTNQO-WHFBIAKZSA-N","InChI=1S/C6H7NO3/c1-3(8)5-4(9)2-7-6(5)10/h9H,2H2,1H3,(H,7,10)","PHWJWQHPYLBZPF"
"102_176.1_0.6",102,176.102961561484,0.60665315,0.00206763060365234,0.0155775255426769,0.982788512229214,0.651829457339898,0.00113885210352005,0.0082595429537301,2.68452704832725,1.80750152795415,0.00753992861098396,0.185866016882394,2.94353267170281,2.08304398393443,0.626240068324899,0.564200219537401,0.948560265596837,0.900932802090666,1.51469111220254,1.6812476010282,-0.675212276407115,-0.825720867592983,-0.0761886585034661,-0.150508591185868,0.599023617903649,0.749532209089517,"Amino acids and Peptides","Small peptides","Aminoacids","TYZIHRRZGCOGJD",NA,"NC(=O)NCCC[C@H](N)C(=O)O","NC(N)(CC=CC=O)C(=O)O",NA,NA,NA,NA,"RHGKLRLOHDJJDR","InChI=1S/C6H13N3O3/c7-4(5(10)11)2-1-3-9-6(8)12/h4H,1-3,7H2,(H,10,11)(H3,8,9,12)/t4-/m0/s1","RHGKLRLOHDJJDR-BYPYZUCNSA-N","InChI=1S/C6H10N2O3/c7-6(8,5(10)11)3-1-2-4-9/h1-2,4H,3,7-8H2,(H,10,11)","TYZIHRRZGCOGJD"
"144_126.13_0.7",144,126.127908767972,0.70580137,0.00229484190880536,0.000334236427547485,1.5845769141265e-10,0.634250735122348,8.85091999691667e-12,5.19917442431961e-12,2.63924722755519,3.47594621925195,9.80008667564691,0.197739020741006,11.0530115848029,11.2840656124089,0.51906040139309,0.529787274387058,0.576697939113167,1.02066594362656,1.11104206286086,1.08854622788058,-0.946025664743648,-0.916514904632409,-0.794112228095809,0.0295107601112389,0.151913436647839,0.1224026765366,"Fatty acids","Fatty acyls","Hydrocarbons","1-Deuterio-1-prop-2-ynylcyclopentane",NA,NA,"C#CCC1CCCC1",NA,NA,NA,NA,NA,NA,NA,"InChI=1S/C8H12/c1-2-5-8-6-3-4-7-8/h1,8H,3-7H2","VBTCAHMANZTRMG"
"97_300.83_0.6",97,300.825953209012,0.60276407,0.00310225782079554,1.8839794917902e-05,0.00164958505065693,0.021422780190962,0.980628467326025,0.0415213449146152,2.50832211190735,4.72492382906481,2.78262528783082,1.66912416827344,0.00849550347903533,1.38172858773339,1.28912571690759,0.973129825556562,0.734807050845369,0.754875814510122,0.570004182841108,0.755096628987926,0.366392963711274,-0.0392958066412129,-0.444562624982951,-0.405688770352487,-0.810955588694225,-0.405266818341738,"Fatty acids","Fatty Acids and Conjugates","Halogenated fatty acids","1-Dichlorophosphoryl-1-dichlorophosphoryloxyethane",NA,NA,"CC(OP(=O)(Cl)Cl)P(=O)(Cl)Cl",NA,NA,NA,NA,NA,NA,NA,"InChI=1S/C2H4Cl4O3P2/c1-2(10(3,4)7)9-11(5,6)8/h2H,1H3","UIPXYPCLZAFTJC"
"100_298.83_0.6",100,298.829046521536,0.60523,0.0046695073371501,4.92351462110241e-05,0.00320387192606764,0.0506029806757242,0.995954702854077,0.0739153514442349,2.3307289378587,4.30772476804111,2.49432485304779,1.2958239010872,0.00176041333119354,1.13126535382257,1.24017205351525,0.984591723781414,0.756606538945188,0.793915425678723,0.610081913070529,0.768446982307927,0.310540284752586,-0.0224024821779707,-0.402384850005453,-0.332942766930557,-0.71292513475804,-0.379982367827482,NA,NA,NA,NA,NA,NA,NA,NA,NA,NA,NA,NA,NA,NA,NA,NA
"146_160.18_0.7",146,160.18077410135,0.7107099,0.00692941074935804,0.000557850106040703,4.97790697551181e-12,0.454183759538734,1.74238401484672e-12,1.30118138486068e-12,2.15930369456318,3.2534824800311,11.3029532235168,0.342768399109703,11.7588561219178,11.8856621585089,0.52651408381295,0.537792698445808,0.570690430310552,1.02142129713071,1.08390344694615,1.06117177113006,-0.925455972230208,-0.894877926860532,-0.809219723671254,0.0305780453696757,0.116236248558954,0.0856582031892784,"Alkaloids","Ornithine alkaloids","Polyamines","4-(Pyrrolidin-1-yl)butan-1-amine",NA,NA,"C1CCN(C1)CCCCN",NA,NA,NA,NA,NA,NA,NA,"InChI=1S/C8H18N2/c9-5-1-2-6-10-7-3-4-8-10/h1-9H2","LSDYCEIPEBJKPT"
"145_161.18_0.7",145,161.184018775143,0.7127856,0.0112394714750691,0.00428451648350692,7.34836635984948e-11,0.942583463433114,7.75890462989537e-12,6.05093752881203e-12,1.94925411055146,2.36809818200058,10.1338091996587,0.0256801837178487,11.1101995863153,11.2181773307946,0.523368870710984,0.528334379715713,0.565074024485678,1.00948758950448,1.07968596549894,1.06953862209333,-0.934099977544707,-0.920476803052042,-0.823488222469183,0.013623174492665,0.110611755075525,0.0969885805828596,NA,NA,NA,NA,NA,NA,NA,NA,NA,NA,NA,NA,NA,NA,NA,NA
"143_143.15_0.7",143,143.154117964293,0.703361,0.013958833254337,0.00114082913873781,7.45559169956778e-09,0.479928504112615,7.84729281555485e-10,3.20118598295949e-10,1.8551508805939,2.94277939472273,8.12751788384614,0.318823455503715,9.10528014173166,9.49468909342017,0.532466861362758,0.550054190052745,0.599677846509967,1.03302990282809,1.12622566778183,1.09021594118293,-0.909236354403911,-0.862354338306078,-0.737740417599013,0.0468820160978327,0.171495936804898,0.124613920707066,"Alkaloids","Pseudoalkaloids (transamidation)","Acetate-derived alkaloids","4-(Pyrrolidin-1-yl)butan-1-amine","c1ncc2nc[nH]c2n1",NA,"C1CCN(C1)CCCCN","\"\"InChI=1S/C5H4N4/c1-4-5(8-2-6-1)9-3-7-4/h1-3H,(H,6,7,8,9)\"\"",NA,"KDCGOANMDULRCW-UHFFFAOYSA-N","KDCGOANMDULRCW",NA,NA,NA,"InChI=1S/C8H18N2/c9-5-1-2-6-10-7-3-4-8-10/h1-9H2","LSDYCEIPEBJKPT"
"137_137.05_0.7",137,137.045863895971,0.69401234,0.0146957496034549,0.00342160243658196,0.163955695816814,0.83291562702472,0.513745755354508,0.162672850557932,1.83280825645485,2.46577045348256,0.785273491352992,0.0793989896777821,0.28925175330805,0.788684923011176,0.82523886205267,0.882841092865629,1.26791079479522,1.06980067646073,1.53641673108009,1.43617102221611,-0.277116332835873,-0.179774311788066,0.342453246712555,0.0973420210478065,0.619569579548428,0.522227558500621,"Alkaloids","Pseudoalkaloids (transamidation)","Purine alkaloids","Sarkin",NA,NA,"C1=NC2=C(N1)C(=O)N=CN2",NA,NA,NA,NA,NA,NA,NA,"InChI=1S/C5H4N4O/c10-5-3-4(7-1-6-3)8-2-9-5/h1-2H,(H2,6,7,8,9,10)","FDGQSTZJBFJUBT"
"232_136.06_2",232,136.061820222295,1.9683437,0.0213344376252448,0.00178663079167651,3.1093930963344e-07,0.497708301107557,1.28527723681771e-05,8.6027331601457e-05,1.67091880063556,2.74796518543735,6.50732437001951,0.303025115745546,4.89100318405747,4.0653635478506,0.65550457296635,0.611337796337745,0.526436717846077,0.932621710892515,0.803101518367442,0.861122477621583,-0.609322249798284,-0.709958329513115,-0.925667977381381,-0.100636079714831,-0.316345727583097,-0.215709647868267,NA,NA,NA,NA,NA,NA,NA,NA,NA,NA,NA,NA,NA,NA,NA,NA
"99_426.7_0.6",99,426.698921950155,0.60386264,0.0402185917318658,0.000128628813219511,0.0163182262316522,0.01947069620564,0.953746751043346,0.0478952151129315,1.39557314044707,3.89066173731682,1.78732705021889,1.71061851931397,0.0205669284670499,1.31970787184324,1.33057261855443,0.958966188413558,0.76947068833703,0.720716911682284,0.57830040811527,0.802396056955861,0.412047250359671,-0.0604481458254187,-0.378061724274406,-0.47249539618509,-0.790108974634077,-0.317613578448987,NA,NA,NA,NA,NA,NA,NA,NA,NA,NA,NA,NA,NA,NA,NA,NA
"82_175.12_0.6",82,175.118984286645,0.56262577,0.0429912389403452,0.197781850341604,0.0655260387436369,0.793144577839275,0.000383669043645729,0.00166568720486893,1.36662003901414,0.703813564397801,1.18358608572583,0.100647640381392,3.41604324045818,2.77840655032035,1.56911944775126,1.75572837573151,1.25982508489126,1.1189258907266,0.802886667867603,0.717551246710566,0.649955180297796,0.812069666458545,0.333223442711442,0.162114486160749,-0.316731737586354,-0.478846223747103,"Amino acids and Peptides","Small peptides","Aminoacids","2-Iminiumyl-1,3-diazepane-4-carboxylate",NA,"N=C(N)NCCC[C@H](N)C(=O)O","C1CC(NC(=NC1)N)C(=O)O",NA,NA,NA,NA,"ODKSFYDXXFIFQN","InChI=1S/C6H14N4O2/c7-4(5(11)12)2-1-3-10-6(8)9/h4H,1-3,7H2,(H,11,12)(H4,8,9,10)/t4-/m0/s1","ODKSFYDXXFIFQN-BYPYZUCNSA-N","InChI=1S/C6H11N3O2/c7-6-8-3-1-2-4(9-6)5(10)11/h4H,1-3H2,(H,10,11)(H3,7,8,9)","IKIABDZHSNNOSK"
"109_302.8_0.6",109,302.800103156122,0.61873025,0.0433759002684545,0.000273684305943989,0.00288853506737552,0.0442758353807402,0.43379358378101,0.47996764271088,1.36275149830909,3.56275010590498,2.53932235567139,1.35383323594651,0.362716875902069,0.318788039844799,1.1536714706475,0.876444369617297,0.706106012103793,0.759700132937664,0.612051203543665,0.805648409164996,0.206232448292949,-0.190265572897739,-0.502043294316278,-0.396498021190688,-0.708275742609227,-0.311777721418539,NA,NA,NA,NA,NA,NA,NA,NA,NA,NA,NA,NA,NA,NA,NA,NA
"107_175.11_0.6",107,175.107756436574,0.6165733,0.0537319738584603,0.00255054661389875,0.866149149273268,0.337249953150648,0.0139977936518393,0.000725707372148165,1.26976720521408,2.59336673487578,0.0624073168406235,0.472048101986426,1.85394041291777,3.13923846508574,0.624751838472499,0.71078374831158,0.92183268963993,1.13770573296659,1.47551817037271,1.29692426399687,-0.678644853115191,-0.492517399590453,-0.117423166065913,0.186127453524738,0.561221687049279,0.37509423352454,"Amino acids and Peptides","Small peptides","Aminoacids","methyl 2-acetyl-3-iminobutanoate",NA,NA,"CC(=N)C(C(=O)C)C(=O)OC",NA,NA,NA,NA,NA,NA,NA,"InChI=1S/C7H11NO3/c1-4(8)6(5(2)9)7(10)11-3/h6,8H,1-3H3","XFMMSQQRBYPHPZ"
"96_149.94_0.6",96,149.940398659692,0.6013022,0.0774744707271273,0.00412988885815913,0.39190196223614,0.370010194886871,0.714606642609052,0.071786696593755,1.11084138199508,2.38406163573771,0.406822562022805,0.431786309657019,0.145932951140788,1.14395603112312,1.29480342645482,1.0966747174059,0.880427918561694,0.846981630569668,0.679970334162855,0.80281591668702,0.372733088487062,0.133135674168477,-0.183723200757522,-0.239597414318584,-0.556456289244584,-0.316858874925999,NA,NA,NA,NA,NA,NA,NA,NA,NA,NA,NA,NA,NA,NA,NA,NA
"41_255.94_0.5",41,255.939095572398,0.49409848,0.0886681731525701,0.0130098434367031,0.449792110433979,0.692154103153398,0.696182104494135,0.176418429712559,1.05223223929585,1.8857279298016,0.346988166563876,0.159797202222002,0.157277144538281,0.753456047864151,0.801032616879606,0.889839037480969,1.20837432450743,1.1108649245112,1.50852075064635,1.35796955809918,-0.320067106619902,-0.168383703560879,0.27306743517375,0.151683403059023,0.593134541793651,0.441451138734629,NA,NA,NA,NA,NA,NA,NA,NA,NA,NA,NA,NA,NA,NA,NA,NA
"46_143.15_0.5",46,143.15411554069,0.4973343,0.0996814663990307,0.0184137601395851,6.65239019426167e-09,0.76367095439144,1.39018085931752e-09,7.77898079284967e-10,1.00138558179724,1.73485751833307,8.1770222852726,0.11709372712348,8.8569286953617,9.10907730083001,0.534773368099142,0.547154834479803,0.582443502394338,1.02315273556847,1.08914081579014,1.06449484805902,-0.903000474385022,-0.869978948657136,-0.779809981203881,0.0330215257278856,0.123190493181141,0.0901689674532553,"Alkaloids","Ornithine alkaloids","Polyamines","4-(Pyrrolidin-1-yl)butan-1-amine",NA,NA,"C1CCN(C1)CCCCN",NA,NA,NA,NA,NA,NA,NA,"InChI=1S/C8H18N2/c9-5-1-2-6-10-7-3-4-8-10/h1-9H2","LSDYCEIPEBJKPT"
"31_214.91_0.5",31,214.91249267304,0.49371797,0.106600883386316,0.00196847816797896,0.210400673872039,0.147405911637381,0.972246411481877,0.0725871696395268,0.972239196358108,2.70586939752544,0.676952873556134,0.831485098973501,0.0122236511390991,1.13914013752562,0.762923829889019,0.953720001256789,1.30938486992826,1.25008547890754,1.71627208199636,1.37292378077716,-0.390389068924411,-0.0683623214132901,0.388889213651431,0.322026747511121,0.779278282575842,0.457251535064721,NA,NA,NA,NA,NA,NA,NA,NA,NA,NA,NA,NA,NA,NA,NA,NA
"250_239.65_2.3",250,239.654791307431,2.2718134,0.107139090859493,0.0358184085618126,0.780167728524343,0.916097951116963,0.0209856789190259,0.00683593606387201,0.970052043200986,1.44589371408099,0.107812018153511,0.0380580881713429,1.67807697613002,2.16520200786433,0.618071412797974,0.657331562213189,0.875209430955576,1.06352040978159,1.41603286098212,1.33145809705046,-0.69415455621187,-0.605306836210745,-0.192299810687957,0.0888477200011239,0.501854745523912,0.413007025522788,NA,NA,NA,NA,NA,NA,NA,NA,NA,NA,NA,NA,NA,NA,NA,NA
"227_136.06_1.9",227,136.061824649395,1.9457157,0.117092650631611,0.00311267594118292,0.000359417126302053,0.206287484524359,0.0217642424030593,0.55640646813039,0.931470362744049,2.50686609110092,3.44440123251011,0.685527119903188,1.66225644570839,0.25460783005129,0.886244740417428,0.751957557748457,0.638666208977053,0.848476186605383,0.720643158543583,0.849338107445019,-0.174222934449127,-0.411276859784728,-0.646865973530318,-0.237053925335602,-0.472643039081191,-0.23558911374559,NA,NA,NA,NA,NA,NA,NA,NA,NA,NA,NA,NA,NA,NA,NA,NA
"147_161.18_0.7",147,161.178338539319,0.7125353,0.121082274564324,0.00448559718661456,4.50301727017433e-08,0.274333069212,7.3745975992523e-09,2.24327734166252e-09,0.916919429295772,2.3481797293008,7.34649638740815,0.561721837635556,8.132261672325,8.64911703024775,0.516682308254825,0.544072047703447,0.583647509224904,1.05301079408183,1.12960614269195,1.07273937650079,-0.952650609673078,-0.878130384621402,-0.776830770690094,0.0745202250516771,0.175819838982985,0.101299613931307,"Terpenoids","Monoterpenoids","Menthane monoterpenoids",NA,NA,NA,"CC(C)(C)C(C(C)(C)C)[O]",NA,NA,NA,NA,NA,NA,NA,"InChI=1S/C9H19O/c1-8(2,3)7(10)9(4,5)6/h7H,1-6H3","UBLZHALVUKEGGC"
"33_232.92_0.5",33,232.923107356181,0.49290952,0.155527849983697,0.00151186806762937,0.304278801052091,0.0771230775094387,0.968108896771413,0.0354724445075063,0.808191831645139,2.82048610566053,0.516728303661552,1.11281564872789,0.0140757887588028,1.45010888202313,0.769373768841462,0.95903094818794,1.21041683584498,1.24650850734366,1.57324942032746,1.26212489610688,-0.378243451901463,-0.0603507227337963,0.275503959439551,0.317892729167667,0.653747411341014,0.335854682173347,NA,NA,NA,NA,NA,NA,NA,NA,NA,NA,NA,NA,NA,NA,NA,NA
"53_126.13_0.5",53,126.127957995135,0.50965524,0.173364936584995,0.0353419976600802,7.95901899941498e-10,0.779035731887054,2.04436689799081e-10,1.11734066443603e-10,0.761038734930635,1.45170890620928,9.09914045856836,0.10844262216635,9.68944115967548,9.95181439525635,0.529658419630854,0.540036238368435,0.565920951587724,1.01959341785752,1.068463996064,1.04793143752259,-0.916865839314077,-0.888871874351491,-0.821327544863445,0.0279939649625863,0.0955382944506323,0.0675443294880462,"Fatty acids","Fatty acyls","Hydrocarbons","1-Deuterio-1-prop-2-ynylcyclopentane",NA,NA,"C#CCC1CCCC1",NA,NA,NA,NA,NA,NA,NA,"InChI=1S/C8H12/c1-2-5-8-6-3-4-7-8/h1,8H,3-7H2","VBTCAHMANZTRMG"
"98_151.94_0.6",98,151.937430210582,0.60344297,0.176705005271238,0.00402643692079985,0.348308365390132,0.175270843098216,0.964284514418005,0.0816886567201353,0.752751148677208,2.39507910028772,0.458036094880996,0.756290324264082,0.0157948075793424,1.08783824537542,1.27405211890414,1.03917058153933,0.877737232914792,0.815642128073349,0.688933537247884,0.84465173332235,0.34942429654755,0.0554324944164609,-0.188138988280872,-0.293991802131089,-0.537563284828422,-0.243571482697334,NA,NA,NA,NA,NA,NA,NA,NA,NA,NA,NA,NA,NA,NA,NA,NA
"75_156.04_0.6",75,156.042159152455,0.5587196,0.197037332536294,0.732935596965155,7.99800550438379e-05,0.696124382258603,0.00209974005491331,0.000362604988635939,0.705451480546794,0.134934185128956,4.09701830131244,0.157313154495324,2.6778344670301,3.44056622527593,0.625352804277044,0.672284420000412,0.586811967910253,1.07504822142378,0.938369451446936,0.872862661178275,-0.677257752510807,-0.572856378976373,-0.769029800105265,0.104401373534434,-0.0917720475944578,-0.196173421128892,"Amino acids and Peptides","Small peptides","Aminoacids","2-(Propan-2-ylazaniumyl)acetate",NA,NA,"CC(C)NCC(=O)O",NA,NA,NA,NA,NA,NA,NA,"InChI=1S/C5H11NO2/c1-4(2)6-3-5(7)8/h4,6H,3H2,1-2H3,(H,7,8)","HEPOIJKOXBKKNJ"
"158_174.2_0.7",158,174.196501437544,0.7370028,0.197732581491123,0.0142770961462007,0.00832552400784481,0.438610200892153,0.000258391503679345,2.93461236040571e-05,0.703921763686028,1.84536011580386,2.07958842249989,0.357921272020888,3.58772177073052,4.53244925756973,0.567923877613113,0.622297515460933,0.716483177986396,1.0957410667013,1.26158312095919,1.15135150018348,-0.816230525632329,-0.68432360864817,-0.480995262445306,0.131906916984159,0.335235263187023,0.203328346202864,"Alkaloids","Pseudoalkaloids (transamidation)","Acetate-derived alkaloids","1-Piperidin-2-ylbutan-2-amine",NA,NA,"CCC(CC1CCCCN1)N",NA,NA,NA,NA,NA,NA,NA,"InChI=1S/C9H20N2/c1-2-8(10)7-9-5-3-4-6-11-9/h8-9,11H,2-7,10H2,1H3","MAUJJDMNCSGNBX"
"168_268.1_1",168,268.104048768297,1.0062627,0.243404558387263,0.039857829314686,0.977889805713365,0.69274173514755,0.416033428444952,0.0787398680227916,0.613671292729219,1.39948635697331,0.00971008127263439,0.159428646926062,0.380871772243665,1.10380531747342,0.744137621257403,0.831158155112272,1.05313204815662,1.11694145191561,1.4152382812968,1.26706577043013,-0.426358635993731,-0.266805071698706,0.0746863416597883,0.159553564295024,0.501044977653519,0.341491413358495,"Carbohydrates","Nucleosides","Purine nucleosides","Myocol","Nc1nccc2c1ncn2[C@@H]1O[C@H](CO)[C@@H](O)[C@H]1O",NA,"C1=NC(=C2C(=N1)N(C=N2)C3C(C(C(O3)CO)O)O)N","\"\"InChI=1S/C11H14N4O4/c12-10-7-5(1-2-13-10)15(4-14-7)11-9(18)8(17)6(3-16)19-11/h1-2,4,6,8-9,11,16-18H,3H2,(H2,12,13)/t6-,8-,9-,11-/m1/s1\"\"","DBZQFUNLCALWDY-PNHWDRBUSA-N","DBZQFUNLCALWDY-PNHWDRBUSA-N","DBZQFUNLCALWDY",NA,NA,NA,"InChI=1S/C10H13N5O4/c11-8-5-9(13-2-12-8)15(3-14-5)10-7(18)6(17)4(1-16)19-10/h2-4,6-7,10,16-18H,1H2,(H2,11,12,13)","OIRDTQYFTABQOQ"
"160_193.07_0.9",160,193.068104716594,0.8650151,0.254869812986282,0.0313161955950728,0.000458525960917888,0.593915588571642,0.0119165808182351,0.108002858558223,0.593681599720357,1.50423100307713,3.33863607032285,0.226275275595521,1.92384833727916,0.966564749701631,1.21989261812621,1.37319337778303,1.7020230621684,1.12566742136065,1.3952236753287,1.2394634941484,0.286754159169285,0.457534805036254,0.76725058546722,0.17078064586697,0.480496426297935,0.309715780430965,"Amino acids and Peptides","Small peptides","Aminoacids","S-2-(Boronoethyl)-L-cysteine","C1=NC(=C2C(=N1)N(C=N2)[C@H]3[C@@H]([C@@H]([C@H](O3)CSCC[C@@H](C(=O)O)N)O)O)N",NA,"[B-](CCSCC(C(=O)O)N)(O)(O)O","InChI=1S/C14H20N6O5S/c15-6(14(23)24)1-2-26-3-7-9(21)10(22)13(25-7)20-5-19-8-11(16)17-4-18-12(8)20/h4-7,9-10,13,21-22H,1-3,15H2,(H,23,24)(H2,16,17,18)/t6-,7+,9+,10+,13+/m0/s1",NA,"ZJUKTBDSGOFHSH-WFMPWKQPSA-N","ZJUKTBDSGOFHSH",NA,NA,NA,"InChI=1S/C5H13BNO5S/c7-4(5(8)9)3-13-2-1-6(10,11)12/h4,10-12H,1-3,7H2,(H,8,9)/q-1","XLVRIIJULVQAMP"
"83_140.07_0.6",83,140.068391294864,0.5651163,0.264192472626444,0.263373028110685,0.000196034222069041,0.999999996112645,0.00431154114961618,0.00432753431581068,0.578079560466267,0.579428702959939,3.70766810640687,1.68825668149072e-09,2.36536746461009,2.36375947963786,0.658241024516699,0.658129535758871,0.571654599979194,0.99983062623921,0.868457872857318,0.868604991751411,-0.603312150433008,-0.603556525813729,-0.806784376918826,-0.000244375380721125,-0.203472226485818,-0.203227851105097,"Amino acids and Peptides","Small peptides","Aminoacids","(carboxymethyl)trimethylazanium",NA,NA,"C[N+](C)(C)CC(=O)O",NA,NA,NA,NA,NA,NA,NA,"InChI=1S/C5H11NO2/c1-6(2,3)4-5(7)8/h4H2,1-3H3/p+1","KWIUHFFTVRNATP"
"180_137.05_1.2",180,137.045849827764,1.2346945,0.264434297864315,0.308488515997478,2.00374085101984e-08,0.99949762896212,9.65894382254362e-08,8.78369683654512e-08,0.577682216330173,0.510760998670471,7.69815844760008,0.000218231790875699,7.01507035982867,7.05632266202054,1.66292649320426,1.65379697935196,1.8309779323434,0.994509971493261,1.10105764736199,1.10713585476548,0.733724398190137,0.725782139672761,0.872614403319525,-0.00794225851737557,0.138890005129389,0.146832263646764,"Alkaloids","Pseudoalkaloids (transamidation)","Purine alkaloids","Sarkin",NA,NA,"C1=NC2=C(N1)C(=O)N=CN2",NA,NA,NA,NA,NA,NA,NA,"InChI=1S/C5H4N4O/c10-5-3-4(7-1-6-3)8-2-9-5/h1-2H,(H2,6,7,8,9,10)","FDGQSTZJBFJUBT"
"194_276.11_1.5",194,276.107839349896,1.5313092,0.264857483330659,0.268598589598325,3.03360367048811e-07,0.999999639244808,5.47610423673461e-08,5.52096772743482e-08,0.57698775192114,0.57089627212625,6.51804115887006,1.5667401763152e-07,7.26152829373604,7.25798479150104,1.78257923500256,1.78357665725929,1.60642391924694,1.00055953880599,0.901179531155388,0.900675568223363,0.833966205367431,0.83477322347009,0.683852655926491,0.000807018102658608,-0.15011354944094,-0.150920567543598,"Carbohydrates","Phloroglucinols","Acyl phloroglucinols","JJRHYRJKCQQTTQ",NA,NA,"Cc1oc#cc1O[C@@H]1O[C@H](CO)[C@@H](O)[C@H](O)[C@H]1O",NA,NA,NA,NA,NA,NA,NA,"InChI=1S/C11H14O7/c1-5-6(2-3-16-5)17-11-10(15)9(14)8(13)7(4-12)18-11/h7-15H,4H2,1H3","JJRHYRJKCQQTTQ"
"62_314.85_0.5",62,314.849761754947,0.52745515,0.268324388497024,0.0202165124967555,0.0011261701601456,0.43420048692887,0.0302546149209693,0.36719035304146,0.571339851710055,1.6942937614081,2.94839598423688,0.362309693847046,1.51920837037202,0.435108737263541,0.831766072863632,0.720182994037901,0.617952546660098,0.865848004064931,0.742940313173138,0.85804934548007,-0.265750255189969,-0.473564561877988,-0.694432038839709,-0.20781430668802,-0.42868178364974,-0.220867476961721,NA,NA,NA,NA,NA,NA,NA,NA,NA,NA,NA,NA,NA,NA,NA,NA
"155_153.04_0.7",155,153.040743789924,0.7298483,0.269123069403318,0.00022635949339822,0.0149254667836589,0.00497998406648581,0.000594321804228914,2.143461338866e-06,0.57004907263708,3.64520128670439,1.82607207772641,2.30277204676807,3.22597833623583,5.66888434535539,0.543139323756702,0.67770157911144,0.762343388337052,1.24774905713698,1.40358717366327,1.12489539914691,-0.88060577547536,-0.561277961809726,-0.391487106276773,0.319327813665635,0.489118669198587,0.169790855532953,"Alkaloids","Pseudoalkaloids (transamidation)","Purine alkaloids","8-hydroxy-2,3,6,7,8,9-hexahydro-1H-purine-2,6-dione",NA,NA,"C1(NC2=C(N1)NC(=O)NC2=O)O",NA,NA,NA,NA,NA,NA,NA,"InChI=1S/C5H6N4O3/c10-3-1-2(7-4(11)6-1)8-5(12)9-3/h4,6,11H,(H3,7,8,9,10,12)","KYKVXIJTQOYZLY"
"135_214.14_0.7",135,214.141425588805,0.68559194,0.305757315260743,0.213230922096624,0.000269222641628986,0.994209247063209,0.00519837447457105,0.00800580440466059,0.514623143647787,0.671149815020007,3.56988841873842,0.00252220183889322,2.28413243849758,2.09659502464988,1.3054561928734,1.33075784028076,1.55107105523472,1.01938146032435,1.18814485212308,1.16555469995013,0.38455404601943,0.412248066057384,0.633264778370582,0.0276940200379549,0.248710732351152,0.221016712313197,"Fatty acids","Fatty amides","N-acyl amines","Tris[(S)-2-hydroxypropyl]amine",NA,NA,"CC(CN(CC(C)O)CC(C)O)O",NA,NA,NA,NA,NA,NA,NA,"InChI=1S/C9H21NO3/c1-7(11)4-10(5-8(2)12)6-9(3)13/h7-9,11-13H,4-6H2,1-3H3","SLINHMUFWFWBMU"
"153_193.07_0.8",153,193.068055540331,0.7522397,0.347430104117314,0.0594832362481136,0.00181513605840589,0.679147699165727,0.036272685751902,0.232747222741373,0.459132553518178,1.22560541125863,2.74109081569661,0.168035766283386,1.44042028660188,0.63311549253907,1.16671302146944,1.28640898239566,1.52753071465112,1.10259246166248,1.3092600207095,1.18743784873643,0.222449742349762,0.363349385333169,0.611201389163056,0.140899642983407,0.388751646813294,0.247852003829887,"Amino acids and Peptides","Small peptides","Aminoacids","2-Amino-3-(2-boronoethylsulfanyl)propanoic acid","C1=NC(=C2C(=N1)N(C=N2)[C@H]3[C@@H]([C@@H]([C@H](O3)CSCC[C@@H](C(=O)O)N)O)O)N",NA,"B(CCSCC(C(=O)O)N)(O)O","InChI=1S/C14H20N6O5S/c15-6(14(23)24)1-2-26-3-7-9(21)10(22)13(25-7)20-5-19-8-11(16)17-4-18-12(8)20/h4-7,9-10,13,21-22H,1-3,15H2,(H,23,24)(H2,16,17,18)/t6-,7+,9+,10+,13+/m0/s1",NA,"ZJUKTBDSGOFHSH-WFMPWKQPSA-N","ZJUKTBDSGOFHSH",NA,NA,NA,"InChI=1S/C5H12BNO4S/c7-4(5(8)9)3-12-2-1-6(10)11/h4,10-11H,1-3,7H2,(H,8,9)","OTJHLDXXJHAZTN"
"150_150.06_0.7",150,150.058376935086,0.7180858,0.464365962644407,0.134702282006579,4.7850629902868e-08,0.818717095830743,1.7547763009329e-07,3.9554117714502e-07,0.333139620926266,0.870625046782806,7.32011234082258,0.0868661409070856,6.75577823957571,6.40280829832056,1.61529788426722,1.69416047718706,1.84992839526998,1.04882232168317,1.14525525804746,1.09194401603652,0.691800243263485,0.760570538587702,0.887469429775014,0.068770295324217,0.195669186511529,0.126898891187312,"Fatty acids","Fatty Acids and Conjugates","Halogenated fatty acids","[Hydroxy(methyl)silyl] prop-2-enoate",NA,"CSCC[C@H](N)C(=O)O","C[SiH](O)OC(=O)C=C",NA,NA,NA,NA,"FFEARJCKVFRZRR","InChI=1S/C5H11NO2S/c1-9-3-2-4(6)5(7)8/h4H,2-3,6H2,1H3,(H,7,8)/t4-/m0/s1","FFEARJCKVFRZRR-BYPYZUCNSA-N","InChI=1S/C4H8O3Si/c1-3-4(5)7-8(2)6/h3,6,8H,1H2,2H3","NOENSDLARNLZST"
"234_205.1_2",234,205.097193662618,1.9810214,0.492785161614795,0.0139396795943603,0.136474637306544,0.165856117679343,0.796669048014036,0.56248386812939,0.307342377803525,1.85574720844751,0.864948051196581,0.780268504696924,0.0987220556069102,0.249889928475004,0.885263159925555,1.09804559881078,1.30017915281186,1.24036066168518,1.46869226199495,1.18408484512847,-0.175821709653584,0.134937966740401,0.378710427150273,0.310759676393984,0.554532136803856,0.243772460409872,"Alkaloids","Tryptophan alkaloids","Simple indole alkaloids","Trans-3-Indoleacrylic Acid","OC(=O)[C@H](N)Cc(c1)c(c2)c(ccc2)n1","N[C@@H](Cc1c[nH]c2ccccc12)C(=O)O","C1=CC=C2C(=C1)C(=CN2)C=CC(=O)O","1S/C11H12N2O2/c12-9(11(14)15)5-7-6-13-10-4-2-1-3-8(7)10/h1-4,6,9,13H,5,12H2,(H,14,15)/t9-/m0/s1",NA,NA,NA,"QIVBCDIJIAJPQS","InChI=1S/C11H12N2O2/c12-9(11(14)15)5-7-6-13-10-4-2-1-3-8(7)10/h1-4,6,9,13H,5,12H2,(H,14,15)/t9-/m0/s1","QIVBCDIJIAJPQS-VIFPVBQESA-N","InChI=1S/C11H9NO2/c13-11(14)6-5-8-7-12-10-4-2-1-3-9(8)10/h1-7,12H,(H,13,14)","PLVPPLCLBIEYEA"
"231_146.06_2",231,146.060094927268,1.9795029,0.523646081150245,0.0201333941024567,0.184057815030799,0.210339691919467,0.861344238330619,0.573933005520048,0.280962142280416,1.69608300525473,0.735045737833199,0.677078766519283,0.0648232470024597,0.241138799293709,0.879195544278828,1.08925888105436,1.29624249632769,1.23892675314663,1.47435062059027,1.19002242614078,-0.185744020091491,0.123346876026405,0.374335637607711,0.309090896117896,0.560079657699203,0.250988761581307,"Alkaloids","Anthranilic acid alkaloids","Acridone alkaloids","Indole-4-Carbaldehyde",NA,NA,"C1=CC(=C2C=CNC2=C1)C=O",NA,NA,NA,NA,NA,NA,NA,"InChI=1S/C9H7NO/c11-6-7-2-1-3-9-8(7)4-5-10-9/h1-6,10H","JFDDFGLNZWNJTK"
"56_146.17_0.5",56,146.165214138485,0.5189834,0.557503397322945,0.237311224363869,1.42411675785326e-06,0.905661337654224,6.31615724366874e-06,1.42316978926083e-05,0.253752481761214,0.624681720004288,5.84645440310599,0.043034171731481,5.19954706656628,4.84674328393522,0.588908060666856,0.56982688140311,0.535269196007666,0.967599052317029,0.908918100732988,0.939354062570107,-0.763885674368553,-0.811404412937448,-0.901663464923989,-0.0475187385688955,-0.137777790555436,-0.0902590519865406,"Alkaloids","Ornithine alkaloids","Polyamines","(R)-N,N-Dimethyl-1-(pyrrolidin-3-yl)methanamine","NCCCCNCCCN","NCCCCNCCCN","CN(C)CC1CCNC1","\"\"InChI=1S/C7H19N3/c8-4-1-2-6-10-7-3-5-9/h10H,1-9H2\"\"",NA,"ATHGHQPFGPMSJY-UHFFFAOYSA-N","ATHGHQPFGPMSJY","ATHGHQPFGPMSJY","InChI=1S/C7H19N3/c8-4-1-2-6-10-7-3-5-9/h10H,1-9H2","ATHGHQPFGPMSJY-UHFFFAOYSA-N","InChI=1S/C7H16N2/c1-9(2)6-7-3-4-8-5-7/h7-8H,3-6H2,1-2H3","DDROADVTQNAKPF"
"67_382.84_0.5",67,382.837311988929,0.53059155,0.560178900337395,0.0653471002293972,0.0376176428390582,0.478804815554519,0.320423243299169,0.988091427848814,0.251673253312544,1.18477367942717,1.42460842128065,0.319841490349508,0.494275987998414,0.00520286839500908,0.958048223339411,0.80249129737696,0.699935363576187,0.837631423791763,0.730584689293054,0.872203057982074,-0.0618298190703198,-0.317442347885044,-0.5147063941921,-0.255612528814724,-0.45287657512178,-0.197264046307056,NA,NA,NA,NA,NA,NA,NA,NA,NA,NA,NA,NA,NA,NA,NA,NA
"126_130.09_0.6",126,130.086402275106,0.64112407,0.569588458086049,0.375801621440105,3.4431471118701e-08,0.983269591949331,1.03543315699284e-07,1.42223349097748e-07,0.244438819652671,0.42504135041705,7.46304442123709,0.00732739138074864,6.98487793200583,6.84702909874071,1.67437353015701,1.70714690958909,1.83896971174752,1.01957351740326,1.09830314360922,1.07721819453146,0.743621409603377,0.771587215726995,0.878897718427665,0.0279658061236181,0.135276308824288,0.10731050270067,"Fatty acids","Fatty Acids and Conjugates","Unsaturated fatty acids","2-Butynyl acetate",NA,NA,"CC#CCOC(=O)C",NA,NA,NA,NA,NA,NA,NA,"InChI=1S/C6H8O2/c1-3-4-5-8-6(2)7/h5H2,1-2H3","ZSMZQEFXKCGILJ"
"233_188.07_2",233,188.070589771016,1.9810214,0.57868549492514,0.0203179027397755,0.16844085336428,0.183211199746844,0.787293804673447,0.610226474382628,0.237557403333568,1.69212112294077,0.773552566999699,0.737047981325473,0.103863166069376,0.214508954627285,0.888199403286424,1.10405969064949,1.29130319837526,1.24303133571624,1.45384380308894,1.16959545694093,-0.171044492819002,0.142818173090782,0.368827785645005,0.313862665909785,0.539872278464008,0.226009612554223,"Alkaloids","Tryptophan alkaloids","Simple indole alkaloids","Trans-3-Indoleacrylic Acid",NA,NA,"C1=CC=C2C(=C1)C(=CN2)C=CC(=O)O",NA,NA,NA,NA,NA,NA,NA,"InChI=1S/C11H9NO2/c13-11(14)6-5-8-7-12-10-4-2-1-3-9(8)10/h1-7,12H,(H,13,14)","PLVPPLCLBIEYEA"
"617_160.18_6.5",617,160.180851728964,6.547663,0.683425231247984,0.991573998325449,1.34012770066638e-05,0.835469934977917,3.55783718153369e-06,9.46437111537524e-06,0.165308991604721,0.00367487009686879,4.87285381577528,0.0780691739071794,5.44881393055773,5.02390823856191,0.564644012748123,0.54161732302852,0.572903724747185,0.959219102302117,1.01462817600573,1.05776477300195,-0.824586506838925,-0.884654212237993,-0.803635377370657,-0.0600677053990679,0.0209511294682689,0.0810188348673368,"Alkaloids","Ornithine alkaloids","Polyamines","N'-(cyclopropylmethyl)butane-1,4-diamine","CC(=O)NC(C(=O)O)C(C)C",NA,"C1CC1CNCCCCN","InChI=1S/C7H13NO3/c1-4(2)6(7(10)11)8-5(3)9/h4,6H,1-3H3,(H,8,9)(H,10,11)",NA,"IHYJTAOFMMMOPX-UHFFFAOYSA-N","IHYJTAOFMMMOPX",NA,NA,NA,"InChI=1S/C8H18N2/c9-5-1-2-6-10-7-8-3-4-8/h8,10H,1-7,9H2","PXZQKOBVOJEWOH"
"58_161.18_0.5",58,161.184083333612,0.5224031,0.757226400177924,0.507779408656378,8.1086026781918e-10,0.971182560166327,4.46196635195406e-10,3.4160296813468e-10,0.120774253065711,0.294324914506465,9.09105397950471,0.0126991249627364,9.35047370908933,9.46647836444992,0.521225236041674,0.5263313698131,0.538335532431047,1.00979640550447,1.03282706823506,1.02280723381966,-0.940021158658244,-0.92595671159936,-0.893422442388545,0.0140644470588844,0.0465987162696996,0.0325342692108151,NA,NA,NA,NA,NA,NA,NA,NA,NA,NA,NA,NA,NA,NA,NA,NA
"164_272.16_1",164,272.160461480195,0.9675315,0.778462422401162,0.0426857848184284,1,0.205099339372113,0.778462422401162,0.0426857848184286,0.108762346663879,1.36971672925509,0,0.68803573849808,0.108762346663879,1.36971672925509,0.686292219343866,0.875571843112985,1,1.27580033465931,1.45710525606141,1.14211073353459,-0.543105096285786,-0.191702534217773,0,0.351402562068013,0.543105096285786,0.191702534217773,"Amino acids and Peptides","Small peptides","Pyridine alkaloids","Piperazine, 1,4-bis(1,3-dioxobutyl)-","CO[C@@H]1CCN(C(=O)c2cc(-n3ccnn3)ccc2)C1",NA,"CC(=O)CC(=O)N1CCN(CC1)C(=O)CC(=O)C","InChI=1S/C14H16N4O2/c1-20-13-5-7-17(10-13)14(19)11-3-2-4-12(9-11)18-8-6-15-16-18/h2-4,6,8-9,13H,5,7,10H2,1H3/t13-/m1/s1","ADWLJKACUPPPOM-CYBMUJFWSA-N","ADWLJKACUPPPOM-CYBMUJFWSA-N","ADWLJKACUPPPOM",NA,NA,NA,"InChI=1S/C12H18N2O4/c1-9(15)7-11(17)13-3-5-14(6-4-13)12(18)8-10(2)16/h3-8H2,1-2H3","BMBXDBNMQGCKMJ"
"63_160.18_0.5",63,160.180876437604,0.5254196,0.781350787802557,0.852357229496717,2.43257369803018e-09,0.998867097015511,1.3882952565325e-09,1.51177892426801e-09,0.107153945630863,0.0693783509094949,8.61393399333587,0.000492292427158731,8.85751816021666,8.82051171345804,0.526248292417798,0.524363031469429,0.536977575078446,0.996417544768254,1.02038825173447,1.02405688969657,-0.926184447989794,-0.931362118320377,-0.89706625434641,-0.00517767033058276,0.0291181936433842,0.0342958639739668,"Alkaloids","Ornithine alkaloids","Polyamines","4-(Pyrrolidin-1-yl)butan-1-amine",NA,NA,"C1CCN(C1)CCCCN",NA,NA,NA,NA,NA,NA,NA,"InChI=1S/C8H18N2/c9-5-1-2-6-10-7-3-4-8-10/h1-9H2","LSDYCEIPEBJKPT"
"51_147.11_0.5",51,147.112754960408,0.5034462,0.833465968830784,0.177700518295251,7.92544744276924e-08,0.545285845124686,1.66069583418249e-07,5.9904969085256e-07,0.0791121281103975,0.750311305495546,7.10097620968558,0.263375775858069,6.77970990375125,6.22253715162071,1.62728113683869,1.7626606955466,1.85840015424093,1.08319371228681,1.14202771246475,1.05431530806593,0.702463519409171,0.817754788915733,0.894061178998176,0.115291269506563,0.191597659589005,0.0763063900824424,"Amino acids and Peptides","Small peptides","Aminoacids","Nipecotic Acid",NA,NA,"C1CC(CNC1)C(=O)O",NA,NA,NA,NA,NA,NA,NA,"InChI=1S/C6H11NO2/c8-6(9)5-2-1-3-7-4-5/h5,7H,1-4H2,(H,8,9)","XJLSEXAGTJCILF"
"151_133.03_0.7",151,133.031878507145,0.71817213,0.838298678286334,0.90685486101673,1.08527553748239e-05,0.998357941229318,3.11090957275661e-05,2.51449288320993e-05,0.0766012185763475,0.0424622147076949,4.96445998604011,0.000713723211300564,4.50711261268544,4.59954958922859,1.52691319789609,1.51024439340566,1.59914395388038,0.989083331971063,1.04730508327769,1.05886435391708,0.610618050003599,0.594782030758637,0.677299815116793,-0.0158360192449618,0.0666817651131943,0.0825177843581562,"Fatty acids","Fatty Acids and Conjugates","Thia fatty acids","(Allylthio)acetic acid",NA,NA,"C=CCSCC(=O)O",NA,NA,NA,NA,"KAFIOMPFBSDFPP","nan","nan","InChI=1S/C5H8O2S/c1-2-3-8-4-5(6)7/h2H,1,3-4H2,(H,6,7)","BLSMRHBHPHGMSV"
"114_134.12_0.6",114,134.117577333339,0.6300645,0.840217191414094,0.779601205461661,0.038836366418792,0.999325644407837,0.155800374152157,0.188174830278277,0.0756084367472109,0.108127498024218,1.41076141002273,0.000292967705828451,0.80743150371081,0.725438466999501,1.23064491366792,1.24674392266444,1.36907086918551,1.01308176616806,1.11248245044544,1.09811713881038,0.299414551270568,0.318165170507945,0.453197128828228,0.0187506192373765,0.153782577557659,0.135031958320283,"Fatty acids","Fatty acyls","Fatty alcohols","(3-Methoxycyclobutyl)methanol",NA,"CCO","COC1CC(C1)CO",NA,NA,NA,NA,"LFQSCWFLJHTTHZ","InChI=1S/C2H6O/c1-2-3/h3H,2H2,1H3","LFQSCWFLJHTTHZ-UHFFFAOYSA-N","InChI=1S/C6H12O2/c1-8-6-2-5(3-6)4-7/h5-7H,2-4H2,1H3","XIICKNMLKKNTGN"
"122_152.06_0.6",122,152.056743009975,0.6493152,0.867061641015532,0.999313484256828,1.26143318013305e-09,0.914746142382707,1.98713578924981e-09,1.3556806788273e-09,0.0619500266283975,0.000298252388197124,8.89913574971881,0.0386994133203776,8.70177245472867,8.86784259347372,1.81110020232164,1.76293224501251,1.82048314637025,0.973404035156426,1.00518079785789,1.03264498764519,0.856866368150802,0.81797702845115,0.864321384693107,-0.0388893396996521,0.00745501654230546,0.0463443562419575,"Fatty acids","Fatty Acids and Conjugates","Dicarboxylic acids","2,3-Dihydroxy-4-oxobutanoic acid",NA,NA,"C(=O)C(C(C(=O)O)O)O",NA,NA,NA,NA,NA,NA,NA,"InChI=1S/C4H6O5/c5-1-2(6)3(7)4(8)9/h1-3,6-7H,(H,8,9)","JYPFTOPPKDHQEW"
"176_152.06_1.2",176,152.056751318873,1.1802884,0.887683349948319,0.901130834492495,6.27698270028176e-08,0.999984056650647,1.16457904875134e-07,1.12959450682126e-07,0.0517419259948688,0.0452121495613843,7.20224906828772,6.92416384427539e-06,6.9338310272913,6.94707742824607,1.75424462451438,1.75069131463838,1.82732958482283,0.997974450184225,1.04166178381688,1.04377600410972,0.810849941605841,0.80792472734679,0.869736867958915,-0.0029252142590512,0.0588869263530741,0.0618121406121254,"Alkaloids","Pseudoalkaloids (transamidation)","Purine alkaloids",NA,NA,NA,"C1=NC2=NC=NC(=O)C2=N1",NA,NA,NA,NA,NA,NA,NA,"InChI=1S/C5H2N4O/c10-5-3-4(7-1-6-3)8-2-9-5/h1-2H","UYLWKSJTHLRFBX"
"117_136.06_0.6",117,136.061842449442,0.64272684,0.889396989054282,0.104665154985798,0.0448082017152203,0.0308167593385588,0.148325110972919,0.000613414706562732,0.0509043451359306,0.980197879124797,1.34864248525072,1.5112130332159,0.828785318062759,3.21224581605735,1.64305189846298,1.19474141784583,1.27106345652129,0.727147705415437,0.773599091854815,1.06388163793055,0.716378050873897,0.256698404348783,0.346036057190477,-0.459679646525115,-0.37034199368342,0.0893376528416946,"Alkaloids","Histidine alkaloids","Imidazole alkaloids","9H-Purine-6-ylium",NA,NA,"C1=NC2=NC=N[C+]=C2N1",NA,NA,NA,NA,NA,NA,NA,"InChI=1S/C5H3N4/c1-4-5(8-2-6-1)9-3-7-4/h2-3H,(H,6,7,8,9)/q+1","JKFUJIHITORJRY"
"118_284.1_0.6",118,284.098984089754,0.64363736,0.899921395773353,0.442568808853424,1.70458168669008e-06,0.825657882156031,3.62544711285384e-06,9.89968781783812e-06,0.045795422641475,0.35401919732286,5.76838218174592,0.0831998687451983,5.44063842587339,5.00437850046588,1.53227054238364,1.61884370398074,1.69554738669426,1.05649991904329,1.10655875695203,1.04738177164658,0.615671046411706,0.694963703134781,0.761751104972887,0.0792926567230746,0.146080058561181,0.0667874018381064,"Carbohydrates","Nucleosides","Purine nucleosides","2-[6-(hydroxyamino)-9H-purin-9-yl]-5-(hydroxymethyl)oxolane-3,4-diol",NA,NA,"C1=NC(=C2C(=N1)N(C=N2)C3C(C(C(O3)CO)O)O)NO",NA,NA,NA,NA,NA,NA,NA,"InChI=1S/C10H13N5O5/c16-1-4-6(17)7(18)10(20-4)15-3-13-5-8(14-19)11-2-12-9(5)15/h2-4,6-7,10,16-19H,1H2,(H,11,12,14)","QROZCFCNYCVEDO"
"44_230.89_0.5",44,230.890139587698,0.49727842,0.904272417580822,0.212204990784503,3.56610116152289e-05,0.0712680333575189,8.96436761931296e-05,2.84578635789678e-06,0.0437007159520565,0.673244406275009,4.44780634111916,1.14710522540063,4.04748034181063,5.5457977068762,0.573364773972268,0.653400084588071,0.631822017574752,1.13958881718756,1.10195471758318,0.966975720508328,-0.802474822985284,-0.613961453342512,-0.662409882252659,0.188513369642772,0.140064940732625,-0.0484484289101462,"Fatty acids","Fatty acyls","Fatty alcohols","Hydroxy-(hydroxysulfonothioylmethyl)-oxo-sulfanylidene-lambda6-sulfane",NA,NA,"C(S(=O)(=S)O)S(=O)(=S)O",NA,NA,NA,NA,NA,NA,NA,"InChI=1S/CH4O4S4/c2-8(3,6)1-9(4,5)7/h1H2,(H,2,3,6)(H,4,5,7)","WSPWWYSDRMFWGC"
"172_132.1_1.1",172,132.102004400383,1.0687152,0.917745516588805,0.751857634158842,6.96612272310659e-08,0.982847693813606,1.20889251609135e-07,1.67106415815965e-07,0.0372777284535025,0.123864386206968,7.15700887878698,0.00751377704187845,6.91761231100319,6.77700687566028,1.66330970181466,1.69608050799756,1.75689619740383,1.01970216739982,1.05626522558431,1.03585660534361,0.734056817857218,0.762204652054518,0.813028955196807,0.0281478341972994,0.0789721373395884,0.0508243031422892,NA,NA,NA,NA,NA,NA,NA,NA,NA,NA,NA,NA,NA,NA,NA,NA
"259_439.1_2.4",259,439.101388277963,2.3527377,0.923498117547419,0.997507049594438,0.0970826523782689,0.849176209948356,0.0335461746033228,0.13210269060556,0.0345639854858966,0.00108402637891302,1.01285836689397,0.0710021812899275,1.47435699690749,0.879088336789351,0.732861202908745,0.672110362625399,0.717773913042471,0.917104575815687,0.97941316881506,1.06794055404636,-0.448388103671549,-0.573229947390071,-0.478398604455814,-0.124841843718522,-0.0300105007842642,0.0948313429342572,"Alkaloids","Anthranilic acid alkaloids","Phenazine alkaloids","Fmn(3-)",NA,"Cc1cc2nc3c(O)nc(=O)nc-3n(C[C@H](O)[C@H](O)[C@H]3COP(=O)(O)O3)c2cc1C","CC1=CC2=C(C=C1C)N(C3=NC(=O)NC(=O)C3=N2)CC(C(C(COP(=O)(O)O)O)O)O",NA,NA,NA,NA,"CVZKYDYRJQYYDJ","InChI=1S/C17H19N4O8P/c1-7-3-9-10(4-8(7)2)21(15-13(18-9)16(24)20-17(25)19-15)5-11(22)14(23)12-6-28-30(26,27)29-12/h3-4,11-12,14,22-23H,5-6H2,1-2H3,(H,26,27)(H,20,24,25)/t11-,12+,14-/m0/s1","CVZKYDYRJQYYDJ-SCRDCRAPSA-N","InChI=1S/C17H21N4O9P/c1-7-3-9-10(4-8(7)2)21(15-13(18-9)16(25)20-17(26)19-15)5-11(22)14(24)12(23)6-30-31(27,28)29/h3-4,11-12,14,22-24H,5-6H2,1-2H3,(H,20,25,26)(H2,27,28,29)","FVTCRASFADXXNN"
"132_188.18_0.7",132,188.175795971582,0.67348456,0.925533386552654,0.296036560541746,0.503116947391695,0.613876067694764,0.224320926638547,0.0285492009726932,0.0336079104237039,0.528654650221381,0.298331053306866,0.211919297505355,0.649130209699631,1.54440604216441,0.684621891565651,0.777108581843734,0.832761724206349,1.13509163440067,1.21638196859572,1.0716156579182,-0.546620669983013,-0.363811900961011,-0.264024334567393,0.182808769022002,0.28259633541562,0.0997875663936177,"Amino acids and Peptides","Fatty amides","Dipeptides","N-(2-piperidin-4-ylethyl)acetamide",NA,NA,"CC(=O)NCCC1CCNCC1",NA,NA,NA,NA,NA,NA,NA,"InChI=1S/C9H18N2O/c1-8(12)11-7-4-9-2-5-10-6-3-9/h9-10H,2-7H2,1H3,(H,11,12)","HEMNPHJPHULGLQ"
"104_284.83_0.6",104,284.83441253998,0.6088632,0.930947166566106,0.97576162498417,0.0586472066645114,0.748529792401053,0.157709137081195,0.0288084220025796,0.031074965549148,0.0106562659381789,1.23175266827273,0.125790909525486,0.802143144534189,1.54048052979113,0.713102270903824,0.781839441190675,0.739552503514146,1.09639174223878,1.03709178008478,0.945913527191555,-0.487819096556215,-0.355055729274074,-0.435275521774429,0.132763367282141,0.0525435747817859,-0.0802197925003554,"Fatty acids","Fatty Acids and Conjugates","Halogenated fatty acids","Ethylenebis(dichlorophosphine oxide)",NA,NA,"C(CP(=O)(Cl)Cl)P(=O)(Cl)Cl",NA,NA,NA,NA,NA,NA,NA,"InChI=1S/C2H4Cl4O2P2/c3-9(4,7)1-2-10(5,6)8/h1-2H2","HSSWJZQNPFSPPQ"
"249_328.23_2.3",249,328.232827629956,2.2513776,0.934378075766386,0.024256471332154,0.0314543988678472,0.067040861051645,0.0861740349659884,0.998765149360029,0.0294773603915481,1.61517237710655,1.50231861030004,1.1736604164008,1.0646235714105,0.000536620210050227,1.02039846045785,0.737084593358498,0.696572264831387,0.722349770135649,0.682647310658267,0.945037070517892,0.0291326273659378,-0.440097891557143,-0.52165506409136,-0.469230518923081,-0.550787691457298,-0.0815571725342167,"Fatty acids","Fatty acyls","Fatty alcohols","2-(2-(2-(2-(2-(2-Ethoxyethoxy)ethoxy)ethoxy)ethoxy)ethoxy)ethanol",NA,NA,"CCOCCOCCOCCOCCOCCOCCO",NA,NA,NA,NA,NA,NA,NA,"InChI=1S/C14H30O7/c1-2-16-5-6-18-9-10-20-13-14-21-12-11-19-8-7-17-4-3-15/h15H,2-14H2,1H3","UKXKPKBTMYNOFS"
"190_250.09_1.5",190,250.093445658418,1.4997513,0.936383608157609,0.952839253211805,0.027750388344766,0.999917307050801,0.0100636303306325,0.0111765432738258,0.0285461974412485,0.0209803599403345,1.55673093489054,3.59145764911883e-05,1.99724532463282,1.95169249602324,1.40355945368876,1.41251641113585,1.33068531896059,1.00638160173661,0.948079053910654,0.942067156508678,0.489090176586638,0.498267629387481,0.412169442436494,0.00917745280084376,-0.0769207341501438,-0.0860981869509874,"Carbohydrates","Nucleosides","Purine nucleosides","Myocol",NA,NA,"C1=NC(=C2C(=N1)N(C=N2)C3C(C(C(O3)CO)O)O)N",NA,NA,NA,NA,NA,NA,NA,"InChI=1S/C10H13N5O4/c11-8-5-9(13-2-12-8)15(3-14-5)10-7(18)6(17)4(1-16)19-10/h2-4,6-7,10,16-18H,1H2,(H2,11,12,13)","OIRDTQYFTABQOQ"
"124_196.08_0.7",124,196.082895348489,0.6603766,0.948282860120216,0.379051809380276,7.52151314261651e-05,0.676535888658559,3.62902425862233e-05,8.67100555967948e-06,0.0230620990901112,0.421301425941713,4.1236947812989,0.169709160141066,4.44021012869925,5.06193053531538,1.67761489719278,1.54078721038201,1.48350620759559,0.918439156066314,0.884294846259416,0.962823547339665,0.74641157771233,0.623667632959749,0.569010963655821,-0.122743944752581,-0.177400614056509,-0.054656669303928,"Alkaloids","Pseudoalkaloids (transamidation)","Purine alkaloids","methyl 9H-purine-6-carboxylate",NA,NA,"COC(=O)C1=C2C(=NC=N1)N=CN2",NA,NA,NA,NA,NA,NA,NA,"InChI=1S/C7H6N4O2/c1-13-7(12)5-4-6(10-2-8-4)11-3-9-5/h2-3H,1H3,(H,8,9,10,11)","HILMMWCZVHCJNL"
"669_343.33_7",669,343.331831665712,6.986306,0.963259432701502,0.965267330097983,0.0212948633132406,0.999999680536628,0.00928262488969778,0.00943625249017577,0.0162567294728601,0.0153523924510136,1.67172514321624,1.38741201685317e-07,2.03232919900547,2.02520044701249,1.47468762407707,1.47637182735573,1.39611058592866,1.00114207460018,0.946716147294189,0.945636160254549,0.560409387747405,0.562056112946788,0.481413221957348,0.00164672519938323,-0.0789961657900567,-0.0806428909894398,"Fatty acids","Fatty amides","N-acyl ethanolamines (endocannabinoids)","N-Acetyloctadecanamide",NA,NA,"CCCCCCCCCCCCCCCCCC(=O)NC(=O)C",NA,NA,NA,NA,NA,NA,NA,"InChI=1S/C20H39NO2/c1-3-4-5-6-7-8-9-10-11-12-13-14-15-16-17-18-20(23)21-19(2)22/h3-18H2,1-2H3,(H,21,22,23)","ZQGJHEMDPUYYJH"
"101_255.1_0.6",101,255.097597240216,0.6093179,0.972789623570548,0.00790245922749644,1,0.0166418400288849,0.972789623570548,0.00790245922749644,0.0119810705241435,2.10223773621208,0,1.7787986569989,0.0119810705241436,2.10223773621208,0.629985586407957,0.941401063398839,1,1.49432159038194,1.58733790355711,1.06224651626119,-0.666609273664714,-0.0871186122029139,0,0.579490661461801,0.666609273664714,0.0871186122029139,"Carbohydrates","Nucleosides","Pyridine alkaloids","2,4,5,6-tetradeuterio-1-[(2R,3R,4S,5R)-3,4-dihydroxy-5-(hydroxymethyl)oxolan-2-yl]pyridin-1-ium-3-carboxamide",NA,NA,"C1=CC(=C[N+](=C1)C2C(C(C(O2)CO)O)O)C(=O)N",NA,NA,NA,NA,NA,NA,NA,"InChI=1S/C11H14N2O5/c12-10(17)6-2-1-3-13(4-6)11-9(16)8(15)7(5-14)18-11/h1-4,7-9,11,14-16H,5H2,(H-,12,17)/p+1","JLEBZPBDRKPWTD"
"74_188.18_0.6",74,188.175841757074,0.5532794,0.979700965144307,0.999950351123668,0.000118421372581889,0.971126923268927,6.89325457647882e-05,0.000127346990991373,0.00890646410928291,2.15627683118038e-05,3.92656990946508,0.0127240054441874,4.16157568217339,3.89501131227305,0.603939612697698,0.588577267936003,0.60211021243277,0.974563111213927,0.996970888766914,1.02299263874771,-0.727523791722705,-0.764696271381231,-0.731900507608236,-0.0371724796585261,-0.00437671588553127,0.0327957637729949,"Alkaloids","Ornithine alkaloids","Polyamines","2-Amino-3-methyl-1-pyrrolidin-1-YL-butan-1-one",NA,NA,"CC(C)C(C(=O)N1CCCC1)N",NA,NA,NA,NA,NA,NA,NA,"InChI=1S/C9H18N2O/c1-7(2)8(10)9(12)11-5-3-4-6-11/h7-8H,3-6,10H2,1-2H3","IHBAVXVTGLANPI"
"50_129.14_0.5",50,129.138826577193,0.5008778,0.985136490188867,0.788770046086391,4.10737878664413e-06,0.934304155205979,6.12234531649491e-06,1.23860506714424e-05,0.00650359404119679,0.103049590290979,5.38643524422116,0.029511719675292,5.21308217868856,4.90706714762026,0.592942967761425,0.576488222843458,0.567214437065176,0.972249025939056,0.956608759872161,0.983913312690863,-0.754034749112195,-0.79463695972305,-0.818033841546067,-0.0406022106108542,-0.0639990924338713,-0.0233968818230169,"Alkaloids","Ornithine alkaloids","Acetate-derived alkaloids","6-Azoniaspiro[3.4]octane",NA,"NCCC1CCCCN1","C1CC2(C1)CCNC2",NA,NA,NA,NA,"IEVJVQXLBZUEMH","InChI=1S/C7H16N2/c8-5-4-7-3-1-2-6-9-7/h7,9H,1-6,8H2","IEVJVQXLBZUEMH-UHFFFAOYSA-N","InChI=1S/C7H13N/c1-2-7(3-1)4-5-8-6-7/h8H,1-6H2","NVZWMJWMTWOVNJ"
"350_337.1_3.6",350,337.104638927795,3.6264477,0.990163779154422,0.670015205461012,0.0462981830706868,0.831775149480689,0.0773403164711556,0.291301091535899,0.00429296449320083,0.173915341220249,1.33443605213233,0.0799940589706374,1.11159405515673,0.535657888022077,1.21059438070427,1.33821524459573,1.39013463310815,1.10542000353349,1.14830752171461,1.03879748696788,0.275715559523625,0.420310184242297,0.475224613244798,0.144594624718672,0.199509053721173,0.054914429002501,"Amino acids and Peptides","Guanidine alkaloids","Open-chain polyketides","2-[[2-chloro-4-[(Z)-N'-hydroxycarbamimidoyl]phenyl]methylamino]-N-(2-methoxyethyl)acetamide",NA,NA,"COCCNC(=O)CNCC1=C(C=C(C=C1)C(=NO)N)Cl",NA,NA,NA,NA,NA,NA,NA,"InChI=1S/C13H19ClN4O3/c1-21-5-4-17-12(19)8-16-7-10-3-2-9(6-11(10)14)13(15)18-20/h2-3,6,16,20H,4-5,7-8H2,1H3,(H2,15,18)(H,17,19)","GYBYDSAYXKBJFE"
"142_146.17_0.7",142,146.16517015466,0.6975984,0.995432240516149,0.980095644321445,0.0049849261216619,0.925950966952086,0.00742045235589728,0.00260580036660552,0.00198829723524931,0.00873154086444984,2.30234127369983,0.033412010451926,2.12956961902261,2.58405885915399,0.655368325727828,0.686389923548529,0.67437512389742,1.04733460041153,1.02900170396316,0.982495664288027,-0.609622146479731,-0.542899721177632,-0.568376775232135,0.0667224253020994,0.0412453712475957,-0.0254770540545038,"Alkaloids","Ornithine alkaloids","Polyamines","3-imino-N-propylbutan-1-amine","NCCCCNCCCN","NCCCCNCCCN","CCCNCCC(=N)C","InChI=1S/C7H19N3/c8-4-1-2-6-10-7-3-5-9/h10H,1-9H2",NA,"ATHGHQPFGPMSJY-UHFFFAOYSA-N","ATHGHQPFGPMSJY","ATHGHQPFGPMSJY","InChI=1S/C7H19N3/c8-4-1-2-6-10-7-3-5-9/h10H,1-9H2","ATHGHQPFGPMSJY-UHFFFAOYSA-N","InChI=1S/C7H16N2/c1-3-5-9-6-4-7(2)8/h8-9H,3-6H2,1-2H3","SYHYEHLVWQUVFG"
"988_651.57_9.9",988,651.56738365996,9.9384575,0.99547444000182,0.999951142934624,0.00630724892679224,0.997825706848876,0.00939829491684219,0.00688159458796511,0.00196988652424206,2.12188722447959e-05,2.2001600284646,0.000945311582646115,2.02695093101475,2.16231091634105,1.59589133430879,1.5553486607047,1.6076621377276,0.974595592611792,1.00737569229543,1.03363456589804,0.674362420488169,0.637238023883663,0.684964245173511,-0.037124396604505,0.010601824685342,0.047726221289847,"Fatty acids","Spingolipids","Ceramides",NA,NA,NA,"CCCCCCCCCCCCCCCCCCCC(=O)OC(CCCCCCC(=O)NCC(=O)O)C=CCC=CCCCC",NA,NA,NA,NA,NA,NA,NA,"InChI=1S/C39H71NO5/c1-3-5-7-9-11-12-13-14-15-16-17-18-19-20-22-24-30-34-39(44)45-36(31-27-23-21-10-8-6-4-2)32-28-25-26-29-33-37(41)40-35-38(42)43/h10,21,27,31,36H,3-9,11-20,22-26,28-30,32-35H2,1-2H3,(H,40,41)(H,42,43)","DBFQPEXKIFSARX"
"193_120.08_1.5",193,120.08098909783,1.5302453,0.995630203580383,0.952848650961567,3.15507234949219e-06,0.876391768224574,4.07710873084888e-06,1.78759052038568e-06,0.00190193704403037,0.02097607656229,5.5009906774262,0.0573017103347844,5.38964770636045,5.7477319570745,1.7599373162353,1.66586663930541,1.6934280645069,0.946548848040158,0.962209306482192,1.01654479689501,0.815524045244988,0.736272910599163,0.75994670358235,-0.0792511346458247,-0.0555773416626376,0.0236737929831873,"Shikimates and Phenylpropanoids","Phenylpropanoids (C6-C3)","Cinnamic acids and derivatives","Benzylidenecarbene",NA,NA,"[C]=CC1=CC=CC=C1",NA,NA,NA,NA,NA,NA,NA,"InChI=1S/C8H6/c1-2-8-6-4-3-5-7-8/h2-7H","ZZWABYQKBLDNHJ"
"173_133.11_1.1",173,133.105328498972,1.0692437,0.996544583022913,0.75826014185927,1.31315938123322e-07,0.862420916408983,1.58388354210004e-07,3.24731989409521e-07,0.00150326723170941,0.120181772215371,6.8816825593718,0.0642807190278774,6.80027675385932,6.48847492683529,1.65723519880932,1.73279596524748,1.7543512639694,1.04559447354995,1.05860125661696,1.01243960578985,0.728778367843688,0.79310178879974,0.81093763948719,0.0643234209560519,0.0821592716435013,0.0178358506874492,"Fatty acids","Fatty acyls","Thia fatty acids","Butyl-ethyl-methylidene-lambda4-sulfane",NA,NA,"CCCCS(=C)CC",NA,NA,NA,NA,NA,NA,NA,"InChI=1S/C7H16S/c1-4-6-7-8(3)5-2/h3-7H2,1-2H3","HNIYZLGNSOKWFJ"
"127_298.1_0.7",127,298.096760319565,0.67603606,0.996606646901475,0.987294974462577,0.00218870862128728,0.999369268447591,0.00154985623766291,0.00127680891585402,0.00147622061368175,0.00555307362986764,2.65981205140146,0.00027400965512797,2.80970858446539,2.8938740933393,0.593025175496045,0.598681394104673,0.608904630145378,1.00953790638635,1.02677703292453,1.0170762548183,-0.753834742574206,-0.740139660207069,-0.715711811568163,0.0136950823671363,0.0381229310060424,0.0244278486389062,"Carbohydrates","Nucleosides","Purine nucleosides","Methylthioadenosine","CSC[C@@H]1[C@H]([C@H]([C@H](N2C=NC3=C2N=CN=C3N)O1)O)O",NA,"CSCC1C(C(C(O1)N2C=NC3=C(N=CN=C32)N)O)O","\"\"InChI=1S/C11H15N5O3S/c1-20-2-5-7(17)8(18)11(19-5)16-4-15-6-9(12)13-3-14-10(6)16/h3-5,7-8,11,17-18H,2H2,1H3,(H2,12,13,14)/t5-,7-,8-,11-/m1/s1\"\"",NA,"WUUGFSXJNOTRMR-IOSLPCCCSA-N","WUUGFSXJNOTRMR",NA,NA,NA,"InChI=1S/C11H15N5O3S/c1-20-2-5-7(17)8(18)11(19-5)16-4-15-6-9(12)13-3-14-10(6)16/h3-5,7-8,11,17-18H,2H2,1H3,(H2,12,13,14)","WUUGFSXJNOTRMR"
"161_182.08_0.9",161,182.081380194565,0.88328665,0.996692895721605,0.0147849859319159,0.000170529712035683,0.0212471559590759,0.0002313692476833,0.0736146858231402,0.00143863731435752,1.83017908437386,3.76819994131112,1.67269919426975,3.63569436556138,1.13303553707935,1.18635254109172,1.55088076129563,1.57990897285197,1.3072680401295,1.33173649326708,1.01871724266674,0.246532790412672,0.633087769739357,0.65984143928964,0.386554979326685,0.413308648876968,0.0267536695502835,"Shikimates and Phenylpropanoids","Phenylpropanoids (C6-C3)","Cinnamic acids and derivatives","Coumaric Acid","N[C@@H](CC1=CC=C(O)C=C1)C(O)=O","N[C@@H](Cc1ccc(O)cc1)C(=O)O","C1=CC(=CC=C1C=CC(=O)O)O","InChI=1S/C9H11NO3/c10-8(9(12)13)5-6-1-3-7(11)4-2-6/h1-4,8,11H,5,10H2,(H,12,13)/t8-/m0/s1",NA,"OUYCCCASQSFEME-QMMMGPOBSA-N","OUYCCCASQSFEME","OUYCCCASQSFEME","InChI=1S/C9H11NO3/c10-8(9(12)13)5-6-1-3-7(11)4-2-6/h1-4,8,11H,5,10H2,(H,12,13)/t8-/m0/s1","OUYCCCASQSFEME-QMMMGPOBSA-N","InChI=1S/C9H8O3/c10-8-4-1-7(2-5-8)3-6-9(11)12/h1-6,10H,(H,11,12)","NGSWKAQJJWESNS"
"68_174.16_0.5",68,174.160192514002,0.5326211,0.999357690042533,0.996720492873441,0.00308221389824437,0.999749810964448,0.00377225726383856,0.00437511932876977,0.000279041295297379,0.0014266124219516,2.51113722557743,0.000108669312074825,2.42339869651384,2.35901009735721,0.627031187453972,0.622407719803212,0.616179999884019,0.992626415171575,0.982694341546209,0.989994147371497,-0.673390892902787,-0.684068140519649,-0.698576239086558,-0.0106772476168625,-0.0251853461837709,-0.0145080985669084,"Alkaloids","Ornithine alkaloids","Polyamines","Acetamide, N-(3-((3-aminopropyl)amino)propyl)-",NA,NA,"CC(=O)NCCCNCCCN",NA,NA,NA,NA,NA,NA,NA,"InChI=1S/C8H19N3O/c1-8(12)11-7-3-6-10-5-2-4-9/h10H,2-7,9H2,1H3,(H,11,12)","AWCGLAKRWLZACY"
"108_123.06_0.7",108,123.055483962557,0.6511688,0.999385387934722,0.0222821272885581,0.987500076722716,0.0273761539949882,0.969748605277968,0.0125995756584728,0.000267004689020757,1.65204334915452,0.00546286195947573,1.56262756482425,0.0133408363430313,1.89964408125442,0.662225482716707,0.943291533398598,0.957702081113682,1.42442651033127,1.44618729739124,1.01527687592315,-0.594605567568835,-0.0842243761742454,-0.062351158074443,0.51038119139459,0.532254409494392,0.0218732180998027,"Alkaloids","Nicotinic acid alkaloids","Pyridine alkaloids","Nitrosocyclohexatriene",NA,NA,"C1=CC=C([C+]=C1)N=O",NA,NA,NA,NA,NA,NA,NA,"InChI=1S/C6H4NO/c8-7-6-4-2-1-3-5-6/h1-4H/q+1","ZGXAGDBDEUHHPK"
"412_243.21_4.7",412,243.206674800374,4.669673,0.999524192590073,0.380449723745903,0.0330438760696586,0.330278507369285,0.0273644615958633,0.446259238299897,0.000206689708727869,0.419702726915443,1.48090901531864,0.481119686782762,1.56281309231394,0.35041278017692,0.811004816822553,0.66578006142179,0.673100276344641,0.820932314594948,0.829958419953398,1.01099494464766,-0.302217611782208,-0.586882429153296,-0.571106645908392,-0.284664817371088,-0.268889034126184,0.0157757832449042,"Fatty acids","Fatty amides","Primary amides","N-cyclopentyloxycycloheptanecarboxamide",NA,NA,"C1CCCC(CC1)C(=O)NOC2CCCC2",NA,NA,NA,NA,NA,NA,NA,"InChI=1S/C13H23NO2/c15-13(11-7-3-1-2-4-8-11)14-16-12-9-5-6-10-12/h11-12H,1-10H2,(H,14,15)","ZLPFWABSNXLCOK"
"229_152.06_2",229,152.05673627428,1.9584106,0.999634798848451,0.972960681809057,1.415287664841e-09,0.987326168583451,1.33510158484285e-09,1.10043529844006e-09,0.000158633813291484,0.0119047095963774,8.84915527847485,0.00553935207663485,8.8744856885629,8.95843548728284,1.78390238981778,1.76081337590941,1.75395739138224,0.987057019464649,0.983213768529899,0.996106353676676,0.835036677153711,0.816242009726974,0.810613701039091,-0.0187946674267368,-0.0244229761146204,-0.00562830868788361,"Alkaloids","Pseudoalkaloids (transamidation)","Purine alkaloids","N-(4-amino-2-(14N)azanyl-6-oxo-(213C,1,3-14N2)1H-pyrimidin-5-yl)formamide","COc1ncnc2[nH]cnc12",NA,"C(=O)NC1=C(N=C(NC1=O)N)N","\"\"InChI=1S/C6H6N4O/c1-11-6-4-5(8-2-7-4)9-3-10-6/h2-3H,1H3,(H,7,8,9,10)\"\"",NA,"GOILPRCCOREWQE-UHFFFAOYSA-N","GOILPRCCOREWQE",NA,NA,NA,"InChI=1S/C5H7N5O2/c6-3-2(8-1-11)4(12)10-5(7)9-3/h1H,(H,8,11)(H5,6,7,9,10,12)","RUHWEHKVKUSJAF"
"73_246.99_0.5",73,246.990733869262,0.54983115,0.99967823440923,0.994356021622638,1.70054326176228e-09,0.985489873825145,1.7984957967343e-09,1.46876855122713e-09,0.000139763507287495,0.0024580919176718,8.76941231515399,0.00634783385481341,8.7450905728342,8.83304663500908,1.85122111327747,1.82332064618867,1.83094452953547,0.984928614475773,0.989046914171103,1.00418131795016,0.888477223667265,0.866568293680021,0.872588083775156,-0.0219089299872439,-0.0158891398921087,0.00601979009513518,NA,NA,NA,NA,NA,NA,NA,NA,NA,NA,NA,NA,NA,NA,NA,NA
"129_123.06_0.7",129,123.055487486718,0.6697561,0.999922902324386,0.0124285656174115,0.998445597820188,0.0137735239806743,0.996077681220284,0.00939411771781207,3.34843858873933e-05,1.90557899045641,0.000675593497487776,1.86095493050844,0.00170679088375562,2.02714400196884,0.644270539067941,0.970101118099874,0.977937595273737,1.50573564872811,1.51789898182914,1.00807800035239,-0.634261469571367,-0.0437929610123791,-0.0321856888730451,0.590468508558988,0.602075780698322,0.011607272139334,"Alkaloids","Nicotinic acid alkaloids","Pyridine alkaloids","Pyridin-4-ylmethanone",NA,NA,"C1=CN=CC=C1[C+]=O",NA,NA,NA,NA,NA,NA,NA,"InChI=1S/C6H4NO/c8-5-6-1-3-7-4-2-6/h1-4H/q+1","GQTQLSCRSBJTTO"
"66_272.99_0.5",66,272.993558407516,0.52885956,0.999977859566927,0.999825725795354,2.85775091368734e-08,0.999978477844164,2.77253565661439e-08,2.69087757631681e-08,9.61557435759103e-06,7.56929212690596e-05,7.54397562772329,9.34705410295382e-06,7.55712285983298,7.57010606037058,1.81934005531768,1.81543927739959,1.81151841036322,0.997855937977792,0.995700833974606,0.997840265391863,0.863415224280548,0.860318675850295,0.857199467897055,-0.00309654843025273,-0.00621575638349235,-0.00311920795323948,NA,NA,NA,NA,NA,NA,NA,NA,NA,NA,NA,NA,NA,NA,NA,NA
"192_166.09_1.5",192,166.086288482954,1.5297055,0.999988901976236,0.930324053856232,7.94565308592787e-06,0.939562948198231,7.65935092794656e-06,3.95369690830982e-06,4.81983722601385e-06,0.0313657500609835,5.09987040053867,0.0270741180229244,5.11580803198029,5.40299662690243,1.70670113070104,1.63621879899883,1.6325697432731,0.958702592718586,0.956564517305098,0.997769824104236,0.771210442662004,0.710365681729666,0.707144624926383,-0.0608447609323373,-0.064065817735621,-0.0032210568032838,"Amino acids and Peptides","Small peptides","Aminoacids","L-Phe","C1=CC=C(C=C1)CC(C(=O)O)N","N[C@@H](Cc1ccccc1)C(=O)O","C1=CC=C(C=C1)CC(C(=O)O)N","InChI=1S/C9H11NO2/c10-8(9(11)12)6-7-4-2-1-3-5-7/h1-5,8H,6,10H2,(H,11,12)",NA,"COLNVLDHVKWLRT-UHFFFAOYSA-N","COLNVLDHVKWLRT","COLNVLDHVKWLRT","InChI=1S/C9H11NO2/c10-8(9(11)12)6-7-4-2-1-3-5-7/h1-5,8H,6,10H2,(H,11,12)/t8-/m0/s1","COLNVLDHVKWLRT-QMMMGPOBSA-N","InChI=1S/C9H11NO2/c10-8(9(11)12)6-7-4-2-1-3-5-7/h1-5,8H,6,10H2,(H,11,12)","COLNVLDHVKWLRT"
"141_129.14_0.7",141,129.138790236458,0.69215286,0.99999425580683,0.966621563078476,0.00336497260465252,0.961340225015296,0.00350881055765528,0.00156539010423762,2.49467856158978e-06,0.0147435209894602,2.47301846715967,0.0171228852790124,2.45484007891651,2.80537741594132,0.645306056871318,0.668305031278755,0.667089898502886,1.03564041304516,1.03375737977292,0.998181769223637,-0.631944528141935,-0.581421359449971,-0.584046899617177,0.050523168691964,0.047897628524758,-0.00262554016720582,"Alkaloids","Ornithine alkaloids","Polyamines","(R)-N,N-Dimethyl-1-(pyrrolidin-3-yl)methanamine","CCCCNNC(C)=O","NCCC1CCCCN1","CN(C)CC1CCNC1","InChI=1S/C6H14N2O/c1-3-4-5-7-8-6(2)9/h7H,3-5H2,1-2H3,(H,8,9)",NA,"FOVAWJIBWKCZFN-UHFFFAOYSA-N","FOVAWJIBWKCZFN","IEVJVQXLBZUEMH","InChI=1S/C7H16N2/c8-5-4-7-3-1-2-6-9-7/h7,9H,1-6,8H2","IEVJVQXLBZUEMH-UHFFFAOYSA-N","InChI=1S/C7H16N2/c1-9(2)6-7-3-4-8-5-7/h7-8H,3-6H2,1-2H3","DDROADVTQNAKPF"
"65_257.02_0.5",65,257.019658276116,0.5280066,0.999996123864719,0.999534198953722,7.84172149437268e-09,0.999763095119664,7.72896713296944e-09,7.30182725394712e-09,1.68338742596236e-06,0.000202341953269354,8.10558858611194,0.000102898671345758,8.11187853951285,8.13656844576933,1.83419421736769,1.82627956461738,1.82428327336155,0.995684942916426,0.994596567848547,0.998906908178514,0.875146409706199,0.868907628200103,0.867329767519512,-0.00623878150609602,-0.00781664218668738,-0.00157786068059128,NA,NA,NA,NA,NA,NA,NA,NA,NA,NA,NA,NA,NA,NA,NA,NA
"511_343.33_5.9",511,343.331863165081,5.9135127,0.999998216450443,0.99999675700954,3.30549987381801e-09,0.999980481121053,3.33938166008352e-09,3.26464555389094e-09,7.74586421630238e-07,1.40841514555401e-06,8.48076285508149,8.47702415109552e-06,8.47633394231254,8.48616396365242,1.82990481805077,1.82672666616398,1.82815653104816,0.998263214646225,0.999044602218998,1.00078274703636,0.871768609111849,0.8692607790827,0.870389602616303,-0.00250783002914972,-0.00137900649554607,0.00112882353360383,"Fatty acids","Fatty amides","N-acyl ethanolamines (endocannabinoids)","N-Acetyloctadecanamide",NA,NA,"CCCCCCCCCCCCCCCCCC(=O)NC(=O)C",NA,NA,NA,NA,NA,NA,NA,"InChI=1S/C20H39NO2/c1-3-4-5-6-7-8-9-10-11-12-13-14-15-16-17-18-20(23)21-19(2)22/h3-18H2,1-2H3,(H,21,22,23)","ZQGJHEMDPUYYJH"
"985_625.55_9.9",985,625.551735802165,9.923696,0.999998899474429,0.999995432380601,0.00596215972008463,0.999999753692961,0.00611033625432733,0.00620213757962507,4.77952445633154e-07,1.98369643097184e-06,2.22459639384813,1.06969800963202e-07,2.21393488969514,2.2074586042049,1.53619585908865,1.53790742337277,1.54073484770446,1.0011141575952,1.00295469395322,1.00183848799266,0.619362165878192,0.620968660737418,0.623618603049331,0.00160649485922591,0.00425643717113853,0.00264994231191267,"Fatty acids","Spingolipids","N-acyl amines","Dipalmitoyl hydroxyproline",NA,"CCCCCCCCCCCC(=O)O[C@H]1CC[C@]2(C)[C@H]3CC=C4[C@@H]5CC(C)(C)CC[C@]5(C)[C@@H](O)C[C@@]4(C)[C@]3(C)CC[C@H]2C1(C)C","CCCCCCCCCCCCCCCC(=O)N1CC(CC1C(=O)O)OC(=O)CCCCCCCCCCCCCCC",NA,NA,NA,NA,"MFUYYGOZRNTPTI","InChI=1S/C42H72O3/c1-10-11-12-13-14-15-16-17-18-19-36(44)45-35-23-24-40(7)32(38(35,4)5)22-25-41(8)33(40)21-20-30-31-28-37(2,3)26-27-39(31,6)34(43)29-42(30,41)9/h20,31-35,43H,10-19,21-29H2,1-9H3/t31-,32-,33+,34-,35-,39-,40-,41+,42+/m0/s1","MFUYYGOZRNTPTI-JSGPFSQPSA-N","InChI=1S/C37H69NO5/c1-3-5-7-9-11-13-15-17-19-21-23-25-27-29-35(39)38-32-33(31-34(38)37(41)42)43-36(40)30-28-26-24-22-20-18-16-14-12-10-8-6-4-2/h33-34H,3-32H2,1-2H3,(H,41,42)","QZLXCFQVOCEKSX"
"510_325.32_5.9",510,325.321220555947,5.9160395,0.999999133428634,0.999998932259129,2.21844853598441e-09,0.999992292734803,2.23589413650416e-09,2.19990270444725e-09,3.76347325494367e-07,4.63714216108648e-07,8.65395064168136,3.34723564448582e-06,8.65054876295935,8.6575965263851,1.83210504048914,1.82984714105762,1.83093612995451,0.998767592806297,0.999361984979682,1.00059512561047,0.873502220164395,0.871723135914253,0.872581465299608,-0.00177908425014157,-0.000920754864786267,0.000858329385355319,"Fatty acids","Fatty amides","N-acyl ethanolamines (endocannabinoids)","Hexadecanamide, N-[2-[(2-hydroxyethyl)amino]ethyl]-",NA,NA,"CCCCCCCCCCCCCCCC(=O)NCCNCCO",NA,NA,NA,NA,NA,NA,NA,"InChI=1S/C20H42N2O2/c1-2-3-4-5-6-7-8-9-10-11-12-13-14-15-20(24)22-17-16-21-18-19-23/h21,23H,2-19H2,1H3,(H,22,24)","YAGLIFQYQDBQLD"
"55_189.03_0.5",55,189.032263364549,0.5159447,0.999999546477262,0.999970405153972,1.80410353323168e-10,0.999987425917967,1.81623605044479e-10,1.85344628533812e-10,1.96962467207955e-07,1.28530685157943e-05,9.74373854294651,5.460888774994e-06,9.74082770826894,9.73201999572521,1.8676907912214,1.87000778108591,1.87077447023039,1.00124056394956,1.00165106506038,1.00040999248893,0.901255626944589,0.903044273166759,0.903635646076394,0.0017886462221702,0.00238001913180487,0.000591372909634794,NA,NA,NA,NA,NA,NA,NA,NA,NA,NA,NA,NA,NA,NA,NA,NA
"959_597.52_9.6",959,597.520490335465,9.60891,0.999999999997422,0.999998214902608,0.00359784306547029,0.9999981534591,0.00359668420569015,0.00370152000452673,1.11948775592315e-12,7.7525863882376e-07,2.44395778409405,8.01943263777126e-07,2.44409769221955,2.43161989917058,1.61222734463152,1.61597524527569,1.61593310476636,1.00232467254488,1.00229853447603,0.999973922552675,0.689055196623984,0.69240509797118,0.692367475676697,0.00334990134719664,0.00331227905271356,-3.76222944829673e-05,"Fatty acids","Spingolipids","N-acyl amines","YOQGZFBHADZMDN",NA,NA,"CC(=CCCC(=O)OC(CCCCCCCCCCCC(C)C)CC(=O)NCC(=O)O)CCCCCCCC(C)C",NA,NA,NA,NA,"OXLBMMIFZWOPJW","nan","nan","InChI=1S/C35H65NO5/c1-29(2)21-16-12-9-7-6-8-10-15-19-25-32(27-33(37)36-28-34(38)39)41-35(40)26-20-24-31(5)23-18-14-11-13-17-22-30(3)4/h24,29-30,32H,6-23,25-28H2,1-5H3,(H,36,37)(H,38,39)","YOQGZFBHADZMDN"
"91_195_0.6",91,194.99828173712,0.5957096,1,1,2.95319324550292e-14,1,2.95319324550292e-14,2.95319324550292e-14,0,0,13.5297081335599,0,13.5297081335599,13.5297081335599,1.96601371598603,1.96601371598603,1.96601371598603,1,1,1,0.975273386742584,0.975273386742584,0.975273386742584,0,0,0,"Alkaloids","Nicotinic acid alkaloids","Pyridine alkaloids","N-oxo-thiophen-3-ylphosphonamidic acid",NA,NA,"C1=CSC=C1P(=O)(N=O)O",NA,NA,NA,NA,NA,NA,NA,"InChI=1S/C4H4NO3PS/c6-5-9(7,8)4-1-2-10-3-4/h1-3H,(H,7,8)","XIAWNJCYCPYIEI"
"111_584.2_0.6",111,584.204653598563,0.62528855,1,1,4.52082815627364e-13,1,4.52082815627364e-13,4.52082815627364e-13,0,0,12.3447820008623,0,12.3447820008623,12.3447820008623,1.91442882091085,1.91442882091085,1.91442882091085,1,1,1,0.936914021312162,0.936914021312162,0.936914021312162,0,0,0,"Carbohydrates","Aminosugars and aminoglycosides","Simple coumarins","N-[(4R,7S,8S)-5-(1,3-benzodioxole-5-carbonyl)-8-methoxy-4,7,10-trimethyl-11-oxo-2-oxa-5,10-diazabicyclo[10.4.0]hexadeca-1(12),13,15-trien-14-yl]ethanesulfonamide",NA,NA,"CCS(=O)(=O)NC1=CC2=C(C=C1)OCC(N(CC(C(CN(C2=O)C)OC)C)C(=O)C3=CC4=C(C=C3)OCO4)C",NA,NA,NA,NA,NA,NA,NA,"InChI=1S/C27H35N3O8S/c1-6-39(33,34)28-20-8-10-22-21(12-20)27(32)29(4)14-25(35-5)17(2)13-30(18(3)15-36-22)26(31)19-7-9-23-24(11-19)38-16-37-23/h7-12,17-18,25,28H,6,13-16H2,1-5H3","UZJARJIYRQCXCT"
"113_600.17_0.6",113,600.174302915676,0.6283073,1,1,5.03486141667508e-13,1,5.03486141667508e-13,5.03486141667508e-13,0,0,12.2980124787949,0,12.2980124787949,12.2980124787949,1.93959804130003,1.93959804130003,1.93959804130003,1,1,1,0.955757701944344,0.955757701944344,0.955757701944344,0,0,0,"Carbohydrates","Coumarins","Simple coumarins","(12-Cyano-5-hydroxy-18-methoxy-6,17,21-trimethyl-7,8,16,19-tetraoxo-11,21-diazapentacyclo[11.7.1.02,11.04,9.015,20]henicosa-4(9),5,15(20),17-tetraen-10-yl)methyl 2-methylbut-2-enoate",NA,NA,"CC=C(C)C(=O)OCC1C2=C(CC3N1C(C4CC5=C(C3N4C)C(=O)C(=C(C5=O)C)OC)C#N)C(=C(C(=O)C2=O)C)O",NA,NA,NA,NA,NA,NA,NA,"InChI=1S/C30H31N3O8/c1-7-12(2)30(39)41-11-20-21-15(24(34)13(3)26(36)27(21)37)9-18-23-22-16(25(35)14(4)29(40-6)28(22)38)8-17(32(23)5)19(10-31)33(18)20/h7,17-20,23,34H,8-9,11H2,1-6H3","MSJGXWZXFJHSQP"
"119_573.21_0.6",119,573.214785634843,0.64602697,1,1,8.08797473439427e-13,1,8.08797473439427e-13,8.08797473439427e-13,0,0,12.092160214085,0,12.092160214085,12.092160214085,1.91917975697229,1.91917975697229,1.91917975697229,1,1,1,0.940489845638049,0.940489845638049,0.940489845638049,0,0,0,"Carbohydrates","Aminosugars and aminoglycosides","Aminosugars","HIZAZHLZIGPSKO",NA,NA,"CO[C@H]1[C@H](O[C@@H]2[C@@H](O)[C@H](O[C@@H]3[C@@H](O)[C@@H](OCN=[N+](C)[O-])O[C@H](CO)[C@H]3O)O[C@H](CO)[C@H]2O)O[C@H](CO)[C@@H](O)[C@@H]1O",NA,NA,NA,NA,NA,NA,NA,"InChI=1S/C21H38N2O17/c1-23(33)22-6-35-19-14(31)16(11(28)8(4-25)36-19)39-20-15(32)17(12(29)9(5-26)37-20)40-21-18(34-2)13(30)10(27)7(3-24)38-21/h7-21,24-32H,3-6H2,1-2H3","HIZAZHLZIGPSKO"
"72_660.87_0.5",72,660.868715920385,0.5418135,1,1,1.84363635469253e-12,1,1.84363635469253e-12,1.84363635469253e-12,0,0,11.7343247366038,0,11.7343247366038,11.7343247366038,1.89345679780895,1.89345679780895,1.89345679780895,1,1,1,0.921022504244343,0.921022504244343,0.921022504244343,0,0,0,"Alkaloids","Proline alkaloids","Pyrrole alkaloids","4-[[4,6-Bis(3,5-dichloro-4-hydroxyanilino)-1,3,5-triazin-2-yl]amino]-2,6-dichlorobenzene-1,3-diol",NA,NA,"C1=C(C=C(C(=C1Cl)O)Cl)NC2=NC(=NC(=N2)NC3=CC(=C(C(=C3O)Cl)O)Cl)NC4=CC(=C(C(=C4)Cl)O)Cl",NA,NA,NA,NA,NA,NA,NA,"InChI=1S/C21H12Cl6N6O4/c22-8-1-6(2-9(23)15(8)34)28-19-31-20(29-7-3-10(24)16(35)11(25)4-7)33-21(32-19)30-13-5-12(26)17(36)14(27)18(13)37/h1-5,34-37H,(H3,28,29,30,31,32,33)","CVGOWLQDTGPLGS"
"123_254.09_0.7",123,254.088369349863,0.65007675,1,1,2.0603851957901e-11,1,2.0603851957901e-11,2.0603851957901e-11,0,0,10.6860515792582,0,10.6860515792582,10.6860515792582,1.89446246060163,1.89446246060163,1.89446246060163,1,1,1,0.921788552651877,0.921788552651877,0.921788552651877,0,0,0,"Alkaloids","Pseudoalkaloids (transamidation)","Purine alkaloids","1,3-Dimethyl-2,4,7-trioxo-1,2,3,4,7,8-hexahydropteridine-6-carbaldehyde","Nc1nc2ncc([C@H](O)[C@H](O)CO)nc2c(=O)[nH]1","N=c1nc(O)c2nc([C@H](O)[C@H](O)CO)cnc2[nH]1","CN1C2=C(C(=O)N(C1=O)C)N=C(C(=O)N2)C=O","\"\"InChI=1S/C9H11N5O4/c10-9-13-7-5(8(18)14-9)12-3(1-11-7)6(17)4(16)2-15/h1,4,6,15-17H,2H2,(H3,10,11,13,14,18)/t4-,6+/m1/s1\"\"","BMQYVXCPAOLZOK-XINAWCOVSA-N","BMQYVXCPAOLZOK-XINAWCOVSA-N","BMQYVXCPAOLZOK","BMQYVXCPAOLZOK","InChI=1S/C9H11N5O4/c10-9-13-7-5(8(18)14-9)12-3(1-11-7)6(17)4(16)2-15/h1,4,6,15-17H,2H2,(H3,10,11,13,14,18)/t4-,6+/m1/s1","BMQYVXCPAOLZOK-XINAWCOVSA-N","InChI=1S/C9H8N4O4/c1-12-6-5(8(16)13(2)9(12)17)10-4(3-14)7(15)11-6/h3H,1-2H3,(H,11,15)","LVJCGSZYPTZSMO"
"664_452.28_6.9",664,452.277254677349,6.949969,1,1,4.52409221196604e-11,1,4.52409221196604e-11,4.52409221196604e-11,0,0,10.3444685516821,0,10.3444685516821,10.3444685516821,1.86437130677469,1.86437130677469,1.86437130677469,1,1,1,0.898689214657375,0.898689214657375,0.898689214657375,0,0,0,"Fatty acids","Glycerophospholipids","Glycerophosphoethanolamines","(2-aminoethoxy)[3-(hexadec-9-enoyloxy)-2-hydroxypropoxy]phosphinic acid",NA,NA,"CCCCCCC=CCCCCCCCC(=O)OCC(COP(=O)(O)OCCN)O",NA,NA,NA,NA,NA,NA,NA,"InChI=1S/C21H42NO7P/c1-2-3-4-5-6-7-8-9-10-11-12-13-14-15-21(24)27-18-20(23)19-29-30(25,26)28-17-16-22/h7-8,20,23H,2-6,9-19,22H2,1H3,(H,25,26)","DSOWUEHXZJUNID"
"71_413.03_0.5",71,413.033749380603,0.54274243,1,1,1.97107885568926e-10,1,1.97107885568926e-10,1.97107885568926e-10,0,0,9.70529600083184,0,9.70529600083184,9.70529600083184,1.86678606136431,1.86678606136431,1.86678606136431,1,1,1,0.900556600357877,0.900556600357877,0.900556600357877,0,0,0,"Terpenoids","Sesquiterpenoids","Halogenated fatty acids","[5-(trifluoromethyl)furan-2-yl]methyl (1R,3R)-3-(2-chloro-3,3,3-trifluoroprop-1-enyl)-2,2-dimethylcyclopropane-1-carboxylate",NA,NA,"CC1(C(C1C(=O)OCC2=CC=C(O2)C(F)(F)F)C=C(C(F)(F)F)Cl)C",NA,NA,NA,NA,NA,NA,NA,"InChI=1S/C15H13ClF6O3/c1-13(2)8(5-9(16)14(17,18)19)11(13)12(23)24-6-7-3-4-10(25-7)15(20,21)22/h3-5,8,11H,6H2,1-2H3","VLKWZWFJGJGMNV"
"121_516.69_0.6",121,516.690938940129,0.64706886,1,1,2.16284323784066e-10,1,2.16284323784066e-10,2.16284323784066e-10,0,0,9.66497495693999,0,9.66497495693999,9.66497495693999,1.8925464335817,1.8925464335817,1.8925464335817,1,1,1,0.920328697133729,0.920328697133729,0.920328697133729,0,0,0,NA,NA,NA,NA,NA,NA,NA,NA,NA,NA,NA,NA,NA,NA,NA,NA
"54_715.9_0.5",54,715.895396824207,0.51132685,1,1,4.79848272227912e-10,1,4.79848272227912e-10,4.79848272227912e-10,0,0,9.31889606460562,0,9.31889606460562,9.31889606460562,1.91966258771045,1.91966258771045,1.91966258771045,1,1,1,0.940852755834753,0.940852755834753,0.940852755834753,0,0,0,NA,NA,NA,NA,NA,NA,NA,NA,NA,NA,NA,NA,NA,NA,NA,NA
"210_299.16_1.7",210,299.160108385794,1.6752441,1,1,1.63163234034869e-08,1,1.63163234034869e-08,1.63163234034869e-08,0,0,7.7873776951815,0,7.7873776951815,7.7873776951815,1.79389838216587,1.79389838216587,1.79389838216587,1,1,1,0.843098169132555,0.843098169132555,0.843098169132555,0,0,0,"Alkaloids","Ornithine alkaloids","Pyrrolidine alkaloids","2-(2-(2,5-Dihydro-3,4-dimethyl-2,5-dioxo-1H-pyrrol-1-yl)ethoxy)ethyl methacrylate",NA,NA,"CC1=C(C(=O)N(C1=O)CCOCCOC(=O)C(=C)C)C",NA,NA,NA,NA,NA,NA,NA,"InChI=1S/C14H19NO5/c1-9(2)14(18)20-8-7-19-6-5-15-12(16)10(3)11(4)13(15)17/h1,5-8H2,2-4H3","BBCPYOJPFVNCMM"
"191_127.05_1.5",191,127.050348702294,1.5146574,1,1,6.3506418346293e-08,1,6.3506418346293e-08,6.3506418346293e-08,0,0,7.1971823800385,0,7.1971823800385,7.1971823800385,1.80846705770843,1.80846705770843,1.80846705770843,1,1,1,0.854767318693972,0.854767318693972,0.854767318693972,0,0,0,"Alkaloids","Nicotinic acid alkaloids","Pyridine alkaloids","7-Oxa-1-azabicyclo[4.1.0]hepta-3,5-dien-2-one",NA,"Cc1cnc(O)nc1O","C1=CC(=O)N2C(=C1)O2",NA,NA,NA,NA,"RWQNBRDOKXIBIV","InChI=1S/C5H6N2O2/c1-3-2-6-5(9)7-4(3)8/h2H,1H3,(H2,6,7,8,9)","RWQNBRDOKXIBIV-UHFFFAOYSA-N","InChI=1S/C5H3NO2/c7-4-2-1-3-5-6(4)8-5/h1-3H","MACUVFGVAMZZTO"
"61_670.9_0.5",61,670.897663425499,0.52195656,1,1,7.53121607299789e-08,1,7.53121607299789e-08,7.53121607299789e-08,0,0,7.12313489217232,0,7.12313489217232,7.12313489217232,1.81620933646765,1.81620933646765,1.81620933646765,1,1,1,0.860930497385609,0.860930497385609,0.860930497385609,0,0,0,NA,NA,NA,NA,NA,NA,NA,NA,NA,NA,NA,NA,NA,NA,NA,NA
"57_669.9_0.5",57,669.904435209645,0.5218612,1,1,1.02735032370127e-07,1,1.02735032370127e-07,1.02735032370127e-07,0,0,6.98828143789532,0,6.98828143789532,6.98828143789532,1.80588562106882,1.80588562106882,1.80588562106882,1,1,1,0.852706520093187,0.852706520093187,0.852706520093187,0,0,0,NA,NA,NA,NA,NA,NA,NA,NA,NA,NA,NA,NA,NA,NA,NA,NA
"60_668.9_0.5",60,668.902329677413,0.52195656,1,1,1.1585374548595e-07,1,1.1585374548595e-07,1.1585374548595e-07,0,0,6.93608992115251,0,6.93608992115251,6.93608992115251,1.80425148716742,1.80425148716742,1.80425148716742,1,1,1,0.851400443916007,0.851400443916007,0.851400443916007,0,0,0,NA,NA,NA,NA,NA,NA,NA,NA,NA,NA,NA,NA,NA,NA,NA,NA
"195_298.09_1.5",195,298.089545721697,1.5326482,1,1,2.30736374340346e-07,1,2.30736374340346e-07,2.30736374340346e-07,0,0,6.63688393590778,0,6.63688393590778,6.63688393590778,1.83411362542524,1.83411362542524,1.83411362542524,1,1,1,0.875083018300296,0.875083018300296,0.875083018300296,0,0,0,"Amino acids and Peptides","Small peptides","Pinane monoterpenoids","[5-[(Diformylamino)methyl]-1-benzothiophen-2-yl]-trihydroxyboranuide",NA,NA,"[B-](C1=CC2=C(S1)C=CC(=C2)CN(C=O)C=O)(O)(O)O",NA,NA,NA,NA,NA,NA,NA,"InChI=1S/C11H11BNO5S/c14-6-13(7-15)5-8-1-2-10-9(3-8)4-11(19-10)12(16,17)18/h1-4,6-7,16-18H,5H2/q-1","BKAIUMJOKRXPFJ"
"64_372.94_0.5",64,372.939492046681,0.52666676,1,1,3.99664913275366e-07,1,3.99664913275366e-07,3.99664913275366e-07,0,0,6.39830397693317,0,6.39830397693317,6.39830397693317,1.81343790268941,1.81343790268941,1.81343790268941,1,1,1,0.858727344141447,0.858727344141447,0.858727344141447,0,0,0,NA,NA,NA,NA,NA,NA,NA,NA,NA,NA,NA,NA,NA,NA,NA,NA
"59_423.06_0.5",59,423.062603750371,0.52195656,1,1,5.87153075604085e-07,1,5.87153075604085e-07,5.87153075604085e-07,0,0,6.2312486598708,0,6.2312486598708,6.2312486598708,1.78789280494711,1.78789280494711,1.78789280494711,1,1,1,0.838260240767753,0.838260240767753,0.838260240767753,0,0,0,"Shikimates and Phenylpropanoids","Sesquiterpenoids","Chalcones","ethyl 2-methyl-5-[(2,3,4,5,6-pentafluorophenyl)methoxy]-1-benzofuran-3-carboxylate",NA,NA,"CCOC(=O)C1=C(OC2=C1C=C(C=C2)OCC3=C(C(=C(C(=C3F)F)F)F)F)C",NA,NA,NA,NA,NA,NA,NA,"InChI=1S/C19H13F5O4/c1-3-26-19(25)13-8(2)28-12-5-4-9(6-10(12)13)27-7-11-14(20)16(22)18(24)17(23)15(11)21/h4-6H,3,7H2,1-2H3","JSCMVZSUGJERHW"
"749_454.29_7.8",749,454.292882386441,7.773249,1,1,1.344325430086e-06,1,1.344325430086e-06,1.344325430086e-06,0,0,5.87149558590827,0,5.87149558590827,5.87149558590827,1.74557992464431,1.74557992464431,1.74557992464431,1,1,1,0.803706414895928,0.803706414895928,0.803706414895928,0,0,0,"Fatty acids","Glycerophospholipids","Glycerophosphoethanolamines","1-Hexadecanoyl-Sn-Glycero-3-Phosphoethanolamine",NA,"CCCCCCCCCCCCCCCC(=O)OC[C@@H](O)COP(=O)(O)OCCN","CCCCCCCCCCCCCCCC(=O)OCC(COP(=O)(O)OCCN)O",NA,NA,NA,NA,"YVYMBNSKXOXSKW","InChI=1S/C21H44NO7P/c1-2-3-4-5-6-7-8-9-10-11-12-13-14-15-21(24)27-18-20(23)19-29-30(25,26)28-17-16-22/h20,23H,2-19,22H2,1H3,(H,25,26)/t20-/m1/s1","YVYMBNSKXOXSKW-HXUWFJFHSA-N","InChI=1S/C21H44NO7P/c1-2-3-4-5-6-7-8-9-10-11-12-13-14-15-21(24)27-18-20(23)19-29-30(25,26)28-17-16-22/h20,23H,2-19,22H2,1H3,(H,25,26)","YVYMBNSKXOXSKW"
"281_352.19_2.7",281,352.186616479735,2.7114568,1,1,1.9727288235738e-05,1,1.9727288235738e-05,1.9727288235738e-05,0,0,4.70493260989209,0,4.70493260989209,4.70493260989209,1.70135816668716,1.70135816668716,1.70135816668716,1,1,1,0.766686886391974,0.766686886391974,0.766686886391974,0,0,0,"Amino acids and Peptides","Small peptides","Dipeptides","2-[[4-Methyl-2-(oxaldehydoylamino)pentanoyl]amino]-3-phenylpropanoic acid",NA,NA,"CC(C)CC(C(=O)NC(CC1=CC=CC=C1)C(=O)O)NC(=O)C=O",NA,NA,NA,NA,NA,NA,NA,"InChI=1S/C17H22N2O5/c1-11(2)8-13(18-15(21)10-20)16(22)19-14(17(23)24)9-12-6-4-3-5-7-12/h3-7,10-11,13-14H,8-9H2,1-2H3,(H,18,21)(H,19,22)(H,23,24)","IKJUHLZRLCVVOS"
"960_623.54_9.6",960,623.535987774152,9.626513,1,1,0.00405918545023509,1,0.00405918545023498,0.00405918545023498,0,0,2.3915611068069,0,2.39156110680691,2.39156110680691,1.62643225186741,1.62643225186741,1.62643225186741,1,1,1,0.701710728969553,0.701710728969553,0.701710728969553,0,0,0,"Fatty acids","Spingolipids","Sphingoid bases",NA,NA,NA,"CCCCCCCCCCCCC=CC(C(CO)NC(=O)CCCC(C(CC=CCC=CCC=CCCCCC)O)O)O",NA,NA,NA,NA,"WWQIDHMOMSNGCJ","nan","nan","InChI=1S/C37H67NO5/c1-3-5-7-9-11-13-15-17-19-21-23-25-28-34(40)33(32-39)38-37(43)31-27-30-36(42)35(41)29-26-24-22-20-18-16-14-12-10-8-6-4-2/h12,14,18,20,24-26,28,33-36,39-42H,3-11,13,15-17,19,21-23,27,29-32H2,1-2H3,(H,38,43)","MJZFGTDDWUHVID"
"958_619.5_9.6",958,619.502148589381,9.606342,1,1,0.00523737636851063,1,0.00523737636851063,0.00523737636851063,0,0,2.28088621569292,0,2.28088621569292,2.28088621569292,1.56233211706827,1.56233211706827,1.56233211706827,1,1,1,0.643701170967812,0.643701170967812,0.643701170967812,0,0,0,NA,NA,NA,NA,NA,NA,NA,NA,NA,NA,NA,NA,NA,NA,NA,NA
