CLUSTERID1	CLUSTERID2	ComponentIndex	Cosine	DeltaMZ
778	1106	1	0.8431	-168.188
1104	1106	1	0.8099	45.058
29	84	2	0.8161	-0.127
811	954	3	0.9784	-1.995
875	954	3	0.9991	-1.995
906	954	3	0.9994	0.000
908	954	3	0.9991	-1.995
951	954	3	0.999	-1.995
954	1001	3	0.9992	-0.000
954	1003	3	0.9985	1.995
954	1010	3	0.9816	1.995
954	1013	3	0.9994	-0.000
954	1046	3	0.9787	1.995
811	951	3	0.9801	0.000
875	951	3	0.9999	0.000
906	951	3	0.9992	1.995
908	951	3	0.9997	0.000
951	1001	3	0.9996	-1.995
951	1003	3	0.9995	0.000
951	1010	3	0.9819	0.000
951	1013	3	0.9989	-1.995
951	1046	3	0.9791	-0.000
811	875	3	0.98	0.000
811	906	3	0.978	-1.995
811	908	3	0.9781	-0.000
811	1001	3	0.9804	-1.995
811	1003	3	0.9807	0.000
811	1010	3	0.9756	0.000
811	1013	3	0.9802	-1.995
811	1046	3	0.9724	0.000
875	1046	3	0.9805	-0.000
906	1046	3	0.9808	1.995
908	1046	3	0.9809	0.000
1001	1046	3	0.9779	1.995
1003	1046	3	0.9797	-0.000
1010	1046	3	0.9994	-0.000
1013	1046	3	0.9782	1.995
875	906	3	0.9994	-1.995
906	908	3	0.9994	1.995
906	1001	3	0.9988	0.000
906	1003	3	0.9986	1.995
906	1010	3	0.984	1.995
906	1013	3	0.999	0.000
875	1003	3	0.9996	0.000
908	1003	3	0.9996	0.000
1001	1003	3	0.9991	1.995
1003	1010	3	0.9826	0.000
1003	1013	3	0.9983	-1.995
875	908	3	0.9999	-0.000
908	1001	3	0.9993	-1.995
908	1010	3	0.9836	0.000
908	1013	3	0.9987	-1.995
875	1001	3	0.9994	-1.995
875	1010	3	0.9834	0.000
875	1013	3	0.999	-1.995
1001	1013	3	0.9996	0.000
1010	1013	3	0.9813	-1.995
1001	1010	3	0.9807	1.995
576	766	4	0.807	-0.000
751	767	4	0.8738	0.000
524	832	4	0.8609	-28.031
555	832	4	0.8668	-28.031
653	832	4	0.862	-28.031
671	832	4	0.9463	-0.000
686	832	4	0.9412	-0.000
696	832	4	0.9418	-0.000
715	832	4	0.9351	-0.000
787	832	4	0.8652	18.010
788	832	4	0.941	-0.000
832	839	4	0.9084	0.000
377	408	4	0.8804	-14.016
408	432	4	0.8533	-14.016
408	446	4	0.8895	-82.078
557	652	4	0.918	28.031
557	662	4	0.8158	28.031
557	744	4	0.81	-0.000
557	766	4	0.8331	-0.000
557	787	4	0.831	-0.000
557	942	4	0.8297	-10.021
449	787	4	0.8352	-70.078
671	787	4	0.8723	-18.011
766	787	4	0.8712	0.000
787	788	4	0.8638	18.010
787	942	4	0.823	-10.021
301	313	4	0.808	-12.000
274	377	4	0.8156	3.995
314	377	4	0.8344	-14.016
339	377	4	0.8146	27.995
377	382	4	0.8171	17.027
317	382	4	0.902	-14.016
577	766	4	0.8061	18.010
633	648	4	0.8678	0.000
633	795	4	0.9169	0.000
633	801	4	0.934	0.000
633	805	4	0.8516	0.000
651	942	4	0.8084	-28.031
524	696	4	0.8525	-28.031
540	696	4	0.8562	-28.031
555	696	4	0.88	-28.031
671	696	4	0.9655	0.000
686	696	4	0.9658	0.000
696	715	4	0.955	0.000
696	788	4	0.9603	-0.000
696	795	4	0.84	2.016
696	839	4	0.9074	-0.000
507	840	4	0.8046	-42.011
273	301	4	0.8134	-14.016
294	301	4	0.837	-18.013
652	662	4	0.8345	0.000
555	839	4	0.8473	-28.031
671	839	4	0.8982	-0.000
686	839	4	0.8998	-0.000
715	839	4	0.8993	-0.000
747	839	4	0.8286	0.000
767	839	4	0.8271	-0.000
788	839	4	0.8983	0.000
839	942	4	0.8308	-28.031
652	766	4	0.8291	-28.031
670	764	4	0.8855	0.000
684	764	4	0.8939	0.000
697	764	4	0.8771	0.000
764	786	4	0.8879	0.000
764	831	4	0.8505	-0.000
524	540	4	0.8678	0.000
540	555	4	0.9108	-0.000
432	760	4	0.8065	-70.078
432	801	4	0.8292	-52.068
432	805	4	0.816	-52.068
674	833	4	0.8842	-0.000
831	833	4	0.8142	18.011
833	917	4	0.8852	-2.016
670	831	4	0.9023	-0.000
684	831	4	0.8716	-0.000
697	831	4	0.8969	-0.000
786	831	4	0.9289	-0.000
831	840	4	0.8079	0.000
203	277	4	0.9051	-14.016
203	294	4	0.8926	-14.013
671	942	4	0.8577	-28.031
686	942	4	0.8667	-28.031
715	942	4	0.8696	-28.031
670	697	4	0.9647	0.000
684	697	4	0.8878	0.000
697	786	4	0.9085	0.000
697	840	4	0.806	0.000
524	788	4	0.8601	-28.031
555	788	4	0.8662	-28.031
653	788	4	0.8607	-28.031
671	788	4	0.9355	-0.000
686	788	4	0.9874	-0.000
715	788	4	0.9849	-0.000
274	294	4	0.8067	-9.982
277	294	4	0.928	0.002
294	314	4	0.8307	27.993
294	339	4	0.9304	-14.018
670	684	4	0.8607	0.000
670	786	4	0.881	0.000
555	671	4	0.8771	-28.031
653	671	4	0.8627	-28.031
671	686	4	0.9356	0.000
671	715	4	0.9242	0.000
524	555	4	0.8942	0.000
524	686	4	0.8685	-28.031
524	715	4	0.8555	-28.031
524	767	4	0.8619	-28.031
555	686	4	0.8696	-28.031
686	715	4	0.9856	0.000
686	767	4	0.8638	-0.000
648	805	4	0.8275	0.000
795	805	4	0.8419	0.000
801	805	4	0.8585	0.000
555	715	4	0.8706	-28.031
555	767	4	0.8486	-28.031
648	795	4	0.8998	0.000
648	801	4	0.8644	0.000
684	786	4	0.9407	0.000
274	277	4	0.8132	-9.985
277	339	4	0.8771	-14.016
810	917	4	0.8079	-28.031
628	760	4	0.8716	-28.031
258	274	4	0.927	-0.000
795	801	4	0.9572	0.000
801	917	4	0.8047	31.006
653	715	4	0.8628	-28.031
730	795	4	0.8124	0.984
451	795	4	0.808	0.000
967	1042	5	0.796	-74.019
967	1067	5	0.7562	-148.038
967	1091	5	0.7533	-222.056
1030	1042	5	0.7992	1.078
1042	1067	5	0.9105	-74.019
1042	1091	5	0.9017	-148.038
1042	1118	5	0.7499	-222.056
1030	1067	5	0.8222	-72.940
1030	1091	5	0.7242	-146.959
1067	1118	5	0.7966	-148.038
1091	1118	5	0.7629	-74.019
1067	1091	5	0.9103	-74.019
1067	1089	5	0.7163	18.011
775	793	6	0.7421	-15.995
793	812	6	0.905	-0.000
775	812	6	0.7698	-15.995
6	231	7	0.9154	-0.094
116	231	7	0.9347	-0.094
142	231	7	0.9249	0.105
145	231	7	0.8855	15.124
147	231	7	0.8781	15.118
159	231	7	0.9306	-0.094
163	231	7	0.9315	-0.094
175	231	7	0.9447	-0.094
177	231	7	0.8896	15.118
224	231	7	0.9362	0.058
68	128	7	0.8999	0.000
74	128	7	0.8431	14.016
128	133	7	0.8434	0.011
128	158	7	0.8603	-0.036
68	158	7	0.8883	-0.036
74	158	7	0.8521	13.979
132	158	7	0.8429	13.979
145	158	7	0.8444	-13.012
4	297	7	0.7796	5.074
85	86	7	0.8719	-43.023
86	87	7	0.9429	1.997
86	89	7	0.8459	25.013
86	931	7	0.7965	109.882
86	946	7	0.8014	109.882
4	143	7	0.7758	17.027
19	143	7	0.8378	-0.192
20	143	7	0.8378	-0.195
46	143	7	0.987	0.000
140	143	7	0.8345	-0.199
143	225	7	0.9692	0.047
16	19	7	0.782	-2.000
19	20	7	1.0	0.003
19	46	7	0.8992	-0.192
19	140	7	0.9918	0.006
19	225	7	0.9344	-0.145
16	140	7	0.7704	-1.993
20	140	7	0.9918	0.004
46	140	7	0.8837	0.199
140	225	7	0.9298	-0.151
21	23	7	0.8127	-41.026
21	83	7	0.8741	-0.105
21	169	7	0.9753	-2.122
21	182	7	0.9745	-2.122
85	946	7	0.8071	66.859
87	946	7	0.7817	107.885
23	802	7	0.7978	-2.184
358	802	7	0.8672	-0.096
518	802	7	0.8657	-0.036
796	802	7	0.9201	0.000
85	87	7	0.8893	-41.026
85	89	7	0.8363	-18.011
85	240	7	0.8052	81.719
85	358	7	0.7628	84.753
85	518	7	0.8654	84.693
85	931	7	0.7875	66.859
825	1002	7	0.8214	0.000
6	56	7	0.9822	-0.199
6	63	7	0.9215	-14.215
6	116	7	0.9957	0.000
6	142	7	0.9961	-0.199
6	146	7	0.9039	-14.215
6	156	7	0.8934	-14.207
6	159	7	0.9938	-0.000
6	163	7	0.9956	-0.000
6	175	7	0.9879	-0.000
68	74	7	0.9164	-14.016
74	132	7	0.9718	0.000
58	224	7	0.8689	15.066
116	224	7	0.8994	-0.152
145	224	7	0.8492	15.066
159	224	7	0.8961	-0.152
163	224	7	0.8954	-0.152
175	224	7	0.9113	-0.152
177	224	7	0.8243	15.061
87	109	7	0.7746	6.058
87	89	7	0.8173	23.016
4	617	7	0.9339	0.000
63	617	7	0.9669	0.000
132	617	7	0.8712	27.995
146	617	7	0.9698	-0.000
147	617	7	0.821	0.997
156	617	7	0.9687	-0.008
260	617	7	0.8527	-0.047
58	145	7	0.941	0.000
58	147	7	0.9066	0.006
58	177	7	0.9044	0.006
23	358	7	0.8445	-2.088
23	518	7	0.9412	-2.148
56	142	7	0.9707	0.000
63	142	7	0.9136	14.016
116	142	7	0.9973	-0.199
142	146	7	0.8976	-14.016
142	156	7	0.8884	-14.008
142	159	7	0.9961	0.199
142	163	7	0.9976	0.199
142	175	7	0.993	0.199
56	68	7	0.8573	-27.995
68	132	7	0.8846	-14.016
56	132	7	0.877	-42.011
63	132	7	0.9092	-27.995
132	146	7	0.8955	27.995
132	156	7	0.885	28.003
17	18	7	0.8855	0.001
18	22	7	1.0	-0.006
87	931	7	0.794	107.885
4	156	7	0.9262	0.008
63	156	7	0.9914	0.008
146	156	7	0.9992	0.008
4	147	7	0.8389	-0.997
145	147	7	0.9861	0.006
147	177	7	0.9771	0.000
358	796	7	0.7861	-0.096
518	796	7	0.7848	-0.036
20	46	7	0.8992	-0.195
46	225	7	0.9866	0.047
213	240	7	0.9904	0.000
240	358	7	0.7843	3.034
240	518	7	0.8733	2.974
16	17	7	0.8162	-2.996
17	22	7	0.8855	-0.005
56	163	7	0.9648	0.199
63	163	7	0.9124	14.215
116	163	7	0.9997	-0.000
146	163	7	0.897	14.215
159	163	7	0.9984	0.000
163	175	7	0.9973	0.000
16	20	7	0.782	-1.997
20	225	7	0.9344	-0.148
16	169	7	0.9174	-1.124
16	182	7	0.9187	-1.124
56	116	7	0.9641	0.199
56	159	7	0.9628	0.199
56	175	7	0.946	0.199
4	146	7	0.9155	0.000
63	146	7	0.9954	0.000
116	146	7	0.8985	-14.215
146	159	7	0.8981	14.215
63	175	7	0.8998	14.215
116	175	7	0.9976	-0.000
159	175	7	0.9958	0.000
358	518	7	0.9333	-0.060
4	177	7	0.8418	-0.997
63	116	7	0.9139	14.215
116	159	7	0.9981	-0.000
213	518	7	0.8201	2.974
145	177	7	0.9708	0.006
518	1011	7	0.8011	19.173
825	1011	7	0.8377	0.000
856	1011	7	0.8411	0.000
825	856	7	0.9019	0.000
169	182	7	0.9998	-0.000
169	518	7	0.767	-41.052
182	518	7	0.7732	-41.052
63	159	7	0.9135	14.215
489	700	8	0.7384	-42.047
494	700	8	0.7425	-42.047
508	700	8	0.7537	-157.665
515	700	8	0.8233	-42.047
537	700	8	0.8856	-42.047
612	700	8	0.8456	-28.031
630	700	8	0.7601	-42.083
660	700	8	0.7405	-14.016
700	774	8	0.8665	-28.031
489	774	8	0.7231	-70.078
515	774	8	0.7494	-70.078
537	774	8	0.806	-70.078
612	774	8	0.7849	-56.063
641	774	8	0.7376	-42.047
494	641	8	0.7381	-28.031
612	641	8	0.7075	-14.016
489	630	8	0.7319	0.036
494	630	8	0.7259	0.036
515	630	8	0.813	0.036
537	630	8	0.7488	0.036
612	630	8	0.7364	14.052
489	494	8	0.7281	0.000
489	515	8	0.7921	0.000
489	537	8	0.7544	0.000
494	612	8	0.7123	-14.016
508	612	8	0.7668	-129.634
515	612	8	0.753	-14.016
537	612	8	0.8273	-14.016
494	515	8	0.7834	0.000
515	537	8	0.8191	0.000
494	537	8	0.7288	0.000
508	537	8	0.7345	-115.618
542	615	9	0.8875	-14.016
544	615	9	0.9366	0.000
571	615	9	0.8242	0.000
590	615	9	0.9427	-14.016
591	615	9	0.9228	-2.015
599	615	9	0.9335	0.000
603	615	9	0.9283	386.173
604	615	9	0.8689	-28.031
614	615	9	0.8128	-28.031
615	640	9	0.9351	-0.000
542	547	9	0.8103	14.016
544	547	9	0.8306	28.031
547	571	9	0.7746	-28.031
547	604	9	0.8625	-0.000
547	614	9	0.8032	-0.000
547	640	9	0.8346	-28.031
543	597	9	0.9807	-0.000
570	597	9	0.9173	-0.000
589	597	9	0.9442	-18.011
591	597	9	0.8063	43.042
597	599	9	0.8212	-45.057
597	604	9	0.8181	-17.026
597	623	9	0.9821	0.000
597	643	9	0.9668	0.000
544	571	9	0.8386	-0.000
571	590	9	0.8345	14.016
571	591	9	0.849	2.015
571	599	9	0.8336	0.000
571	603	9	0.8097	-386.173
571	640	9	0.823	0.000
589	659	9	0.8504	-18.010
659	898	9	0.798	-116.063
542	590	9	0.9186	0.000
544	590	9	0.9631	14.016
587	590	9	0.8161	13.004
590	591	9	0.9359	-12.000
590	599	9	0.9674	-14.016
590	603	9	0.9441	-400.189
590	604	9	0.8883	14.015
590	640	9	0.9563	-14.016
542	544	9	0.9325	-14.016
542	587	9	0.814	-13.004
542	591	9	0.9051	-12.000
542	599	9	0.9199	-14.016
542	603	9	0.8859	-400.189
542	604	9	0.8884	14.015
542	640	9	0.9329	-14.016
587	593	9	0.7913	-2.991
543	623	9	0.9803	0.000
570	623	9	0.918	0.000
589	623	9	0.9349	-18.010
623	643	9	0.9643	-0.000
623	898	9	0.8918	-116.063
543	589	9	0.9284	18.011
570	589	9	0.8827	18.011
589	643	9	0.9221	-18.010
589	898	9	0.8677	-134.073
543	570	9	0.9196	0.000
543	643	9	0.9651	0.000
543	898	9	0.8918	-116.063
544	599	9	0.9767	0.000
591	599	9	0.9521	-2.015
599	603	9	0.9515	-386.173
599	604	9	0.8844	28.031
599	640	9	0.9725	-0.000
544	603	9	0.949	-386.173
591	603	9	0.9141	-388.189
601	603	9	0.7429	-370.179
603	640	9	0.9326	386.173
570	643	9	0.9061	0.000
643	898	9	0.8859	-116.063
604	614	9	0.8236	0.000
570	898	9	0.8779	-116.063
544	604	9	0.8907	28.031
591	604	9	0.8711	26.016
604	640	9	0.8943	-28.031
544	591	9	0.9544	2.015
591	640	9	0.9406	-2.015
544	640	9	0.9699	-0.000
719	809	10	0.9006	-28.031
719	815	10	0.8585	-28.031
719	848	10	0.8137	-42.047
719	903	10	0.8611	-57.243
719	910	10	0.8289	-56.063
719	914	10	0.8626	14.015
719	920	10	0.8919	-0.000
719	932	10	0.846	-56.063
719	998	10	0.8488	-84.094
732	815	10	0.8076	28.031
743	815	10	0.822	28.031
809	815	10	0.8344	0.000
815	848	10	0.887	-14.016
815	914	10	0.85	42.047
815	920	10	0.9102	28.031
815	932	10	0.826	-28.031
815	998	10	0.8795	-56.062
815	1058	10	0.8912	-84.094
743	998	10	0.8543	-28.031
809	998	10	0.9111	-56.062
848	998	10	0.9033	-42.047
910	998	10	0.8991	-28.031
920	998	10	0.8576	-84.094
932	998	10	0.9409	-28.031
969	998	10	0.8794	-14.016
974	998	10	0.8322	28.031
809	848	10	0.8741	-14.016
848	903	10	0.818	-15.196
848	910	10	0.9197	-14.016
848	914	10	0.8595	56.062
848	920	10	0.9037	42.047
848	932	10	0.8666	-14.016
848	1058	10	0.8611	-70.078
910	1058	10	0.85	-56.062
920	1058	10	0.8176	-112.125
743	920	10	0.8418	56.062
910	920	10	0.8755	56.063
914	920	10	0.8206	-14.016
920	932	10	0.9013	-56.062
920	969	10	0.8264	-70.078
807	809	10	0.8369	1.003
809	903	10	0.9026	-29.211
809	914	10	0.8625	42.047
809	915	10	0.8422	-29.034
809	922	10	0.8229	-29.203
809	932	10	0.8393	-28.031
903	922	10	0.8586	0.008
915	922	10	0.8942	-0.169
807	903	10	0.8278	-28.208
847	903	10	0.8265	-14.192
903	910	10	0.8552	1.180
903	915	10	0.8279	0.178
910	914	10	0.8286	70.078
743	932	10	0.8444	-0.000
910	932	10	0.8709	0.000
932	969	10	0.8266	-14.016
932	974	10	0.8236	-56.062
807	915	10	0.806	-28.031
743	910	10	0.8408	-0.000
808	910	10	0.819	-45.058
37	81	11	0.813	10.029
79	81	11	0.808	-23.016
28	40	11	0.9261	0.998
32	40	11	0.9733	1.995
40	41	11	0.9374	29.955
40	149	11	0.9376	-1.995
32	78	11	0.8223	10.029
78	149	11	0.816	-10.029
36	73	11	0.8362	12.903
39	73	11	0.8248	17.882
73	157	11	0.8068	-17.882
30	33	11	0.8439	29.955
30	34	11	0.8484	18.011
30	35	11	0.788	16.015
30	39	11	0.927	-1.995
30	157	11	0.8447	-1.995
28	32	11	0.9153	-0.997
28	41	11	0.9388	30.952
28	49	11	0.9026	-1.999
28	149	11	0.8877	-0.997
27	32	11	0.811	18.011
32	36	11	0.8597	27.995
32	39	11	0.8027	23.016
32	41	11	0.9313	31.950
32	149	11	0.9371	0.000
32	157	11	0.8051	23.016
41	49	11	0.8039	-32.952
41	149	11	0.8979	-31.950
26	31	11	0.8797	30.953
26	34	11	0.8071	0.998
26	35	11	0.8207	-0.997
27	37	11	0.8622	-23.016
35	38	11	0.8451	27.995
24	35	11	0.9249	-9.984
24	148	11	0.9548	-9.984
35	77	11	0.7901	10.029
77	148	11	0.7967	-10.029
27	149	11	0.7849	18.011
36	149	11	0.8352	-27.995
149	157	11	0.7926	23.016
31	33	11	0.8166	-18.011
33	39	11	0.8775	-31.950
36	39	11	0.9204	-4.979
36	157	11	0.8567	-4.979
31	34	11	0.8152	-29.955
34	35	11	0.9512	-1.995
34	148	11	0.8947	-1.995
31	35	11	0.8486	-31.950
35	39	11	0.8148	-18.011
35	148	11	0.944	0.000
35	157	11	0.8152	-18.010
39	157	11	0.8336	0.000
31	148	11	0.7883	-31.950
27	130	11	0.7905	11.037
79	130	11	0.8101	1.008
27	79	11	0.8074	10.029
505	1027	12	0.7622	-100.089
509	1027	12	0.7112	-100.125
505	509	12	0.8924	0.036
311	373	13	0.7263	-58.042
325	602	14	0.9839	0.000
330	602	14	0.9914	0.000
345	602	14	0.9927	0.000
361	602	14	0.9889	0.000
330	665	14	0.7685	-11.964
325	361	14	0.9911	0.000
330	361	14	0.9868	0.000
345	361	14	0.9879	0.000
325	345	14	0.9831	0.000
330	345	14	0.9906	0.000
325	330	14	0.982	0.000
330	483	14	0.8421	-41.974
762	1007	15	0.7209	-264.246
1007	1021	15	0.7628	14.016
1007	1032	15	0.7067	0.000
1007	1036	15	0.7395	14.016
664	1036	15	0.8637	-292.277
720	1036	15	0.796	-278.261
750	1036	15	0.7719	-264.245
952	1036	15	0.7408	-82.115
1014	1036	15	0.7426	-26.016
1018	1036	15	0.731	14.016
1021	1036	15	0.8438	0.000
1032	1036	15	0.8214	14.016
1033	1036	15	0.7556	-26.016
664	750	15	0.8116	-28.031
720	750	15	0.8012	-14.016
733	750	15	0.7666	-26.016
750	762	15	0.7444	-14.016
750	1014	15	0.7012	-238.229
750	1021	15	0.7327	-264.245
901	1032	15	0.7275	14.015
1018	1032	15	0.7484	0.000
1021	1032	15	0.7815	-14.016
664	720	15	0.8719	-14.016
720	733	15	0.7778	12.000
720	749	15	0.7173	12.000
720	952	15	0.7012	-196.147
720	1014	15	0.7117	-252.245
720	1021	15	0.7897	-278.261
720	1033	15	0.7166	-252.245
664	749	15	0.7045	-2.016
749	1033	15	0.7057	-264.245
664	952	15	0.7059	-210.162
664	1014	15	0.7151	-266.261
664	1021	15	0.8887	-292.277
664	1033	15	0.7251	-266.261
664	1047	15	0.7019	-266.261
952	1021	15	0.728	-82.115
1014	1021	15	0.7543	-26.016
1021	1033	15	0.7551	26.016
1021	1047	15	0.747	26.016
1014	1033	15	0.737	-0.000
733	1047	15	0.7358	-264.245
1069	1119	16	0.7558	37.730
1069	1126	16	0.7212	37.730
1055	1119	16	0.703	-166.080
161	192	18	0.8532	15.995
161	170	18	0.7718	0.003
170	183	18	0.7536	-0.000
118	168	19	0.9349	15.995
101	168	19	0.9291	-13.006
153	160	19	0.9325	-0.000
127	230	19	0.934	-0.000
168	230	19	0.9475	-29.993
127	153	19	0.7553	105.029
127	168	19	0.9042	29.993
510	528	20	0.7748	86.109
528	536	20	0.7642	0.086
442	533	20	0.8491	-54.047
506	533	20	0.8436	-25.031
510	533	20	0.9127	-26.016
529	533	20	0.8511	-98.109
533	534	20	0.8394	70.078
533	535	20	0.8998	-18.011
510	511	20	0.9625	-18.011
511	535	20	0.8958	-26.016
510	669	20	0.808	-18.011
535	669	20	0.8382	26.016
529	530	20	0.8314	-14.016
442	510	20	0.9125	-28.031
506	510	20	0.9514	0.984
200	210	21	0.8833	0.000
9	214	22	0.9596	0.000
131	214	22	0.9998	0.000
214	365	22	0.9996	-0.000
214	421	22	0.9775	-0.000
214	447	22	0.9964	-0.000
214	481	22	0.999	-0.000
214	592	22	0.9785	0.000
9	481	22	0.9652	0.000
131	481	22	0.999	-0.000
365	481	22	0.9982	0.000
421	481	22	0.977	-0.000
447	481	22	0.9983	0.000
481	592	22	0.9816	0.000
9	592	22	0.9545	0.000
131	592	22	0.9799	0.000
365	592	22	0.9773	0.000
421	592	22	0.9575	0.000
447	592	22	0.9822	0.000
9	447	22	0.9738	-0.000
131	447	22	0.9961	-0.000
365	447	22	0.9946	-0.000
421	447	22	0.9764	-0.000
9	131	22	0.959	0.000
9	365	22	0.9562	0.000
9	421	22	0.9826	0.000
131	365	22	0.9997	-0.000
365	421	22	0.9773	0.000
131	421	22	0.9774	-0.000
757	1026	23	0.8933	-264.245
949	1026	23	0.8578	-82.115
982	1026	23	0.7787	-4.031
1026	1038	23	0.7542	-14.016
1026	1073	23	0.8688	-14.016
892	982	23	0.7647	-2.017
981	982	23	0.7455	-26.016
982	1038	23	0.7621	-18.047
982	1073	23	0.7982	-18.047
757	983	23	0.7985	-264.245
983	1038	23	0.7614	-14.016
983	1073	23	0.8059	-14.016
949	981	23	0.7921	-52.068
981	1038	23	0.7394	-44.062
981	1073	23	0.8051	-44.063
757	892	23	0.8301	-258.197
892	949	23	0.807	76.066
892	1038	23	0.7248	-20.064
892	1073	23	0.8372	-20.064
757	1073	23	0.8933	-278.261
949	1073	23	0.8504	-96.130
1038	1073	23	0.7818	-0.000
14	141	24	0.9387	-0.188
235	310	25	0.786	-352.210
266	310	25	0.7992	-281.185
290	310	25	0.771	-132.079
299	310	25	0.7566	-88.053
304	310	25	0.7453	-44.026
310	340	25	0.7223	-193.131
310	353	25	0.7136	-237.157
235	290	25	0.854	-220.131
266	290	25	0.8443	-149.106
290	299	25	0.7995	-44.026
290	304	25	0.7986	-88.053
266	299	25	0.8229	-193.132
299	304	25	0.79	-44.026
299	340	25	0.7003	-281.183
299	353	25	0.7046	-325.210
818	863	25	0.778	348.287
235	863	25	0.7673	-121.151
266	863	25	0.7231	-50.125
247	266	25	0.7114	-118.063
266	340	25	0.7003	-474.315
304	340	25	0.706	-237.157
340	353	25	0.8244	-44.026
235	266	25	0.9168	-71.026
266	304	25	0.8355	-237.158
266	353	25	0.7202	-518.341
304	353	25	0.705	-281.183
456	738	26	0.7896	-2.016
464	738	26	0.8669	-0.000
711	738	26	0.838	-0.000
738	739	26	0.7921	17.027
456	711	26	0.8171	-2.016
710	711	26	0.8165	-17.026
710	739	26	0.842	0.000
765	789	27	0.7054	-4.031
769	789	27	0.8498	-0.000
713	728	28	0.7272	0.000
728	737	28	0.7329	0.000
713	737	28	0.7712	0.000
821	1082	29	0.7453	63.962
1062	1082	29	0.7219	162.053
907	1037	29	0.7077	-24.000
821	1062	29	0.7117	-98.091
821	907	29	0.7613	21.984
600	605	30	0.7385	-365.092
605	607	30	0.8118	384.123
600	607	30	0.8698	19.031
319	335	33	0.7242	0.000
321	351	33	0.7569	-45.058
334	351	33	0.7608	-45.058
335	351	33	0.8697	0.000
336	351	33	0.78	-28.031
348	351	33	0.7687	-45.058
351	360	33	0.7719	45.058
351	362	33	0.708	-0.000
335	362	33	0.71	0.000
321	334	33	0.9672	-0.000
334	335	33	0.8237	-45.058
334	336	33	0.8729	-17.027
334	348	33	0.9958	0.000
334	360	33	0.9895	0.000
334	548	33	0.7249	18.011
334	595	33	0.8835	18.011
321	348	33	0.966	0.000
335	348	33	0.831	45.058
336	348	33	0.8775	17.027
348	360	33	0.9867	0.000
348	548	33	0.7196	18.011
348	595	33	0.8804	18.011
321	595	33	0.897	18.011
335	595	33	0.7242	63.068
336	595	33	0.7496	35.037
360	595	33	0.879	18.011
548	595	33	0.8425	-0.000
321	336	33	0.8406	-17.027
335	336	33	0.7924	28.031
336	360	33	0.874	17.027
321	335	33	0.8321	-45.058
321	360	33	0.9641	0.000
321	548	33	0.7404	18.011
360	548	33	0.7188	18.011
335	360	33	0.8294	45.058
11	43	34	0.8813	0.151
552	554	35	0.8263	17.026
552	649	35	0.7275	-2.016
647	649	35	0.7434	18.010
151	173	36	0.7307	-0.073
102	103	36	0.83	17.026
103	173	36	0.7066	25.971
206	209	37	0.7981	-17.027
877	904	40	0.8927	0.000
679	694	43	0.7064	0.000
476	1020	44	0.7474	-320.308
572	1020	44	0.7276	-292.277
959	1020	44	0.7334	-82.078
960	1020	44	0.9427	-56.063
971	1020	44	0.7114	-68.063
985	1020	44	0.7776	-54.047
988	1020	44	0.9519	-28.031
992	1020	44	0.956	-2.016
997	1020	44	0.84	-14.016
1008	1020	44	0.7146	12.000
960	997	44	0.8411	-42.047
988	997	44	0.8551	-14.016
992	997	44	0.8472	12.000
476	887	44	0.7745	-254.225
887	893	44	0.7451	44.026
887	902	44	0.7632	-0.000
887	950	44	0.7639	-28.031
887	959	44	0.7749	15.995
887	960	44	0.7856	-10.021
887	971	44	0.7305	1.979
476	902	44	0.7731	-254.225
893	902	44	0.747	-44.026
902	950	44	0.8005	-28.031
902	959	44	0.8638	15.995
902	960	44	0.8491	-10.020
902	971	44	0.7337	1.980
902	985	44	0.7488	-12.036
902	988	44	0.7088	-38.052
992	1008	44	0.8739	-14.016
572	950	44	0.7542	-254.225
950	985	44	0.8028	15.995
950	988	44	0.832	-10.021
476	960	44	0.8249	-264.246
893	960	44	0.8317	-54.047
959	960	44	0.9513	-26.016
960	985	44	0.8213	-2.016
960	988	44	0.957	-28.031
960	992	44	0.9232	-54.047
476	893	44	0.7671	-210.199
572	893	44	0.7	-182.167
893	959	44	0.7945	-28.031
893	971	44	0.8338	-42.047
893	985	44	0.7873	-56.063
476	572	44	0.777	-28.031
572	985	44	0.7624	-238.230
572	988	44	0.779	-264.246
476	959	44	0.8333	-238.230
959	971	44	0.809	-14.016
959	985	44	0.926	-28.031
959	988	44	0.7599	-54.047
959	992	44	0.7618	-80.063
476	992	44	0.756	-318.293
988	992	44	0.9439	-26.016
476	985	44	0.7874	-266.261
971	985	44	0.8054	-14.016
985	988	44	0.9483	-26.016
476	988	44	0.7529	-292.277
139	226	45	0.7409	-10.075
474	656	47	0.7438	0.000
154	174	50	0.9098	0.000
253	268	51	0.8898	0.000
324	347	52	0.9562	0.000
331	347	52	0.9597	0.000
347	363	52	0.9611	0.000
324	363	52	0.9575	0.000
331	363	52	0.9622	0.000
324	329	52	0.8335	18.011
324	331	52	0.9835	0.000
329	331	52	0.851	-18.011
418	419	53	0.9066	-18.011
520	803	56	0.7568	0.000
580	644	56	0.7796	0.001
520	580	56	0.7807	2.016
580	635	56	0.7415	-18.010
520	522	56	0.7738	-18.010
522	635	56	0.7866	2.016
95	97	57	0.7068	-127.869
95	100	57	0.8041	-125.873
97	99	57	0.9312	-125.873
99	100	57	0.8318	127.870
97	100	57	0.7969	1.997
166	199	58	0.8785	48.021
189	199	58	0.8317	30.010
199	205	58	0.9187	0.000
166	189	58	0.8245	18.010
189	205	58	0.8225	30.010
166	205	58	0.9035	48.021
7	171	59	0.9296	-0.000
136	171	59	0.9404	0.000
162	171	59	0.9498	0.000
7	136	59	0.9213	-0.000
7	162	59	0.9378	-0.000
136	162	59	0.9262	0.000
255	256	60	0.8336	-18.011
255	284	60	0.8824	-14.016
243	283	60	0.8036	-0.984
283	284	60	0.856	18.011
2	245	61	0.901	-0.050
245	271	61	0.9103	0.000
245	318	61	0.8793	-0.000
2	271	61	0.8884	-0.050
271	318	61	0.8787	-0.000
2	3	61	0.784	-42.047
2	318	61	0.8875	-0.050
666	676	62	0.7249	-72.057
125	164	64	0.8969	30.011
164	202	64	0.8532	-14.016
125	202	64	0.8469	15.995
8	422	65	0.7256	-0.205
936	940	66	0.7837	1.032
444	498	67	0.9843	0.000
444	586	67	0.9822	0.000
498	586	67	0.9835	0.000
57	60	70	0.7643	1.002
60	61	70	0.865	-1.995
57	61	70	0.7402	-0.993
61	72	70	0.7416	10.029
375	426	71	0.7162	-28.031
724	806	72	0.7113	-12.036
724	820	72	0.8715	-28.031
682	934	73	0.7561	-70.078
816	934	73	0.8328	-28.031
826	934	73	0.7832	-28.031
878	934	73	0.8105	-13.013
934	953	73	0.8618	0.000
816	826	73	0.8775	-0.000
816	878	73	0.7444	-15.018
816	953	73	0.8006	-28.031
826	953	73	0.7889	-28.031
878	953	73	0.8049	-13.013
682	878	73	0.7515	-57.065
1005	1023	74	0.7733	-0.000
376	490	77	0.968	-56.062
427	490	77	0.9107	-28.031
376	427	77	0.9329	-28.031
888	977	78	0.7219	-56.063
948	977	78	0.9204	-28.031
968	977	78	0.8658	-14.016
977	1006	78	0.7567	-28.031
888	948	78	0.7671	-28.031
888	968	78	0.7394	-42.047
888	1006	78	0.7011	-84.094
948	1006	78	0.7638	-56.063
948	968	78	0.8494	-14.016
12	45	79	0.8629	-55.935
13	45	79	0.7669	-100.933
45	47	79	0.7444	127.920
12	13	79	0.7724	44.998
565	690	81	0.7535	-28.031
461	485	82	0.7967	0.000
92	114	83	0.9914	-0.191
233	234	84	0.8936	-17.027
176	229	85	0.7512	0.000
155	229	85	0.7588	0.984
1079	1094	86	0.9297	0.000
911	912	88	0.7415	46.006
526	538	89	0.7233	0.000
526	563	89	0.8881	26.016
526	585	89	0.7237	-14.016
538	563	89	0.8114	26.016
10	135	90	0.7372	-0.101
10	152	90	0.7933	0.000
135	152	90	0.7325	0.101
608	702	91	0.7901	-28.031
53	144	93	0.9835	0.000
411	413	94	0.9595	0.179
119	121	96	0.7327	56.524
503	583	97	0.7185	61.956
503	924	97	0.7286	-188.157
467	492	97	0.9255	0.000
467	583	97	0.7682	63.971
492	583	97	0.7395	63.971
924	925	97	0.932	-17.027
1	25	98	0.8011	0.029
1	52	98	0.9182	0.000
1110	1115	99	0.8113	0.000
1110	1120	99	0.8045	0.000
1115	1120	99	0.945	0.000
780	853	101	0.8114	-74.019
853	854	101	0.8077	74.019
853	966	101	0.7812	74.019
780	966	101	0.8768	0.000
854	966	101	0.8899	0.000
780	854	101	0.8779	0.000
188	197	102	0.7625	0.000
387	388	104	0.8067	239.695
59	71	105	0.858	10.029
707	709	108	0.811	0.023
1017	1034	111	0.9993	-0.000
835	876	112	0.8749	-14.016
876	885	112	0.7858	26.016
876	884	112	0.8632	-0.000
814	822	114	0.8502	0.000
814	857	114	0.8629	-14.016
814	933	114	0.796	-28.031
822	933	114	0.8186	-28.031
328	344	118	0.8856	0.000
194	201	121	0.7401	-203.079
194	196	121	0.7081	-45.058
185	860	122	0.842	0.000
5	165	123	0.8755	0.000
138	165	123	0.9235	-0.000
5	138	123	0.8907	0.000
66	67	125	0.7122	-109.844
327	343	128	0.9183	0.000
958	984	130	0.7876	-28.031
723	726	132	0.9945	0.000
236	249	133	0.8671	-44.026
272	295	136	0.8032	0.948
98	207	137	0.7516	13.846
883	919	138	0.721	1.619
731	734	139	0.8544	0.000
82	94	140	0.9774	0.166
94	107	140	0.9402	-0.154
82	107	140	0.9128	0.011
332	341	145	0.7546	-0.000
