CLUSTERID1	CLUSTERID2	DeltaMZ	MinRatio	Cosine	AlignScore2	AlignScore3
1	25	0.029	0.000	0.8011	0.8828	1
1	36	-101.891	0.000	0.7392	0.5796	1
1	52	0.000	0.000	0.9182	0.8015	1
1	115	-83.881	0.000	0.7092	0.5774	1
1	284	-12.115	0.000	0.7667	0.6844	1
2	3	-42.047	0.000	0.7840	0.6922	1
2	245	-0.050	0.000	0.9010	0.7643	1
2	271	-0.050	0.000	0.8884	0.7388	1
2	318	-0.050	0.000	0.8875	0.7712	1
4	6	14.215	0.000	0.7486	0.6081	1
4	46	17.027	0.000	0.7424	0.7209	1
4	58	-1.003	0.000	0.7727	0.6847	1
4	63	-0.000	0.000	0.8940	0.8906	1
4	116	14.215	0.000	0.7603	0.6081	1
4	132	-27.995	0.000	0.7531	0.6743	1
4	142	14.016	0.000	0.7548	0.6081	1
4	143	17.027	0.000	0.7758	0.7250	1
4	145	-1.003	0.000	0.8316	0.7487	1
4	146	0.000	0.000	0.9155	0.8906	1
4	147	-0.997	0.000	0.8389	0.7487	1
4	156	0.008	0.000	0.9262	0.8906	1
4	159	14.215	0.000	0.7612	0.6081	1
4	163	14.215	0.000	0.7595	0.6081	1
4	175	14.215	0.000	0.7644	0.6081	1
4	177	-0.997	0.000	0.8418	0.7487	1
4	224	14.063	0.000	0.7756	0.6300	1
4	231	14.121	0.000	0.8448	0.7707	1
4	260	0.047	0.000	0.7639	0.6216	1
4	297	5.074	0.000	0.7796	0.8143	1
4	617	0.000	0.000	0.9339	0.9432	1
5	23	18.023	0.000	0.7013	0.5429	1
5	138	0.000	0.000	0.8907	0.7924	1
5	165	0.000	0.000	0.8755	0.7570	1
6	56	-0.199	0.000	0.9822	0.8963	1
6	63	-14.215	0.000	0.9215	0.7816	1
6	105	-0.151	0.000	0.7763	0.6659	1
6	116	0.000	0.000	0.9957	0.9819	1
6	142	-0.199	0.000	0.9961	0.9768	1
6	145	-15.218	0.000	0.8369	0.7790	1
6	146	-14.215	0.000	0.9039	0.7295	1
6	147	-15.212	0.000	0.8103	0.7423	1
6	156	-14.207	0.000	0.8934	0.7130	1
6	159	-0.000	0.000	0.9938	0.9786	1
6	163	-0.000	0.000	0.9956	0.9819	1
6	175	-0.000	0.000	0.9879	0.9819	1
6	177	-15.212	0.000	0.7875	0.7279	1
6	224	-0.152	0.000	0.8777	0.8021	1
6	231	-0.094	0.000	0.9154	0.8595	1
7	136	-0.000	0.000	0.9213	0.8586	1
7	162	-0.000	0.000	0.9378	0.8713	1
7	171	-0.000	0.000	0.9296	0.8427	1
8	422	-0.205	0.000	0.7256	0.6160	1
9	131	0.000	0.000	0.9590	0.9502	1
9	214	0.000	0.000	0.9596	0.9499	1
9	297	-0.104	0.000	0.7071	0.6434	1
9	365	0.000	0.000	0.9562	0.9506	1
9	421	0.000	0.000	0.9826	1.0000	1
9	447	-0.000	0.000	0.9738	0.9528	1
9	481	0.000	0.000	0.9652	0.9500	1
9	592	0.000	0.000	0.9545	0.9072	1
10	135	-0.101	0.000	0.7372	0.6184	1
10	152	0.000	0.000	0.7933	0.6398	1
11	32	31.055	0.000	0.7388	0.5738	1
11	43	0.151	0.000	0.8813	0.7447	1
11	149	31.055	0.000	0.7153	0.5825	1
12	13	44.998	0.000	0.7724	0.6156	1
12	45	-55.935	0.000	0.8629	0.7047	1
13	45	-100.933	0.000	0.7669	0.6228	1
14	141	-0.188	0.000	0.9387	0.9009	1
16	17	-2.996	0.000	0.8162	0.7091	1
16	19	-2.000	0.000	0.7820	0.7150	1
16	20	-1.997	0.000	0.7820	0.7150	1
16	46	-2.192	0.000	0.7287	0.6551	1
16	140	-1.993	0.000	0.7704	0.7033	1
16	169	-1.124	0.000	0.9174	0.7867	1
16	182	-1.124	0.000	0.9187	0.7867	1
16	225	-2.145	0.000	0.7502	0.6849	1
16	358	-42.116	0.000	0.7411	0.5759	1
16	518	-42.176	0.000	0.7298	0.5951	1
16	875	-2.997	0.000	0.7196	0.7135	1
16	908	-2.997	0.000	0.7206	0.7135	1
16	951	-2.997	0.000	0.7168	0.7060	1
16	1003	-2.997	0.000	0.7152	0.7132	1
16	1010	-2.997	0.000	0.7164	0.7087	1
16	1046	-2.997	0.000	0.7193	0.7055	1
17	18	0.001	0.000	0.8855	0.8299	1
17	19	0.996	0.000	0.7345	0.7270	1
17	20	0.999	0.000	0.7345	0.7270	1
17	22	-0.005	0.000	0.8855	0.8299	1
17	140	1.003	0.000	0.7364	0.7270	1
17	225	0.852	0.000	0.7217	0.7270	1
18	19	0.995	0.000	0.7025	0.6566	1
18	20	0.998	0.000	0.7025	0.6566	1
18	22	-0.006	0.000	1.0000	1.0000	1
18	46	0.803	0.000	0.7536	0.7418	1
18	143	0.803	0.000	0.7420	0.7418	1
18	225	0.850	0.000	0.7523	0.7418	1
19	20	0.003	0.000	1.0000	1.0000	1
19	21	2.998	0.000	0.7155	0.7139	1
19	22	-1.001	0.000	0.7025	0.6566	1
19	46	-0.192	0.000	0.8992	0.8631	1
19	140	0.006	0.000	0.9918	1.0000	1
19	143	-0.192	0.000	0.8378	0.8224	1
19	225	-0.145	0.000	0.9344	0.9004	1
20	21	2.996	0.000	0.7155	0.7139	1
20	22	-1.004	0.000	0.7025	0.6566	1
20	46	-0.195	0.000	0.8992	0.8631	1
20	140	0.004	0.000	0.9918	1.0000	1
20	143	-0.195	0.000	0.8378	0.8224	1
20	225	-0.148	0.000	0.9344	0.9004	1
21	23	-41.026	0.000	0.8127	0.6795	1
21	83	-0.105	0.000	0.8741	0.7769	1
21	140	-2.992	0.000	0.7181	0.7170	1
21	169	-2.122	0.000	0.9753	0.9040	1
21	182	-2.122	0.000	0.9745	0.9040	1
22	46	0.809	0.000	0.7536	0.7418	1
22	143	0.809	0.000	0.7420	0.7418	1
22	225	0.856	0.000	0.7523	0.7418	1
23	25	23.016	0.000	0.7247	0.6039	1
23	358	-2.088	0.000	0.8445	0.7178	1
23	518	-2.148	0.000	0.9412	0.8460	1
23	796	-2.184	0.000	0.7183	0.5402	1
23	802	-2.184	0.000	0.7978	0.6283	1
24	35	-9.984	0.000	0.9249	0.8109	1
24	38	18.010	0.000	0.7124	0.5873	1
24	39	-27.995	0.000	0.7023	0.6091	1
24	148	-9.984	0.000	0.9548	0.8647	1
25	284	-12.143	0.000	0.7024	0.6872	1
26	30	-17.013	0.000	0.7016	0.5706	1
26	31	30.953	0.000	0.8797	0.7776	1
26	34	0.998	0.000	0.8071	0.6200	1
26	35	-0.997	0.000	0.8207	0.6418	1
26	38	26.998	0.000	0.7324	0.5391	1
26	77	9.032	0.000	0.7113	0.6486	1
26	148	-0.997	0.000	0.7757	0.6418	1
27	32	18.011	0.000	0.8110	0.6530	1
27	37	-23.016	0.000	0.8622	0.6082	1
27	79	10.029	0.000	0.8074	0.6141	1
27	130	11.037	0.000	0.7905	0.5867	1
27	149	18.011	0.000	0.7849	0.6618	1
28	32	-0.997	0.000	0.9153	0.7326	1
28	40	0.998	0.000	0.9261	0.7653	1
28	41	30.952	0.000	0.9388	0.7599	1
28	49	-1.999	0.000	0.9026	0.8662	1
28	78	9.031	0.000	0.7806	0.6585	1
28	149	-0.997	0.000	0.8877	0.7000	1
29	84	-0.127	0.000	0.8161	0.6929	1
30	31	47.965	0.000	0.7302	0.5580	1
30	33	29.955	0.000	0.8439	0.5160	1
30	34	18.011	0.000	0.8484	0.6972	1
30	35	16.015	0.000	0.7880	0.5991	1
30	39	-1.995	0.000	0.9270	0.7310	1
30	40	-23.016	0.000	0.7506	0.5788	1
30	157	-1.995	0.000	0.8447	0.6321	1
31	33	-18.011	0.000	0.8166	0.6939	1
31	34	-29.955	0.000	0.8152	0.6025	1
31	35	-31.950	0.000	0.8486	0.6927	1
31	38	-3.955	0.000	0.7245	0.6323	1
31	39	-49.960	0.000	0.7154	0.4679	1
31	44	-15.978	0.000	0.7577	0.7791	1
31	77	-21.921	0.000	0.7179	0.6150	1
31	148	-31.950	0.000	0.7883	0.6927	1
31	157	-49.960	0.000	0.7494	0.4768	1
32	36	27.995	0.000	0.8597	0.6623	1
32	37	-41.027	0.000	0.7809	0.6128	1
32	39	23.016	0.000	0.8027	0.5803	1
32	40	1.995	0.000	0.9733	0.8738	1
32	41	31.950	0.000	0.9313	0.7605	1
32	49	-1.002	0.000	0.7467	0.5972	1
32	73	40.898	0.000	0.7213	0.5402	1
32	78	10.029	0.000	0.8223	0.7905	1
32	79	-7.982	0.000	0.7320	0.7063	1
32	149	0.000	0.000	0.9371	0.7887	1
32	157	23.016	0.000	0.8051	0.6944	1
33	34	-11.944	0.000	0.7355	0.5049	1
33	38	14.056	0.000	0.7349	0.6804	1
33	39	-31.950	0.000	0.8775	0.6006	1
33	41	-23.016	0.000	0.7707	0.5418	1
33	80	-21.921	0.000	0.7038	0.5619	1
34	35	-1.995	0.000	0.9512	0.8176	1
34	39	-20.006	0.000	0.7219	0.4859	1
34	148	-1.995	0.000	0.8947	0.7370	1
34	157	-20.006	0.000	0.7654	0.5062	1
35	38	27.995	0.000	0.8451	0.6715	1
35	39	-18.011	0.000	0.8148	0.6541	1
35	77	10.029	0.000	0.7901	0.7708	1
35	115	4.979	0.000	0.7531	0.5377	1
35	148	0.000	0.000	0.9440	0.8796	1
35	157	-18.010	0.000	0.8152	0.6027	1
36	39	-4.979	0.000	0.9204	0.7130	1
36	40	-26.000	0.000	0.7065	0.6458	1
36	41	3.955	0.000	0.7166	0.7279	1
36	49	-28.997	0.000	0.7266	0.5870	1
36	52	101.891	0.000	0.7635	0.4997	1
36	73	12.903	0.000	0.8362	0.7125	1
36	78	-17.966	0.000	0.7778	0.7016	1
36	115	18.010	0.000	0.7091	0.5037	1
36	149	-27.995	0.000	0.8352	0.6218	1
36	157	-4.979	0.000	0.8567	0.6723	1
36	860	108.798	0.000	0.7027	0.6071	1
37	81	10.029	0.000	0.8130	0.6831	1
37	149	41.027	0.000	0.7425	0.5786	1
37	174	9.972	0.000	0.7021	0.6065	1
38	77	-17.966	0.000	0.7427	0.6444	1
38	148	-27.995	0.000	0.7807	0.5797	1
39	73	17.882	0.000	0.8248	0.6046	1
39	148	18.011	0.000	0.7118	0.5607	1
39	149	-23.016	0.000	0.7566	0.4844	1
39	157	0.000	0.000	0.8336	0.5251	1
40	41	29.955	0.000	0.9374	0.7542	1
40	49	-2.997	0.000	0.7573	0.6067	1
40	78	8.034	0.000	0.7505	0.4908	1
40	149	-1.995	0.000	0.9376	0.7537	1
41	49	-32.952	0.000	0.8039	0.6498	1
41	78	-21.921	0.000	0.7670	0.5455	1
41	149	-31.950	0.000	0.8979	0.6608	1
44	69	-6.017	0.000	0.7564	0.6017	1
45	47	127.920	0.000	0.7444	0.6501	1
46	140	0.199	0.000	0.8837	0.8631	1
46	143	0.000	0.000	0.9870	1.0000	1
46	225	0.047	0.000	0.9866	1.0000	1
49	78	11.031	0.000	0.7417	0.6888	1
49	149	1.002	0.000	0.7272	0.5444	1
52	78	-119.857	0.000	0.7294	0.4527	1
52	149	-129.886	0.000	0.7080	0.4731	1
53	144	0.000	0.000	0.9835	0.9134	1
56	68	-27.995	0.000	0.8573	0.6322	1
56	116	0.199	0.000	0.9641	0.8501	1
56	132	-42.011	0.000	0.8770	0.7424	1
56	142	0.000	0.000	0.9707	0.8554	1
56	159	0.199	0.000	0.9628	0.8337	1
56	163	0.199	0.000	0.9648	0.8508	1
56	175	0.199	0.000	0.9460	0.8207	1
57	60	1.002	0.000	0.7643	0.6454	1
57	61	-0.993	0.000	0.7402	0.6530	1
58	63	1.003	0.000	0.8259	0.8399	1
58	145	0.000	0.000	0.9410	0.8234	1
58	146	1.003	0.000	0.8269	0.8308	1
58	147	0.006	0.000	0.9066	0.7657	1
58	156	1.011	0.000	0.8312	0.8193	1
58	177	0.006	0.000	0.9044	0.7892	1
58	224	15.066	0.000	0.8689	0.7388	1
58	260	1.051	0.000	0.7398	0.6413	1
58	617	1.003	0.000	0.7889	0.7270	1
59	71	10.029	0.000	0.8580	0.6533	1
60	61	-1.995	0.000	0.8650	0.7222	1
61	72	10.029	0.000	0.7416	0.5946	1
63	116	14.215	0.000	0.9139	0.7816	1
63	132	-27.995	0.000	0.9092	0.7773	1
63	142	14.016	0.000	0.9136	0.7816	1
63	145	-1.003	0.000	0.8200	0.8470	1
63	146	0.000	0.000	0.9954	0.9696	1
63	147	-0.997	0.000	0.8038	0.8260	1
63	156	0.008	0.000	0.9914	0.9656	1
63	159	14.215	0.000	0.9135	0.7816	1
63	163	14.215	0.000	0.9124	0.7816	1
63	175	14.215	0.000	0.8998	0.7816	1
63	177	-0.997	0.000	0.7952	0.8206	1
63	231	14.121	0.000	0.8617	0.7556	1
63	260	0.048	0.000	0.8774	0.6216	1
63	617	0.000	0.000	0.9669	0.8919	1
66	67	-109.844	0.000	0.7122	0.4322	1
68	74	-14.016	0.000	0.9164	0.9052	1
68	128	0.000	0.000	0.8999	0.7486	1
68	132	-14.016	0.000	0.8846	0.7259	1
68	142	27.995	0.000	0.8234	0.6115	1
68	158	-0.036	0.000	0.8883	0.7274	1
69	77	0.073	0.000	0.7559	0.8223	1
73	149	-40.898	0.000	0.7225	0.5341	1
73	157	-17.882	0.000	0.8068	0.6027	1
74	128	14.016	0.000	0.8431	0.7567	1
74	132	0.000	0.000	0.9718	0.8113	1
74	145	26.992	0.000	0.8149	0.6474	1
74	158	13.979	0.000	0.8521	0.6929	1
76	130	0.001	0.000	0.7109	0.5948	1
77	148	-10.029	0.000	0.7967	0.7424	1
78	79	-18.011	0.000	0.7623	0.7612	1
78	149	-10.029	0.000	0.8160	0.8212	1
79	81	-23.016	0.000	0.8080	0.7021	1
79	130	1.008	0.000	0.8101	0.6391	1
79	149	7.982	0.000	0.7038	0.7626	1
82	94	0.166	0.000	0.9774	0.9155	1
82	107	0.011	0.000	0.9128	0.8984	1
85	86	-43.023	0.000	0.8719	0.7010	1
85	87	-41.026	0.000	0.8893	0.7446	1
85	89	-18.011	0.000	0.8363	0.6971	1
85	109	-34.969	0.000	0.7314	0.6259	1
85	213	81.719	0.000	0.7525	0.6903	1
85	240	81.719	0.000	0.8052	0.7152	1
85	358	84.753	0.000	0.7628	0.6653	1
85	518	84.693	0.000	0.8654	0.7152	1
85	802	84.657	0.000	0.7411	0.6283	1
85	931	66.859	0.000	0.7875	0.5824	1
85	946	66.859	0.000	0.8071	0.6583	1
85	1002	103.866	0.000	0.7078	0.5772	1
86	87	1.997	0.000	0.9429	0.8565	1
86	89	25.013	0.000	0.8459	0.7606	1
86	109	8.055	0.000	0.7514	0.7579	1
86	240	124.742	0.000	0.7085	0.6305	1
86	518	127.717	0.000	0.7459	0.5562	1
86	931	109.882	0.000	0.7965	0.6350	1
86	946	109.882	0.000	0.8014	0.6708	1
87	89	23.016	0.000	0.8173	0.7240	1
87	109	6.058	0.000	0.7746	0.7579	1
87	240	122.745	0.000	0.7002	0.6304	1
87	518	125.720	0.000	0.7333	0.5431	1
87	931	107.885	0.000	0.7940	0.6333	1
87	946	107.885	0.000	0.7817	0.6333	1
89	109	-16.958	0.000	0.7146	0.7170	1
89	518	102.704	0.000	0.7070	0.4940	1
89	931	84.869	0.000	0.7031	0.5221	1
92	114	-0.191	0.000	0.9914	0.9565	1
94	107	-0.154	0.000	0.9402	1.0000	1
95	97	-127.869	0.000	0.7068	0.5026	1
95	100	-125.873	0.000	0.8041	0.4862	1
97	99	-125.873	0.000	0.9312	0.7983	1
97	100	1.997	0.000	0.7969	0.6265	1
98	207	13.846	0.000	0.7516	0.7417	1
99	100	127.870	0.000	0.8318	0.6491	1
101	168	-13.006	0.000	0.9291	0.7190	1
102	103	17.026	0.000	0.8300	0.6730	1
103	173	25.971	0.000	0.7066	0.6656	1
104	130	-10.029	0.000	0.7012	0.5430	1
105	116	0.151	0.000	0.7763	0.6659	1
105	142	-0.048	0.000	0.7764	0.6659	1
105	159	0.151	0.000	0.7739	0.6659	1
105	163	0.151	0.000	0.7751	0.6659	1
105	175	0.151	0.000	0.7732	0.6659	1
105	224	-0.000	0.000	0.7084	0.6018	1
105	231	0.057	0.000	0.7387	0.6659	1
107	770	2.975	0.000	0.7145	0.6935	1
116	142	-0.199	0.000	0.9973	0.9768	1
116	145	-15.218	0.000	0.8355	0.7790	1
116	146	-14.215	0.000	0.8985	0.7295	1
116	147	-15.212	0.000	0.8121	0.7423	1
116	156	-14.207	0.000	0.8898	0.7130	1
116	159	-0.000	0.000	0.9981	0.9786	1
116	163	-0.000	0.000	0.9997	1.0000	1
116	175	-0.000	0.000	0.9976	1.0000	1
116	177	-15.212	0.000	0.7947	0.7279	1
116	224	-0.152	0.000	0.8994	0.8021	1
116	231	-0.094	0.000	0.9347	0.8595	1
118	168	15.995	0.000	0.9349	0.6062	1
119	121	56.524	0.000	0.7327	0.5634	1
122	206	12.981	0.000	0.7017	0.6850	1
125	164	30.011	0.000	0.8969	0.6256	1
125	202	15.995	0.000	0.8469	0.5815	1
127	153	105.029	0.000	0.7553	0.5380	1
127	168	29.993	0.000	0.9042	0.4970	1
127	230	-0.000	0.000	0.9340	0.5871	1
128	133	0.011	0.000	0.8434	0.7569	1
128	158	-0.036	0.000	0.8603	0.6904	1
131	214	0.000	0.000	0.9998	1.0000	1
131	297	-0.104	0.000	0.7400	0.6434	1
131	365	-0.000	0.000	0.9997	1.0000	1
131	421	-0.000	0.000	0.9774	0.9502	1
131	447	-0.000	0.000	0.9961	1.0000	1
131	481	-0.000	0.000	0.9990	1.0000	1
131	592	0.000	0.000	0.9799	0.9551	1
132	145	26.992	0.000	0.8130	0.7075	1
132	146	27.995	0.000	0.8955	0.7773	1
132	156	28.003	0.000	0.8850	0.7773	1
132	158	13.979	0.000	0.8429	0.6322	1
132	159	42.210	0.000	0.8417	0.6789	1
132	231	42.116	0.000	0.7733	0.6725	1
132	260	28.042	0.000	0.7987	0.6216	1
132	617	27.995	0.000	0.8712	0.7033	1
133	158	-0.048	0.000	0.7201	0.5431	1
135	152	0.101	0.000	0.7325	0.6430	1
136	162	0.000	0.000	0.9262	0.8641	1
136	171	0.000	0.000	0.9404	0.8680	1
138	165	-0.000	0.000	0.9235	0.8477	1
139	226	-10.075	0.000	0.7409	0.5167	1
140	143	-0.199	0.000	0.8345	0.8224	1
140	225	-0.151	0.000	0.9298	0.9004	1
142	145	-15.019	0.000	0.8335	0.7790	1
142	146	-14.016	0.000	0.8976	0.7295	1
142	147	-15.013	0.000	0.8086	0.7423	1
142	156	-14.008	0.000	0.8884	0.7130	1
142	158	-28.031	0.000	0.8356	0.6335	1
142	159	0.199	0.000	0.9961	0.9768	1
142	163	0.199	0.000	0.9976	0.9768	1
142	175	0.199	0.000	0.9930	0.9768	1
142	177	-15.013	0.000	0.7867	0.7279	1
142	224	0.048	0.000	0.8871	0.8021	1
142	231	0.105	0.000	0.9249	0.8595	1
143	156	-17.019	0.000	0.7017	0.7250	1
143	225	0.047	0.000	0.9692	1.0000	1
145	146	1.003	0.000	0.8302	0.8159	1
145	147	0.006	0.000	0.9861	0.9630	1
145	156	1.011	0.000	0.8367	0.8032	1
145	158	-13.012	0.000	0.8444	0.6787	1
145	159	15.218	0.000	0.8316	0.7790	1
145	163	15.218	0.000	0.8316	0.7790	1
145	175	15.218	0.000	0.8458	0.7790	1
145	177	0.006	0.000	0.9708	0.9225	1
145	224	15.066	0.000	0.8492	0.7725	1
145	231	15.124	0.000	0.8855	0.7965	1
145	260	1.051	0.000	0.7399	0.6491	1
145	617	1.003	0.000	0.8251	0.7823	1
146	147	-0.998	0.000	0.8175	0.8159	1
146	156	0.008	0.000	0.9992	1.0000	1
146	159	14.215	0.000	0.8981	0.7295	1
146	163	14.215	0.000	0.8970	0.7295	1
146	175	14.215	0.000	0.8865	0.7295	1
146	177	-0.998	0.000	0.8104	0.8159	1
146	231	14.121	0.000	0.8609	0.7485	1
146	260	0.047	0.000	0.8693	0.6216	1
146	617	-0.000	0.000	0.9698	0.8919	1
147	156	1.005	0.000	0.8252	0.8032	1
147	158	-13.018	0.000	0.8152	0.6787	1
147	159	15.212	0.000	0.8079	0.7423	1
147	163	15.212	0.000	0.8082	0.7423	1
147	175	15.212	0.000	0.8239	0.7423	1
147	177	0.000	0.000	0.9771	0.9225	1
147	224	15.061	0.000	0.8189	0.7031	1
147	231	15.118	0.000	0.8781	0.7965	1
147	617	0.997	0.000	0.8210	0.7641	1
148	157	-18.011	0.000	0.7567	0.5742	1
149	157	23.016	0.000	0.7926	0.6040	1
151	173	-0.073	0.000	0.7307	0.6357	1
153	160	-0.000	0.000	0.9325	0.8564	1
154	174	0.000	0.000	0.9098	0.7398	1
155	229	0.984	0.000	0.7588	0.6720	1
156	159	14.207	0.000	0.8893	0.7130	1
156	163	14.207	0.000	0.8881	0.7130	1
156	175	14.207	0.000	0.8793	0.7130	1
156	177	-1.005	0.000	0.8187	0.8032	1
156	231	14.113	0.000	0.8609	0.7403	1
156	260	0.040	0.000	0.8628	0.6216	1
156	617	-0.008	0.000	0.9687	0.8919	1
158	177	13.018	0.000	0.8074	0.6695	1
159	163	0.000	0.000	0.9984	0.9786	1
159	175	0.000	0.000	0.9958	0.9786	1
159	177	-15.212	0.000	0.7893	0.7279	1
159	224	-0.152	0.000	0.8961	0.8021	1
159	231	-0.094	0.000	0.9306	0.8595	1
159	617	-14.215	0.000	0.8711	0.7163	1
161	170	0.003	0.000	0.7718	0.7375	1
161	192	15.995	0.000	0.8532	0.7804	1
162	171	0.000	0.000	0.9498	0.8761	1
163	175	0.000	0.000	0.9973	1.0000	1
163	177	-15.212	0.000	0.7892	0.7279	1
163	224	-0.152	0.000	0.8954	0.8021	1
163	231	-0.094	0.000	0.9315	0.8595	1
164	202	-14.016	0.000	0.8532	0.6043	1
166	189	18.010	0.000	0.8245	0.6316	1
166	199	48.021	0.000	0.8785	0.6652	1
166	205	48.021	0.000	0.9035	0.7007	1
168	230	-29.993	0.000	0.9475	0.7680	1
169	182	-0.000	0.000	0.9998	1.0000	1
169	518	-41.052	0.000	0.7670	0.6092	1
170	183	-0.000	0.000	0.7536	0.6983	1
175	177	-15.212	0.000	0.8102	0.7279	1
175	224	-0.152	0.000	0.9113	0.8021	1
175	231	-0.094	0.000	0.9447	0.8595	1
176	229	0.000	0.000	0.7512	0.6723	1
177	224	15.061	0.000	0.8243	0.7279	1
177	231	15.118	0.000	0.8896	0.8599	1
177	617	0.997	0.000	0.8185	0.7647	1
181	256	-2.016	0.000	0.7583	0.6860	1
182	518	-41.052	0.000	0.7732	0.6092	1
185	860	0.000	0.000	0.8420	0.7907	1
188	197	0.000	0.000	0.7625	0.8213	1
189	199	30.010	0.000	0.8317	0.6025	1
189	205	30.010	0.000	0.8225	0.5940	1
194	196	-45.058	0.000	0.7081	0.4741	1
194	201	-203.079	0.000	0.7401	0.4696	1
199	205	0.000	0.000	0.9187	0.7752	1
200	210	0.000	0.000	0.8833	0.6710	1
203	239	27.995	0.000	0.7673	0.6691	1
203	253	-2.016	0.000	0.7601	0.6690	1
203	268	-2.016	0.000	0.7250	0.6196	1
203	273	-18.011	0.000	0.7180	0.6588	1
203	277	-14.016	0.000	0.9051	0.8367	1
203	294	-14.013	0.000	0.8926	0.8553	1
203	301	-32.026	0.000	0.7564	0.6178	1
203	314	13.979	0.000	0.7233	0.6274	1
203	339	-28.031	0.000	0.7621	0.6871	1
206	209	-17.027	0.000	0.7981	0.6996	1
206	526	-52.068	0.000	0.7085	0.5206	1
209	234	-48.995	0.000	0.7104	0.7171	1
209	284	-14.016	0.000	0.7787	0.6914	1
213	240	0.000	0.000	0.9904	0.9811	1
213	270	1.979	0.000	0.7529	0.6338	1
213	358	3.034	0.000	0.7366	0.6903	1
213	518	2.974	0.000	0.8201	0.7152	1
213	1002	22.147	0.000	0.7390	0.6071	1
214	297	-0.104	0.000	0.7383	0.6434	1
214	365	-0.000	0.000	0.9996	1.0000	1
214	421	-0.000	0.000	0.9775	0.9499	1
214	447	-0.000	0.000	0.9964	1.0000	1
214	481	-0.000	0.000	0.9990	1.0000	1
214	592	0.000	0.000	0.9785	0.9517	1
221	296	-2.016	0.000	0.7955	0.6618	1
223	260	27.995	0.000	0.7331	0.5838	1
224	231	0.058	0.000	0.9362	0.8611	1
231	617	-14.121	0.000	0.8741	0.7554	1
233	234	-17.027	0.000	0.8936	0.6545	1
235	266	-71.026	0.000	0.9168	0.7115	1
235	290	-220.131	0.000	0.8540	0.5537	1
235	310	-352.210	0.000	0.7860	0.4611	1
235	863	-121.151	0.000	0.7673	0.5910	1
236	249	-44.026	0.000	0.8671	0.5963	1
237	285	-2.016	0.000	0.7239	0.6576	1
239	314	-14.016	0.000	0.7993	0.7111	1
239	377	-28.031	0.000	0.7858	0.7201	1
240	270	1.979	0.000	0.7280	0.6618	1
240	358	3.034	0.000	0.7843	0.7178	1
240	518	2.974	0.000	0.8733	0.7564	1
240	802	2.938	0.000	0.7394	0.6283	1
240	931	-14.860	0.000	0.7067	0.6291	1
240	1002	22.147	0.000	0.7586	0.5986	1
243	283	-0.984	0.000	0.8036	0.6765	1
245	271	0.000	0.000	0.9103	0.8056	1
245	318	-0.000	0.000	0.8793	0.7680	1
247	266	-118.063	0.000	0.7114	0.5749	1
253	258	-2.015	0.000	0.7307	0.6834	1
253	268	0.000	0.000	0.8898	0.8330	1
253	273	-15.995	0.000	0.7496	0.7109	1
253	274	-2.015	0.000	0.7773	0.7542	1
253	283	12.000	0.000	0.7747	0.6812	1
253	314	15.995	0.000	0.7041	0.6542	1
253	377	1.979	0.000	0.7337	0.6728	1
255	256	-18.011	0.000	0.8336	0.8270	1
255	284	-14.016	0.000	0.8824	0.8065	1
255	418	-70.078	0.000	0.7130	0.5847	1
256	283	-14.016	0.000	0.7843	0.7288	1
258	268	2.015	0.000	0.7385	0.6834	1
258	274	-0.000	0.000	0.9270	0.9025	1
258	277	-9.985	0.000	0.7053	0.6853	1
258	377	3.995	0.000	0.7872	0.6875	1
258	408	-10.021	0.000	0.7424	0.7035	1
258	432	-24.036	0.000	0.7089	0.6679	1
260	617	-0.047	0.000	0.8527	0.6216	1
261	277	-54.011	0.000	0.7326	0.6500	1
261	285	-75.068	0.000	0.7984	0.5271	1
261	296	-14.016	0.000	0.7831	0.6988	1
266	290	-149.106	0.000	0.8443	0.5716	1
266	299	-193.132	0.000	0.8229	0.5729	1
266	304	-237.158	0.000	0.8355	0.6466	1
266	310	-281.185	0.000	0.7992	0.4981	1
266	340	-474.315	0.000	0.7003	0.4367	1
266	353	-518.341	0.000	0.7202	0.4389	1
266	863	-50.125	0.000	0.7231	0.5998	1
268	273	-15.995	0.000	0.7908	0.7224	1
268	274	-2.015	0.000	0.7623	0.7060	1
268	283	12.000	0.000	0.7920	0.7770	1
268	301	-30.010	0.000	0.7181	0.6436	1
268	314	15.995	0.000	0.7015	0.6364	1
268	377	1.979	0.000	0.7508	0.6790	1
268	408	-12.036	0.000	0.7357	0.6938	1
268	626	-78.120	0.000	0.7284	0.7472	1
270	274	-18.010	0.000	0.7436	0.7237	1
270	296	12.000	0.000	0.7080	0.6504	1
270	314	0.000	0.000	0.7793	0.7467	1
271	318	-0.000	0.000	0.8787	0.7653	1
272	295	0.948	0.000	0.8032	0.5554	1
273	274	13.979	0.000	0.7343	0.6429	1
273	277	3.995	0.000	0.7076	0.6399	1
273	282	1.979	0.000	0.7067	0.6631	1
273	283	27.995	0.000	0.7967	0.6908	1
273	291	-28.031	0.000	0.7044	0.6594	1
273	294	3.997	0.000	0.7651	0.7283	1
273	301	-14.016	0.000	0.8134	0.7422	1
273	313	-26.015	0.000	0.7759	0.6561	1
273	339	-10.021	0.000	0.7389	0.6825	1
273	408	3.959	0.000	0.7493	0.7174	1
274	277	-9.985	0.000	0.8132	0.7859	1
274	294	-9.982	0.000	0.8067	0.7743	1
274	314	18.010	0.000	0.7218	0.6527	1
274	377	3.995	0.000	0.8156	0.7051	1
274	408	-10.021	0.000	0.7972	0.7339	1
274	432	-24.036	0.000	0.7978	0.7496	1
277	294	0.002	0.000	0.9280	0.8058	1
277	301	-18.010	0.000	0.7768	0.6197	1
277	314	27.995	0.000	0.7653	0.6432	1
277	339	-14.016	0.000	0.8771	0.7593	1
283	284	18.011	0.000	0.8560	0.7726	1
283	294	-23.998	0.000	0.7105	0.6811	1
283	313	-54.010	0.000	0.7292	0.6064	1
283	314	3.995	0.000	0.7503	0.6692	1
284	368	-28.031	0.000	0.7819	0.7153	1
290	299	-44.026	0.000	0.7995	0.5509	1
290	304	-88.053	0.000	0.7986	0.5720	1
290	310	-132.079	0.000	0.7710	0.5232	1
294	301	-18.013	0.000	0.8370	0.7206	1
294	314	27.993	0.000	0.8307	0.7708	1
294	339	-14.018	0.000	0.9304	0.8270	1
294	377	13.977	0.000	0.7581	0.7233	1
294	408	-0.038	0.000	0.7275	0.7277	1
296	314	-12.000	0.000	0.7985	0.7055	1
296	377	-26.016	0.000	0.7562	0.6280	1
296	507	-49.093	0.000	0.7276	0.7557	1
296	770	0.000	0.000	0.7933	0.6697	1
297	365	0.104	0.000	0.7404	0.6434	1
297	421	0.104	0.000	0.7362	0.6434	1
297	447	0.104	0.000	0.7298	0.6434	1
297	481	0.104	0.000	0.7315	0.6434	1
297	592	0.104	0.000	0.7309	0.6434	1
297	617	-5.074	0.000	0.7614	0.8584	1
299	304	-44.026	0.000	0.7900	0.5729	1
299	310	-88.053	0.000	0.7566	0.4904	1
299	340	-281.183	0.000	0.7003	0.4682	1
299	353	-325.210	0.000	0.7046	0.4402	1
301	313	-12.000	0.000	0.8080	0.7856	1
301	314	46.005	0.000	0.7329	0.5870	1
301	339	3.995	0.000	0.7440	0.7353	1
301	432	3.959	0.000	0.7469	0.8544	1
304	310	-44.026	0.000	0.7453	0.4900	1
304	340	-237.157	0.000	0.7060	0.4844	1
304	353	-281.183	0.000	0.7050	0.4577	1
307	314	26.016	0.000	0.7002	0.6878	1
307	408	-2.016	0.000	0.7363	0.7305	1
307	432	-16.031	0.000	0.7818	0.6964	1
307	449	-18.047	0.000	0.7161	0.6878	1
310	340	-193.131	0.000	0.7223	0.5558	1
310	353	-237.157	0.000	0.7136	0.4975	1
311	373	-58.042	0.000	0.7263	0.4122	1
314	317	17.027	0.000	0.7400	0.6226	1
314	339	-42.010	0.000	0.7314	0.6171	1
314	377	-14.016	0.000	0.8344	0.7643	1
314	408	-28.031	0.000	0.7811	0.7406	1
314	465	-94.115	0.000	0.7203	0.7544	1
317	382	-14.016	0.000	0.9020	0.8484	1
319	335	0.000	0.000	0.7242	0.5339	1
321	334	-0.000	0.000	0.9672	0.8575	1
321	335	-45.058	0.000	0.8321	0.7877	1
321	336	-17.027	0.000	0.8406	0.6935	1
321	348	0.000	0.000	0.9660	0.8575	1
321	351	-45.058	0.000	0.7569	0.6174	1
321	360	0.000	0.000	0.9641	0.8575	1
321	548	18.011	0.000	0.7404	0.6105	1
321	595	18.011	0.000	0.8970	0.8195	1
324	329	18.011	0.000	0.8335	0.6851	1
324	331	0.000	0.000	0.9835	0.9254	1
324	347	0.000	0.000	0.9562	0.9039	1
324	363	0.000	0.000	0.9575	0.9039	1
325	330	0.000	0.000	0.9820	0.8860	1
325	345	0.000	0.000	0.9831	0.8860	1
325	361	0.000	0.000	0.9911	0.9342	1
325	602	0.000	0.000	0.9839	0.8860	1
327	343	0.000	0.000	0.9183	0.8242	1
328	344	0.000	0.000	0.8856	0.8742	1
329	331	-18.011	0.000	0.8510	0.7157	1
330	345	0.000	0.000	0.9906	0.9215	1
330	361	0.000	0.000	0.9868	0.9215	1
330	483	-41.974	0.000	0.8421	0.6207	1
330	563	-30.047	0.000	0.7048	0.6777	1
330	602	0.000	0.000	0.9914	0.9215	1
330	665	-11.964	0.000	0.7685	0.6723	1
331	347	0.000	0.000	0.9597	0.8869	1
331	363	0.000	0.000	0.9622	0.9035	1
332	341	-0.000	0.000	0.7546	0.6310	1
334	335	-45.058	0.000	0.8237	0.7477	1
334	336	-17.027	0.000	0.8729	0.7329	1
334	348	0.000	0.000	0.9958	0.9718	1
334	351	-45.058	0.000	0.7608	0.6174	1
334	360	0.000	0.000	0.9895	0.9360	1
334	548	18.011	0.000	0.7249	0.5305	1
334	595	18.011	0.000	0.8835	0.7992	1
335	336	28.031	0.000	0.7924	0.6421	1
335	348	45.058	0.000	0.8310	0.7477	1
335	351	0.000	0.000	0.8697	0.7279	1
335	360	45.058	0.000	0.8294	0.7799	1
335	362	0.000	0.000	0.7100	0.4881	1
335	595	63.068	0.000	0.7242	0.6640	1
336	348	17.027	0.000	0.8775	0.7329	1
336	351	-28.031	0.000	0.7800	0.6152	1
336	360	17.027	0.000	0.8740	0.7656	1
336	595	35.037	0.000	0.7496	0.6486	1
339	377	27.995	0.000	0.8146	0.7254	1
340	353	-44.026	0.000	0.8244	0.6704	1
345	361	0.000	0.000	0.9879	0.9268	1
345	602	0.000	0.000	0.9927	0.9437	1
347	363	0.000	0.000	0.9611	0.9093	1
348	351	-45.058	0.000	0.7687	0.6174	1
348	360	0.000	0.000	0.9867	0.9360	1
348	548	18.011	0.000	0.7196	0.5305	1
348	595	18.011	0.000	0.8804	0.7992	1
351	360	45.058	0.000	0.7719	0.6601	1
351	362	-0.000	0.000	0.7080	0.5278	1
358	518	-0.060	0.000	0.9333	0.9389	1
358	796	-0.096	0.000	0.7861	0.7406	1
358	802	-0.096	0.000	0.8672	0.8433	1
358	1002	19.113	0.000	0.7029	0.5436	1
358	1011	19.113	0.000	0.7372	0.5731	1
360	548	18.011	0.000	0.7188	0.5305	1
360	595	18.011	0.000	0.8790	0.7992	1
361	602	0.000	0.000	0.9889	0.9268	1
365	421	0.000	0.000	0.9773	0.9506	1
365	447	-0.000	0.000	0.9946	1.0000	1
365	481	0.000	0.000	0.9982	1.0000	1
365	592	0.000	0.000	0.9773	0.9521	1
368	418	-28.031	0.000	0.7527	0.6737	1
368	815	-56.099	0.000	0.7133	0.7600	1
375	426	-28.031	0.000	0.7162	0.5062	1
376	427	-28.031	0.000	0.9329	0.7748	1
376	490	-56.062	0.000	0.9680	0.8634	1
377	382	17.027	0.000	0.8171	0.7584	1
377	408	-14.016	0.000	0.8804	0.8218	1
377	432	-28.031	0.000	0.7015	0.6302	1
377	446	-96.094	0.000	0.7871	0.7208	1
377	628	-70.078	0.000	0.7489	0.5979	1
377	917	-49.093	0.000	0.7146	0.5902	1
382	917	-66.120	0.000	0.7089	0.5594	1
387	388	239.695	0.000	0.8067	0.6111	1
396	449	-28.031	0.000	0.7050	0.5861	1
396	524	-52.068	0.000	0.7368	0.5733	1
396	648	-78.083	0.000	0.7278	0.5807	1
396	690	-96.094	0.000	0.7138	0.5245	1
396	715	-80.099	0.000	0.7098	0.5502	1
396	795	-78.083	0.000	0.7216	0.5833	1
396	801	-78.083	0.000	0.7107	0.5467	1
408	432	-14.016	0.000	0.8533	0.7743	1
408	446	-82.078	0.000	0.8895	0.8557	1
408	449	-16.031	0.000	0.7236	0.7139	1
408	451	-66.083	0.000	0.7178	0.6570	1
408	488	-84.094	0.000	0.7870	0.7560	1
408	568	-84.094	0.000	0.7011	0.5845	1
408	626	-66.083	0.000	0.7258	0.6591	1
408	628	-56.063	0.000	0.7537	0.6153	1
408	633	-66.083	0.000	0.7769	0.6555	1
408	648	-66.083	0.000	0.7108	0.5952	1
408	760	-84.094	0.000	0.7749	0.5996	1
408	794	-49.057	0.000	0.7011	0.5955	1
408	795	-66.083	0.000	0.7627	0.6408	1
408	801	-66.083	0.000	0.7726	0.6288	1
408	810	-7.046	0.000	0.7284	0.6740	1
408	917	-35.078	0.000	0.7624	0.6731	1
411	413	0.179	0.000	0.9595	0.9258	1
411	444	0.179	0.000	0.8551	0.7330	1
411	498	0.179	0.000	0.8437	0.7330	1
411	586	0.179	0.000	0.8450	0.7330	1
411	811	0.179	0.000	0.8078	0.7306	1
411	875	0.179	0.000	0.7965	0.7262	1
411	906	-1.816	0.000	0.7910	0.7209	1
411	908	0.179	0.000	0.7944	0.7221	1
411	951	0.179	0.000	0.7996	0.7268	1
411	954	-1.816	0.000	0.8015	0.7310	1
411	1001	-1.816	0.000	0.8003	0.7242	1
411	1003	0.179	0.000	0.7988	0.7289	1
411	1013	-1.816	0.000	0.7988	0.7277	1
413	444	0.000	0.000	0.8967	0.8102	1
413	498	0.000	0.000	0.8943	0.8102	1
413	586	0.000	0.000	0.8924	0.8102	1
413	811	0.000	0.000	0.8668	0.8102	1
413	875	0.000	0.000	0.8562	0.8078	1
413	906	-1.995	0.000	0.8537	0.8086	1
413	908	0.000	0.000	0.8540	0.8034	1
413	951	0.000	0.000	0.8595	0.8093	1
413	954	-1.995	0.000	0.8626	0.8102	1
413	1001	-1.995	0.000	0.8627	0.8102	1
413	1003	0.000	0.000	0.8588	0.8102	1
413	1010	0.000	0.000	0.8133	0.6751	1
413	1013	-1.995	0.000	0.8619	0.8102	1
413	1046	0.000	0.000	0.8091	0.6751	1
413	1057	0.000	0.000	0.7870	0.6751	1
418	419	-18.011	0.000	0.9066	0.8490	1
418	973	-158.167	0.000	0.7097	0.6113	1
421	447	-0.000	0.000	0.9764	0.9506	1
421	481	-0.000	0.000	0.9770	0.9500	1
421	592	0.000	0.000	0.9575	0.9027	1
423	832	-12.036	0.000	0.7203	0.6585	1
423	839	-12.036	0.000	0.7190	0.6525	1
427	490	-28.031	0.000	0.9107	0.7225	1
432	446	-68.063	0.000	0.7139	0.6691	1
432	449	-2.016	0.000	0.7962	0.7344	1
432	451	-52.068	0.000	0.7164	0.6398	1
432	568	-70.078	0.000	0.7251	0.6334	1
432	608	-42.047	0.000	0.7176	0.6352	1
432	626	-52.068	0.000	0.7264	0.6559	1
432	633	-52.068	0.000	0.7889	0.6987	1
432	648	-52.068	0.000	0.7568	0.6522	1
432	658	-70.078	0.000	0.7505	0.6745	1
432	686	-54.083	0.000	0.7243	0.6361	1
432	715	-54.083	0.000	0.7295	0.6661	1
432	760	-70.078	0.000	0.8065	0.7130	1
432	786	-37.057	0.000	0.7084	0.6001	1
432	788	-54.083	0.000	0.7117	0.6229	1
432	795	-52.068	0.000	0.8064	0.7078	1
432	801	-52.068	0.000	0.8292	0.7061	1
432	805	-52.068	0.000	0.8160	0.7305	1
432	831	-37.057	0.000	0.7592	0.6734	1
432	832	-54.083	0.000	0.7272	0.6751	1
432	839	-54.083	0.000	0.7015	0.6423	1
432	917	-21.062	0.000	0.8007	0.7838	1
435	522	-2.016	0.000	0.7228	0.5718	1
436	608	-2.016	0.000	0.7290	0.7142	1
442	510	-28.031	0.000	0.9125	0.7006	1
442	533	-54.047	0.000	0.8491	0.5524	1
444	498	0.000	0.000	0.9843	0.9551	1
444	586	0.000	0.000	0.9822	0.9499	1
444	811	0.000	0.000	0.9373	0.8931	1
444	875	0.000	0.000	0.9473	0.9447	1
444	906	-1.995	0.000	0.9444	0.9456	1
444	908	0.000	0.000	0.9473	0.9461	1
444	951	0.000	0.000	0.9498	0.9442	1
444	954	-1.995	0.000	0.9507	0.9481	1
444	1001	-1.995	0.000	0.9513	0.9434	1
444	1003	0.000	0.000	0.9506	0.9506	1
444	1010	0.000	0.000	0.9000	0.8137	1
444	1013	-1.995	0.000	0.9494	0.9453	1
444	1046	0.000	0.000	0.8977	0.8137	1
444	1057	0.000	0.000	0.8356	0.7426	1
446	557	-4.031	0.000	0.7042	0.6459	1
446	652	24.000	0.000	0.7372	0.7096	1
446	662	24.000	0.000	0.7277	0.6930	1
446	744	-4.031	0.000	0.7169	0.6312	1
446	766	-4.031	0.000	0.7454	0.6295	1
446	787	-4.031	0.000	0.7475	0.6340	1
446	801	15.995	0.000	0.7180	0.5958	1
446	917	47.001	0.000	0.7024	0.6164	1
446	932	11.964	0.000	0.7151	0.6103	1
447	481	0.000	0.000	0.9983	1.0000	1
447	592	0.000	0.000	0.9822	0.9565	1
449	507	6.969	0.000	0.7660	0.5939	1
449	524	-24.036	0.000	0.7569	0.6462	1
449	540	-24.036	0.000	0.7733	0.7613	1
449	555	-24.036	0.000	0.7998	0.7839	1
449	557	-70.078	0.000	0.7157	0.5981	1
449	651	-52.068	0.000	0.7490	0.6165	1
449	652	-42.047	0.000	0.7201	0.6480	1
449	653	-24.036	0.000	0.7119	0.6340	1
449	662	-42.047	0.000	0.7672	0.7292	1
449	671	-52.068	0.000	0.8021	0.6799	1
449	684	-35.041	0.000	0.7092	0.5888	1
449	686	-52.068	0.000	0.8081	0.6716	1
449	696	-52.068	0.000	0.8054	0.6727	1
449	715	-52.068	0.000	0.8188	0.7049	1
449	751	-52.068	0.000	0.7419	0.6146	1
449	766	-70.078	0.000	0.7199	0.5672	1
449	767	-52.068	0.000	0.7551	0.6396	1
449	787	-70.078	0.000	0.8352	0.6865	1
449	788	-52.068	0.000	0.8049	0.6606	1
449	805	-50.052	0.000	0.7009	0.6100	1
449	831	-35.041	0.000	0.7193	0.5937	1
449	832	-52.068	0.000	0.7721	0.6571	1
449	839	-52.068	0.000	0.7364	0.5994	1
449	942	-80.099	0.000	0.7474	0.6464	1
451	464	-18.010	0.000	0.7097	0.6027	1
451	540	26.016	0.000	0.7151	0.6345	1
451	555	26.016	0.000	0.7036	0.6022	1
451	626	0.000	0.000	0.7416	0.6293	1
451	633	0.000	0.000	0.7372	0.5854	1
451	648	0.000	0.000	0.7413	0.6000	1
451	658	-18.010	0.000	0.7912	0.6643	1
451	668	-18.010	0.000	0.7105	0.5616	1
451	671	-2.016	0.000	0.7190	0.5788	1
451	686	-2.016	0.000	0.7277	0.5817	1
451	696	-2.016	0.000	0.7619	0.6224	1
451	715	-2.016	0.000	0.7220	0.6096	1
451	730	-0.984	0.000	0.7052	0.5575	1
451	760	-18.010	0.000	0.7663	0.6391	1
451	795	0.000	0.000	0.8080	0.6735	1
451	801	0.000	0.000	0.7747	0.6047	1
451	805	0.000	0.000	0.7166	0.5735	1
451	832	-2.016	0.000	0.7076	0.5727	1
451	839	-2.016	0.000	0.7139	0.5728	1
451	917	31.006	0.000	0.7439	0.6968	1
453	496	2.016	0.000	0.7444	0.7029	1
453	540	44.026	0.000	0.7096	0.5423	1
453	555	44.026	0.000	0.7427	0.6180	1
453	608	28.031	0.000	0.7036	0.6157	1
453	619	-13.979	0.000	0.7073	0.6456	1
453	652	26.016	0.000	0.7481	0.6000	1
453	662	26.016	0.000	0.7839	0.6202	1
453	671	15.995	0.000	0.7750	0.6743	1
453	686	15.995	0.000	0.7413	0.6453	1
453	696	15.995	0.000	0.7830	0.7051	1
453	715	15.995	0.000	0.7254	0.5856	1
453	730	17.026	0.000	0.7166	0.6325	1
453	747	15.995	0.000	0.7116	0.5828	1
453	766	-2.016	0.000	0.7112	0.6592	1
453	788	15.995	0.000	0.7342	0.6064	1
453	832	15.995	0.000	0.7178	0.5838	1
453	839	15.995	0.000	0.7322	0.6231	1
456	464	-2.016	0.000	0.7276	0.6552	1
456	555	42.011	0.000	0.7037	0.6190	1
456	565	26.016	0.000	0.7047	0.5609	1
456	608	26.016	0.000	0.7750	0.7215	1
456	702	-2.016	0.000	0.7387	0.6733	1
456	711	-2.016	0.000	0.8171	0.7900	1
456	738	-2.016	0.000	0.7896	0.7279	1
461	485	0.000	0.000	0.7967	0.5876	1
464	520	2.016	0.000	0.7246	0.7012	1
464	628	28.031	0.000	0.7300	0.6980	1
464	635	-13.979	0.000	0.7388	0.6816	1
464	738	-0.000	0.000	0.8669	0.8195	1
464	739	17.026	0.000	0.7731	0.7062	1
464	744	-2.016	0.000	0.7609	0.7261	1
464	760	-0.000	0.000	0.7734	0.7569	1
464	795	18.010	0.000	0.7042	0.6590	1
467	492	0.000	0.000	0.9255	0.8463	1
467	583	63.971	0.000	0.7682	0.5953	1
471	626	15.995	0.000	0.7347	0.6703	1
471	628	26.016	0.000	0.7043	0.6453	1
471	726	-2.016	0.000	0.7025	0.6489	1
471	766	-4.031	0.000	0.7162	0.7094	1
471	795	15.995	0.000	0.7003	0.6590	1
471	801	15.995	0.000	0.7192	0.7144	1
471	805	15.995	0.000	0.7109	0.6876	1
474	565	26.016	0.000	0.7112	0.5987	1
474	656	0.000	0.000	0.7438	0.6569	1
476	572	-28.031	0.000	0.7770	0.4763	1
476	887	-254.225	0.000	0.7745	0.4768	1
476	893	-210.199	0.000	0.7671	0.5023	1
476	902	-254.225	0.000	0.7731	0.4693	1
476	959	-238.230	0.000	0.8333	0.5626	1
476	960	-264.246	0.000	0.8249	0.5272	1
476	971	-252.246	0.000	0.7386	0.4410	1
476	985	-266.261	0.000	0.7874	0.4649	1
476	988	-292.277	0.000	0.7529	0.4277	1
476	992	-318.293	0.000	0.7560	0.4125	1
476	1020	-320.308	0.000	0.7474	0.4169	1
481	592	0.000	0.000	0.9816	0.9556	1
488	626	18.010	0.000	0.7148	0.6582	1
488	628	28.031	0.000	0.7188	0.5773	1
488	754	-2.016	0.000	0.7525	0.6844	1
488	760	0.000	0.000	0.7222	0.5390	1
488	795	18.010	0.000	0.7547	0.6118	1
488	801	18.010	0.000	0.7359	0.5690	1
489	494	0.000	0.000	0.7281	0.5583	1
489	515	0.000	0.000	0.7921	0.6008	1
489	537	0.000	0.000	0.7544	0.6396	1
489	630	0.036	0.000	0.7319	0.6008	1
489	700	-42.047	0.000	0.7384	0.6008	1
489	774	-70.078	0.000	0.7231	0.6420	1
492	583	63.971	0.000	0.7395	0.5478	1
494	515	0.000	0.000	0.7834	0.5583	1
494	537	0.000	0.000	0.7288	0.5583	1
494	612	-14.016	0.000	0.7123	0.5806	1
494	630	0.036	0.000	0.7259	0.5583	1
494	641	-28.031	0.000	0.7381	0.5489	1
494	700	-42.047	0.000	0.7425	0.5583	1
496	497	-18.010	0.000	0.7166	0.6847	1
496	619	-15.995	0.000	0.7208	0.6603	1
497	619	2.016	0.000	0.7174	0.6304	1
498	586	0.000	0.000	0.9835	0.9499	1
498	811	0.000	0.000	0.9547	0.9446	1
498	875	0.000	0.000	0.9485	0.9447	1
498	906	-1.995	0.000	0.9464	0.9456	1
498	908	0.000	0.000	0.9487	0.9461	1
498	951	0.000	0.000	0.9513	0.9442	1
498	954	-1.995	0.000	0.9516	0.9481	1
498	1001	-1.995	0.000	0.9531	0.9434	1
498	1003	0.000	0.000	0.9521	0.9506	1
498	1010	0.000	0.000	0.9166	0.8607	1
498	1013	-1.995	0.000	0.9511	0.9453	1
498	1046	0.000	0.000	0.9161	0.8607	1
498	1057	0.000	0.000	0.8502	0.7838	1
503	583	61.956	0.000	0.7185	0.5034	1
503	924	-188.157	0.000	0.7286	0.4644	1
505	509	0.036	0.000	0.8924	0.7290	1
505	1027	-100.089	0.000	0.7622	0.5023	1
506	510	0.984	0.000	0.9514	0.8092	1
506	533	-25.031	0.000	0.8436	0.5643	1
507	524	-31.006	0.000	0.7527	0.5271	1
507	540	-31.006	0.000	0.7829	0.6261	1
507	555	-31.006	0.000	0.7702	0.6056	1
507	626	-57.021	0.000	0.7069	0.4654	1
507	633	-57.021	0.000	0.7062	0.4605	1
507	670	-42.011	0.000	0.7645	0.5022	1
507	671	-59.037	0.000	0.7106	0.4651	1
507	686	-59.037	0.000	0.7176	0.4648	1
507	696	-59.037	0.000	0.7177	0.4644	1
507	697	-42.011	0.000	0.7950	0.5321	1
507	715	-59.037	0.000	0.7330	0.4967	1
507	751	-59.037	0.000	0.7357	0.5129	1
507	767	-59.037	0.000	0.7220	0.4872	1
507	788	-59.037	0.000	0.7001	0.4452	1
507	795	-57.021	0.000	0.7418	0.4712	1
507	797	-1.979	0.000	0.7309	0.6482	1
507	822	-1.979	0.000	0.7530	0.6867	1
507	831	-42.011	0.000	0.7585	0.4608	1
507	835	-1.979	0.000	0.7792	0.5842	1
507	839	-59.037	0.000	0.7009	0.4675	1
507	840	-42.011	0.000	0.8046	0.5757	1
507	896	10.021	0.000	0.7180	0.4961	1
507	917	-26.016	0.000	0.7711	0.5727	1
507	942	-87.068	0.000	0.7281	0.5125	1
508	537	-115.618	0.000	0.7345	0.6391	1
508	612	-129.634	0.000	0.7668	0.6924	1
508	700	-157.665	0.000	0.7537	0.6577	1
509	1027	-100.125	0.000	0.7112	0.5023	1
510	511	-18.011	0.000	0.9625	0.7845	1
510	528	86.109	0.000	0.7748	0.6051	1
510	533	-26.016	0.000	0.9127	0.6406	1
510	669	-18.011	0.000	0.8080	0.6287	1
511	535	-26.016	0.000	0.8958	0.5864	1
513	591	-43.043	0.000	0.7544	0.4565	1
515	537	0.000	0.000	0.8191	0.6503	1
515	612	-14.016	0.000	0.7530	0.5470	1
515	630	0.036	0.000	0.8130	0.6107	1
515	700	-42.047	0.000	0.8233	0.6484	1
515	774	-70.078	0.000	0.7494	0.5783	1
518	796	-0.036	0.000	0.7848	0.6857	1
518	802	-0.036	0.000	0.8657	0.7843	1
518	1002	19.173	0.000	0.7664	0.5989	1
518	1011	19.173	0.000	0.8011	0.6291	1
520	522	-18.010	0.000	0.7738	0.7352	1
520	580	2.016	0.000	0.7807	0.7213	1
520	644	2.016	0.000	0.7365	0.6329	1
520	711	-2.016	0.000	0.7267	0.7455	1
520	738	-2.016	0.000	0.7305	0.7084	1
520	803	0.000	0.000	0.7568	0.5749	1
522	635	2.016	0.000	0.7866	0.7469	1
522	662	42.010	0.000	0.7293	0.7409	1
522	767	31.990	0.000	0.7023	0.6879	1
524	540	0.000	0.000	0.8678	0.7490	1
524	555	0.000	0.000	0.8942	0.7919	1
524	633	-26.016	0.000	0.7756	0.6819	1
524	648	-26.016	0.000	0.7768	0.6836	1
524	651	-28.031	0.000	0.8062	0.6811	1
524	653	0.000	0.000	0.7659	0.6627	1
524	662	-18.011	0.000	0.7616	0.6769	1
524	670	-11.005	0.000	0.7103	0.6121	1
524	671	-28.031	0.000	0.8442	0.7462	1
524	686	-28.031	0.000	0.8685	0.7814	1
524	696	-28.031	0.000	0.8525	0.7541	1
524	697	-11.005	0.000	0.7554	0.6661	1
524	702	-44.026	0.000	0.7001	0.5667	1
524	715	-28.031	0.000	0.8555	0.7791	1
524	747	-28.031	0.000	0.8113	0.7333	1
524	751	-28.031	0.000	0.8154	0.7201	1
524	767	-28.031	0.000	0.8619	0.7884	1
524	786	-11.005	0.000	0.7075	0.6053	1
524	787	-46.042	0.000	0.7315	0.6203	1
524	788	-28.031	0.000	0.8601	0.7659	1
524	795	-26.016	0.000	0.8240	0.7528	1
524	801	-26.016	0.000	0.8038	0.6909	1
524	805	-26.016	0.000	0.7431	0.6424	1
524	809	-2.016	0.000	0.7325	0.6495	1
524	815	-2.016	0.000	0.7220	0.5996	1
524	831	-11.005	0.000	0.7433	0.6751	1
524	832	-28.031	0.000	0.8609	0.7844	1
524	839	-28.031	0.000	0.8244	0.7352	1
524	920	26.015	0.000	0.7320	0.5950	1
524	942	-56.062	0.000	0.7930	0.6629	1
526	538	0.000	0.000	0.7233	0.6330	1
526	563	26.016	0.000	0.8881	0.8038	1
526	585	-14.016	0.000	0.7237	0.5756	1
528	536	0.086	0.000	0.7642	0.5901	1
529	530	-14.016	0.000	0.8314	0.6479	1
529	533	-98.109	0.000	0.8511	0.6091	1
533	534	70.078	0.000	0.8394	0.5852	1
533	535	-18.011	0.000	0.8998	0.7338	1
535	669	26.016	0.000	0.8382	0.6511	1
537	612	-14.016	0.000	0.8273	0.6589	1
537	630	0.036	0.000	0.7488	0.5985	1
537	700	-42.047	0.000	0.8856	0.7183	1
537	774	-70.078	0.000	0.8060	0.6259	1
538	563	26.016	0.000	0.8114	0.7081	1
540	555	-0.000	0.000	0.9108	0.8379	1
540	633	-26.016	0.000	0.7770	0.6614	1
540	648	-26.016	0.000	0.7569	0.6293	1
540	651	-28.031	0.000	0.7630	0.6054	1
540	653	-0.000	0.000	0.7926	0.6842	1
540	662	-18.011	0.000	0.7563	0.7079	1
540	671	-28.031	0.000	0.8548	0.7326	1
540	686	-28.031	0.000	0.8449	0.7135	1
540	696	-28.031	0.000	0.8562	0.7326	1
540	697	-11.005	0.000	0.7304	0.6635	1
540	715	-28.031	0.000	0.8364	0.7371	1
540	747	-28.031	0.000	0.7292	0.5851	1
540	751	-28.031	0.000	0.7874	0.6422	1
540	767	-28.031	0.000	0.8249	0.6923	1
540	787	-46.042	0.000	0.7175	0.5600	1
540	788	-28.031	0.000	0.8420	0.7115	1
540	795	-26.016	0.000	0.7915	0.6806	1
540	801	-26.016	0.000	0.7456	0.6048	1
540	809	-2.016	0.000	0.7094	0.6138	1
540	815	-2.016	0.000	0.7182	0.6472	1
540	832	-28.031	0.000	0.8405	0.7126	1
540	839	-28.031	0.000	0.7913	0.6514	1
540	910	-30.047	0.000	0.7399	0.6618	1
540	914	40.031	0.000	0.7117	0.6460	1
540	932	-30.047	0.000	0.7295	0.6262	1
540	942	-56.062	0.000	0.7166	0.6208	1
542	544	-14.016	0.000	0.9325	0.7758	1
542	547	14.016	0.000	0.8103	0.5778	1
542	571	-14.016	0.000	0.7966	0.5360	1
542	587	-13.004	0.000	0.8140	0.5452	1
542	589	49.053	0.000	0.7684	0.5884	1
542	590	0.000	0.000	0.9186	0.7170	1
542	591	-12.000	0.000	0.9051	0.6898	1
542	597	31.042	0.000	0.7701	0.4972	1
542	599	-14.016	0.000	0.9199	0.7464	1
542	601	-30.010	0.000	0.7089	0.4134	1
542	603	-400.189	0.000	0.8859	0.7161	1
542	604	14.015	0.000	0.8884	0.6957	1
542	614	14.015	0.000	0.7936	0.5796	1
542	615	-14.016	0.000	0.8875	0.6537	1
542	640	-14.016	0.000	0.9329	0.7724	1
542	643	31.042	0.000	0.7473	0.4903	1
543	544	-45.058	0.000	0.7842	0.5187	1
543	547	-17.027	0.000	0.7244	0.5141	1
543	570	0.000	0.000	0.9196	0.6533	1
543	589	18.011	0.000	0.9284	0.5766	1
543	590	-31.042	0.000	0.7694	0.5120	1
543	591	-43.043	0.000	0.7707	0.4598	1
543	597	-0.000	0.000	0.9807	0.8084	1
543	599	-45.058	0.000	0.7825	0.4952	1
543	604	-17.027	0.000	0.7855	0.5675	1
543	615	-45.058	0.000	0.7589	0.4805	1
543	623	0.000	0.000	0.9803	0.8002	1
543	640	-45.058	0.000	0.7799	0.5390	1
543	643	0.000	0.000	0.9651	0.6911	1
543	898	-116.063	0.000	0.8918	0.5408	1
543	899	-161.121	0.000	0.7349	0.3433	1
544	547	28.031	0.000	0.8306	0.6520	1
544	570	45.058	0.000	0.7591	0.4650	1
544	571	-0.000	0.000	0.8386	0.5790	1
544	587	1.012	0.000	0.7809	0.4551	1
544	589	63.068	0.000	0.7975	0.6132	1
544	590	14.016	0.000	0.9631	0.8233	1
544	591	2.015	0.000	0.9544	0.7686	1
544	593	-1.979	0.000	0.7552	0.4649	1
544	597	45.058	0.000	0.8237	0.6235	1
544	599	0.000	0.000	0.9767	0.8532	1
544	601	-15.995	0.000	0.7421	0.4477	1
544	603	-386.173	0.000	0.9490	0.8380	1
544	604	28.031	0.000	0.8907	0.7253	1
544	614	28.031	0.000	0.7780	0.5484	1
544	615	0.000	0.000	0.9366	0.7500	1
544	623	45.058	0.000	0.7880	0.5272	1
544	640	-0.000	0.000	0.9699	0.8575	1
544	643	45.058	0.000	0.7895	0.5342	1
544	899	-116.063	0.000	0.8086	0.5619	1
547	571	-28.031	0.000	0.7746	0.5351	1
547	587	-27.019	0.000	0.7150	0.4085	1
547	589	35.037	0.000	0.7433	0.5243	1
547	590	-14.015	0.000	0.8123	0.6032	1
547	591	-26.016	0.000	0.7974	0.5253	1
547	597	17.026	0.000	0.7570	0.5262	1
547	599	-28.031	0.000	0.8083	0.5850	1
547	603	-414.204	0.000	0.7352	0.5356	1
547	604	-0.000	0.000	0.8625	0.6392	1
547	614	-0.000	0.000	0.8032	0.5481	1
547	615	-28.031	0.000	0.8083	0.6145	1
547	640	-28.031	0.000	0.8346	0.6514	1
548	595	-0.000	0.000	0.8425	0.7050	1
552	554	17.026	0.000	0.8263	0.7789	1
552	649	-2.016	0.000	0.7275	0.5540	1
552	702	-2.016	0.000	0.7075	0.7309	1
552	766	-4.031	0.000	0.7091	0.7256	1
552	787	-4.031	0.000	0.7080	0.7027	1
555	633	-26.016	0.000	0.7420	0.6390	1
555	648	-26.016	0.000	0.7905	0.6782	1
555	651	-28.031	0.000	0.7515	0.6121	1
555	653	0.000	0.000	0.8206	0.7627	1
555	662	-18.011	0.000	0.7445	0.6756	1
555	671	-28.031	0.000	0.8771	0.7724	1
555	686	-28.031	0.000	0.8696	0.7532	1
555	696	-28.031	0.000	0.8800	0.7730	1
555	697	-11.005	0.000	0.7377	0.6774	1
555	702	-44.026	0.000	0.7163	0.5778	1
555	715	-28.031	0.000	0.8706	0.8019	1
555	719	26.016	0.000	0.7078	0.6152	1
555	743	-30.047	0.000	0.7109	0.6353	1
555	747	-28.031	0.000	0.7783	0.6628	1
555	751	-28.031	0.000	0.8212	0.7058	1
555	760	-44.026	0.000	0.7429	0.6233	1
555	767	-28.031	0.000	0.8486	0.7332	1
555	788	-28.031	0.000	0.8662	0.7521	1
555	795	-26.016	0.000	0.8218	0.7308	1
555	801	-26.016	0.000	0.7761	0.6537	1
555	805	-26.016	0.000	0.7187	0.6375	1
555	809	-2.016	0.000	0.7042	0.6251	1
555	815	-2.016	0.000	0.7170	0.6256	1
555	832	-28.031	0.000	0.8668	0.7575	1
555	839	-28.031	0.000	0.8473	0.7403	1
555	910	-30.047	0.000	0.7259	0.6373	1
555	914	40.031	0.000	0.7223	0.6454	1
555	920	26.015	0.000	0.7700	0.6893	1
555	932	-30.047	0.000	0.7327	0.6502	1
555	942	-56.062	0.000	0.7574	0.6371	1
557	558	-18.011	0.000	0.7185	0.6618	1
557	576	-0.000	0.000	0.7470	0.6575	1
557	577	-18.011	0.000	0.7269	0.6143	1
557	652	28.031	0.000	0.9180	0.8339	1
557	662	28.031	0.000	0.8158	0.7089	1
557	671	18.010	0.000	0.7205	0.5956	1
557	686	18.010	0.000	0.7288	0.6108	1
557	696	18.010	0.000	0.7023	0.5756	1
557	715	18.010	0.000	0.7258	0.6399	1
557	744	-0.000	0.000	0.8100	0.6958	1
557	754	-0.000	0.000	0.7546	0.6893	1
557	766	-0.000	0.000	0.8331	0.7310	1
557	767	18.010	0.000	0.7137	0.6004	1
557	787	-0.000	0.000	0.8310	0.7110	1
557	788	18.010	0.000	0.7358	0.6134	1
557	815	44.026	0.000	0.7047	0.5752	1
557	832	18.010	0.000	0.7468	0.6372	1
557	920	72.057	0.000	0.7286	0.6223	1
557	932	15.995	0.000	0.7603	0.6542	1
557	942	-10.021	0.000	0.8297	0.7089	1
557	969	1.979	0.000	0.7303	0.6173	1
557	998	-12.036	0.000	0.7796	0.6969	1
565	690	-28.031	0.000	0.7535	0.6726	1
565	711	-28.031	0.000	0.7270	0.6773	1
565	805	-10.021	0.000	0.7148	0.6388	1
568	738	-0.000	0.000	0.7711	0.7130	1
568	744	-2.016	0.000	0.7195	0.6475	1
568	795	18.010	0.000	0.7443	0.6781	1
568	801	18.010	0.000	0.7312	0.6346	1
568	805	18.010	0.000	0.7110	0.6349	1
570	589	18.011	0.000	0.8827	0.5225	1
570	590	-31.042	0.000	0.7387	0.4376	1
570	597	-0.000	0.000	0.9173	0.6096	1
570	599	-45.058	0.000	0.7568	0.4440	1
570	623	0.000	0.000	0.9180	0.6096	1
570	640	-45.058	0.000	0.7586	0.4812	1
570	643	0.000	0.000	0.9061	0.6096	1
570	898	-116.063	0.000	0.8779	0.5762	1
571	587	1.012	0.000	0.7614	0.5149	1
571	590	14.016	0.000	0.8345	0.6131	1
571	591	2.015	0.000	0.8490	0.6029	1
571	593	-1.979	0.000	0.7529	0.5781	1
571	597	45.058	0.000	0.7144	0.4777	1
571	599	0.000	0.000	0.8336	0.5790	1
571	603	-386.173	0.000	0.8097	0.5790	1
571	604	28.031	0.000	0.7812	0.5351	1
571	614	28.031	0.000	0.7620	0.5432	1
571	615	0.000	0.000	0.8242	0.5448	1
571	640	0.000	0.000	0.8230	0.5448	1
572	893	-182.167	0.000	0.7000	0.4191	1
572	950	-254.225	0.000	0.7542	0.4959	1
572	985	-238.230	0.000	0.7624	0.4447	1
572	988	-264.246	0.000	0.7790	0.4792	1
572	1020	-292.277	0.000	0.7276	0.4109	1
576	577	-18.011	0.000	0.7665	0.6631	1
576	652	28.031	0.000	0.7274	0.6198	1
576	662	28.031	0.000	0.7094	0.6028	1
576	766	-0.000	0.000	0.8070	0.6851	1
576	787	-0.000	0.000	0.7748	0.6865	1
577	766	18.010	0.000	0.8061	0.7015	1
577	787	18.010	0.000	0.7798	0.7008	1
578	635	45.058	0.000	0.7323	0.5694	1
580	635	-18.010	0.000	0.7415	0.7188	1
580	644	0.001	0.000	0.7796	0.6487	1
580	803	-2.016	0.000	0.7117	0.6080	1
586	811	0.000	0.000	0.9588	0.9477	1
586	875	0.000	0.000	0.9698	1.0000	1
586	906	-1.995	0.000	0.9678	1.0000	1
586	908	0.000	0.000	0.9695	1.0000	1
586	951	0.000	0.000	0.9726	1.0000	1
586	954	-1.995	0.000	0.9718	1.0000	1
586	1001	-1.995	0.000	0.9742	1.0000	1
586	1003	0.000	0.000	0.9707	1.0000	1
586	1010	0.000	0.000	0.9231	0.8666	1
586	1013	-1.995	0.000	0.9717	1.0000	1
586	1046	0.000	0.000	0.9204	0.8666	1
586	1057	0.000	0.000	0.8382	0.7434	1
587	590	13.004	0.000	0.8161	0.5188	1
587	591	1.003	0.000	0.7773	0.5069	1
587	593	-2.991	0.000	0.7913	0.6047	1
587	597	44.046	0.000	0.7237	0.4107	1
587	599	-1.012	0.000	0.7820	0.4815	1
587	603	-387.185	0.000	0.7402	0.4551	1
587	604	27.019	0.000	0.7453	0.4085	1
587	614	27.019	0.000	0.7148	0.4611	1
587	615	-1.012	0.000	0.7814	0.4819	1
587	640	-1.012	0.000	0.7781	0.4551	1
589	590	-49.053	0.000	0.7887	0.6029	1
589	591	-61.053	0.000	0.7779	0.5182	1
589	597	-18.011	0.000	0.9442	0.6781	1
589	599	-63.068	0.000	0.7940	0.5817	1
589	603	-449.242	0.000	0.7059	0.5474	1
589	604	-35.037	0.000	0.8127	0.6220	1
589	614	-35.037	0.000	0.7293	0.5127	1
589	615	-63.068	0.000	0.7779	0.5881	1
589	623	-18.010	0.000	0.9349	0.6217	1
589	640	-63.068	0.000	0.8017	0.6416	1
589	643	-18.010	0.000	0.9221	0.5872	1
589	659	-18.010	0.000	0.8504	0.4993	1
589	898	-134.073	0.000	0.8677	0.5271	1
589	899	-179.131	0.000	0.7673	0.4585	1
590	591	-12.000	0.000	0.9359	0.7236	1
590	597	31.042	0.000	0.8029	0.5654	1
590	599	-14.016	0.000	0.9674	0.8471	1
590	601	-30.010	0.000	0.7393	0.4465	1
590	603	-400.189	0.000	0.9441	0.8180	1
590	604	14.015	0.000	0.8883	0.7042	1
590	614	14.015	0.000	0.7914	0.5875	1
590	615	-14.016	0.000	0.9427	0.7612	1
590	623	31.042	0.000	0.7680	0.4920	1
590	640	-14.016	0.000	0.9563	0.8083	1
590	643	31.042	0.000	0.7758	0.5275	1
591	597	43.042	0.000	0.8063	0.5342	1
591	599	-2.015	0.000	0.9521	0.7717	1
591	601	-18.010	0.000	0.7765	0.5207	1
591	603	-388.189	0.000	0.9141	0.7071	1
591	604	26.016	0.000	0.8711	0.6342	1
591	614	26.016	0.000	0.7795	0.5301	1
591	615	-2.015	0.000	0.9228	0.6758	1
591	623	43.043	0.000	0.7723	0.4587	1
591	640	-2.015	0.000	0.9406	0.7147	1
591	643	43.043	0.000	0.7688	0.4409	1
593	599	1.979	0.000	0.7671	0.5143	1
593	615	1.979	0.000	0.7608	0.4971	1
593	640	1.979	0.000	0.7488	0.4649	1
595	604	-151.100	0.000	0.7073	0.7972	1
597	599	-45.057	0.000	0.8212	0.5947	1
597	603	-431.231	0.000	0.7210	0.5241	1
597	604	-17.026	0.000	0.8181	0.5880	1
597	614	-17.026	0.000	0.7492	0.5407	1
597	615	-45.057	0.000	0.7936	0.5537	1
597	623	0.000	0.000	0.9821	0.8350	1
597	640	-45.058	0.000	0.8225	0.6589	1
597	643	0.000	0.000	0.9668	0.6911	1
597	899	-161.120	0.000	0.7413	0.3735	1
599	601	-15.995	0.000	0.7475	0.4804	1
599	603	-386.173	0.000	0.9515	0.8470	1
599	604	28.031	0.000	0.8844	0.7020	1
599	614	28.031	0.000	0.7757	0.5688	1
599	615	0.000	0.000	0.9335	0.7186	1
599	623	45.058	0.000	0.7882	0.5201	1
599	640	-0.000	0.000	0.9725	0.8490	1
599	643	45.058	0.000	0.7901	0.5244	1
599	899	-116.063	0.000	0.8087	0.5619	1
600	605	-365.092	0.000	0.7385	0.4620	1
600	607	19.031	0.000	0.8698	0.5945	1
601	603	-370.179	0.000	0.7429	0.4503	1
601	615	15.995	0.000	0.7557	0.4897	1
601	640	15.995	0.000	0.7319	0.4137	1
603	604	414.204	0.000	0.8169	0.6588	1
603	614	414.204	0.000	0.7060	0.5220	1
603	615	386.173	0.000	0.9283	0.7560	1
603	640	386.173	0.000	0.9326	0.8019	1
604	614	0.000	0.000	0.8236	0.5547	1
604	615	-28.031	0.000	0.8689	0.6969	1
604	623	17.027	0.000	0.7828	0.5342	1
604	640	-28.031	0.000	0.8943	0.7187	1
604	643	17.027	0.000	0.7851	0.5276	1
605	607	384.123	0.000	0.8118	0.4624	1
608	652	-2.016	0.000	0.7034	0.5778	1
608	662	-2.016	0.000	0.7149	0.6197	1
608	702	-28.031	0.000	0.7901	0.7302	1
608	805	-10.021	0.000	0.7077	0.6364	1
612	630	14.052	0.000	0.7364	0.6556	1
612	641	-14.016	0.000	0.7075	0.5268	1
612	700	-28.031	0.000	0.8456	0.6589	1
612	774	-56.063	0.000	0.7849	0.6029	1
614	615	-28.031	0.000	0.8128	0.6647	1
614	640	-28.031	0.000	0.7974	0.5823	1
615	623	45.058	0.000	0.7633	0.4917	1
615	640	-0.000	0.000	0.9351	0.7729	1
615	899	-116.063	0.000	0.7645	0.4416	1
619	690	13.979	0.000	0.7009	0.6733	1
619	760	13.979	0.000	0.7305	0.7265	1
623	640	-45.058	0.000	0.7793	0.5210	1
623	643	-0.000	0.000	0.9643	0.6615	1
623	898	-116.063	0.000	0.8918	0.5422	1
623	899	-161.121	0.000	0.7411	0.3735	1
626	633	0.000	0.000	0.7708	0.6138	1
626	653	26.016	0.000	0.7117	0.5979	1
626	670	15.011	0.000	0.7180	0.5812	1
626	684	15.011	0.000	0.7133	0.5703	1
626	686	-2.016	0.000	0.7004	0.5360	1
626	795	0.000	0.000	0.7597	0.6024	1
626	801	0.000	0.000	0.7825	0.5992	1
626	805	0.000	0.000	0.7827	0.6483	1
626	831	15.011	0.000	0.7650	0.6194	1
626	840	15.011	0.000	0.7342	0.6104	1
628	760	-28.031	0.000	0.8716	0.7733	1
628	801	-10.021	0.000	0.7074	0.6525	1
630	700	-42.083	0.000	0.7601	0.6350	1
633	648	0.000	0.000	0.8678	0.7987	1
633	670	15.011	0.000	0.7182	0.5804	1
633	671	-2.016	0.000	0.7037	0.5797	1
633	686	-2.016	0.000	0.7091	0.5785	1
633	696	-2.016	0.000	0.7442	0.6254	1
633	702	-18.010	0.000	0.7129	0.5905	1
633	715	-2.016	0.000	0.7470	0.6750	1
633	730	-0.984	0.000	0.7266	0.6360	1
633	751	-2.016	0.000	0.7159	0.6186	1
633	760	-18.010	0.000	0.7093	0.6392	1
633	788	-2.016	0.000	0.7020	0.5725	1
633	795	0.000	0.000	0.9169	0.8755	1
633	801	0.000	0.000	0.9340	0.8730	1
633	805	0.000	0.000	0.8516	0.7777	1
633	831	15.011	0.000	0.7227	0.6164	1
633	832	-2.016	0.000	0.7084	0.6009	1
633	840	15.011	0.000	0.7314	0.5645	1
633	917	31.006	0.000	0.7083	0.6373	1
633	920	52.031	0.000	0.7016	0.6185	1
635	738	13.979	0.000	0.7278	0.6691	1
640	643	45.058	0.000	0.7827	0.5418	1
640	899	-116.063	0.000	0.8007	0.5619	1
641	774	-42.047	0.000	0.7376	0.5860	1
643	898	-116.063	0.000	0.8859	0.5768	1
643	899	-161.121	0.000	0.7309	0.3489	1
647	649	18.010	0.000	0.7434	0.5801	1
648	653	26.016	0.000	0.7494	0.6456	1
648	658	-18.010	0.000	0.7331	0.6637	1
648	670	15.011	0.000	0.7367	0.6285	1
648	671	-2.016	0.000	0.7516	0.6762	1
648	686	-2.016	0.000	0.7200	0.6399	1
648	696	-2.016	0.000	0.7705	0.7000	1
648	697	15.011	0.000	0.7491	0.6615	1
648	715	-2.016	0.000	0.7637	0.7033	1
648	730	-0.984	0.000	0.7491	0.6659	1
648	751	-2.016	0.000	0.7169	0.6433	1
648	760	-18.010	0.000	0.7162	0.6374	1
648	788	-2.016	0.000	0.7152	0.6373	1
648	795	0.000	0.000	0.8998	0.8434	1
648	801	0.000	0.000	0.8644	0.7717	1
648	805	0.000	0.000	0.8275	0.7336	1
648	831	15.011	0.000	0.7209	0.6353	1
648	832	-2.016	0.000	0.7615	0.7041	1
648	839	-2.016	0.000	0.7587	0.6886	1
648	840	15.011	0.000	0.7219	0.5791	1
648	917	31.006	0.000	0.7353	0.6372	1
651	652	10.021	0.000	0.7421	0.6291	1
651	653	28.031	0.000	0.7541	0.6220	1
651	662	10.021	0.000	0.7142	0.6114	1
651	671	-0.000	0.000	0.8225	0.7240	1
651	686	-0.000	0.000	0.8352	0.7490	1
651	696	-0.000	0.000	0.8279	0.7240	1
651	715	-0.000	0.000	0.8277	0.7240	1
651	747	-0.000	0.000	0.7445	0.6435	1
651	751	-0.000	0.000	0.7341	0.6324	1
651	766	-18.011	0.000	0.7104	0.6123	1
651	767	-0.000	0.000	0.7478	0.6627	1
651	787	-18.011	0.000	0.7905	0.7030	1
651	788	-0.000	0.000	0.8330	0.7486	1
651	815	26.016	0.000	0.7042	0.5542	1
651	832	-0.000	0.000	0.7995	0.6611	1
651	839	-0.000	0.000	0.7746	0.6574	1
651	903	-3.196	0.000	0.7328	0.6679	1
651	920	54.047	0.000	0.7095	0.5579	1
651	942	-28.031	0.000	0.8084	0.6300	1
652	662	0.000	0.000	0.8345	0.7727	1
652	671	-10.021	0.000	0.8191	0.7171	1
652	686	-10.021	0.000	0.8423	0.7411	1
652	696	-10.021	0.000	0.8169	0.7121	1
652	711	-26.016	0.000	0.7043	0.5895	1
652	715	-10.021	0.000	0.8299	0.7741	1
652	744	-28.031	0.000	0.7283	0.5978	1
652	747	-10.021	0.000	0.7339	0.6418	1
652	751	-10.021	0.000	0.7214	0.6090	1
652	754	-28.031	0.000	0.7959	0.7632	1
652	766	-28.031	0.000	0.8291	0.7177	1
652	767	-10.021	0.000	0.7133	0.6116	1
652	787	-28.031	0.000	0.8139	0.7032	1
652	788	-10.021	0.000	0.8266	0.7278	1
652	815	15.995	0.000	0.7292	0.6486	1
652	832	-10.021	0.000	0.8052	0.7141	1
652	839	-10.021	0.000	0.7822	0.6918	1
653	671	-28.031	0.000	0.8627	0.7539	1
653	686	-28.031	0.000	0.8544	0.7369	1
653	696	-28.031	0.000	0.8271	0.7116	1
653	715	-28.031	0.000	0.8628	0.7914	1
653	719	26.016	0.000	0.7401	0.6487	1
653	747	-28.031	0.000	0.7993	0.6857	1
653	751	-28.031	0.000	0.7226	0.6014	1
653	767	-28.031	0.000	0.8040	0.6978	1
653	787	-46.042	0.000	0.7479	0.6317	1
653	788	-28.031	0.000	0.8607	0.7415	1
653	795	-26.016	0.000	0.7731	0.6854	1
653	801	-26.016	0.000	0.7449	0.6331	1
653	807	-3.019	0.000	0.7752	0.7193	1
653	832	-28.031	0.000	0.8620	0.7616	1
653	839	-28.031	0.000	0.8155	0.6953	1
653	910	-30.047	0.000	0.7353	0.6791	1
653	920	26.015	0.000	0.7499	0.6525	1
653	942	-56.062	0.000	0.7869	0.6634	1
653	969	-44.063	0.000	0.7749	0.7090	1
656	690	-2.016	0.000	0.7176	0.7058	1
658	668	0.000	0.000	0.7048	0.6178	1
658	760	-0.000	0.000	0.7276	0.6475	1
658	787	-2.016	0.000	0.7127	0.6887	1
658	795	18.010	0.000	0.7663	0.7116	1
658	801	18.010	0.000	0.7195	0.6281	1
658	805	18.010	0.000	0.7311	0.6346	1
659	898	-116.063	0.000	0.7980	0.4348	1
660	700	-14.016	0.000	0.7405	0.5371	1
662	671	-10.021	0.000	0.7710	0.6721	1
662	686	-10.021	0.000	0.8016	0.7040	1
662	696	-10.021	0.000	0.7728	0.6705	1
662	711	-26.016	0.000	0.7466	0.6444	1
662	715	-10.021	0.000	0.7841	0.7321	1
662	738	-26.016	0.000	0.7042	0.5988	1
662	744	-28.031	0.000	0.7994	0.6759	1
662	751	-10.021	0.000	0.7270	0.6168	1
662	760	-26.016	0.000	0.7132	0.5765	1
662	766	-28.031	0.000	0.7472	0.6237	1
662	767	-10.021	0.000	0.7349	0.6435	1
662	787	-28.031	0.000	0.7884	0.6542	1
662	788	-10.021	0.000	0.7760	0.6815	1
662	815	15.995	0.000	0.7108	0.6838	1
662	832	-10.021	0.000	0.7730	0.6995	1
662	839	-10.021	0.000	0.7308	0.6434	1
664	720	-14.016	0.000	0.8719	0.6550	1
664	749	-2.016	0.000	0.7045	0.4612	1
664	750	-28.031	0.000	0.8116	0.5732	1
664	952	-210.162	0.000	0.7059	0.4828	1
664	1014	-266.261	0.000	0.7151	0.4270	1
664	1021	-292.277	0.000	0.8887	0.6952	1
664	1033	-266.261	0.000	0.7251	0.4667	1
664	1036	-292.277	0.000	0.8637	0.6973	1
664	1047	-266.261	0.000	0.7019	0.4918	1
666	676	-72.057	0.000	0.7249	0.4170	1
668	738	-0.000	0.000	0.7049	0.6586	1
668	795	18.010	0.000	0.7490	0.6343	1
668	801	18.010	0.000	0.7110	0.5879	1
670	671	-17.027	0.000	0.7353	0.6477	1
670	684	0.000	0.000	0.8607	0.7889	1
670	686	-17.027	0.000	0.7394	0.6438	1
670	696	-17.027	0.000	0.7379	0.6478	1
670	697	0.000	0.000	0.9647	0.9406	1
670	702	-33.021	0.000	0.7063	0.5685	1
670	715	-17.027	0.000	0.7576	0.6940	1
670	730	-15.995	0.000	0.7421	0.6123	1
670	764	0.000	0.000	0.8855	0.8307	1
670	786	0.000	0.000	0.8810	0.8225	1
670	788	-17.027	0.000	0.7338	0.6425	1
670	794	2.016	0.000	0.7076	0.6829	1
670	795	-15.011	0.000	0.7564	0.6223	1
670	801	-15.011	0.000	0.7643	0.6123	1
670	805	-15.011	0.000	0.7705	0.6761	1
670	829	-1.003	0.000	0.7063	0.5854	1
670	831	-0.000	0.000	0.9023	0.8396	1
670	832	-17.027	0.000	0.7489	0.6893	1
670	833	18.011	0.000	0.7610	0.7598	1
670	839	-17.027	0.000	0.7238	0.6475	1
670	840	0.000	0.000	0.7913	0.6742	1
670	884	26.016	0.000	0.7329	0.6899	1
670	917	15.995	0.000	0.7131	0.6346	1
671	684	17.027	0.000	0.7468	0.6769	1
671	686	0.000	0.000	0.9356	0.8990	1
671	696	0.000	0.000	0.9655	0.9480	1
671	697	17.027	0.000	0.7862	0.7065	1
671	702	-15.995	0.000	0.7276	0.6019	1
671	715	0.000	0.000	0.9242	0.8638	1
671	744	-18.010	0.000	0.7545	0.7175	1
671	747	-0.000	0.000	0.7915	0.7020	1
671	751	-0.000	0.000	0.7888	0.7126	1
671	760	-15.995	0.000	0.7509	0.7213	1
671	764	17.027	0.000	0.7078	0.6463	1
671	766	-18.011	0.000	0.7627	0.7200	1
671	767	-0.000	0.000	0.8310	0.7798	1
671	786	17.027	0.000	0.7312	0.6391	1
671	787	-18.011	0.000	0.8723	0.8287	1
671	788	-0.000	0.000	0.9355	0.9000	1
671	795	2.016	0.000	0.7775	0.6899	1
671	805	2.016	0.000	0.7070	0.5991	1
671	815	26.016	0.000	0.7092	0.5587	1
671	831	17.026	0.000	0.7472	0.6841	1
671	832	-0.000	0.000	0.9463	0.9032	1
671	839	-0.000	0.000	0.8982	0.8548	1
671	848	12.000	0.000	0.7248	0.6395	1
671	920	54.047	0.000	0.7388	0.5957	1
671	942	-28.031	0.000	0.8577	0.7025	1
671	998	-30.047	0.000	0.7315	0.6206	1
672	884	-56.063	0.000	0.7301	0.6299	1
674	764	-18.011	0.000	0.7326	0.7223	1
674	797	22.021	0.000	0.7436	0.6487	1
674	810	26.016	0.000	0.7260	0.6242	1
674	814	22.021	0.000	0.7084	0.6284	1
674	822	22.021	0.000	0.7419	0.6163	1
674	831	-18.011	0.000	0.7125	0.7439	1
674	833	-0.000	0.000	0.8842	0.7998	1
674	917	-2.016	0.000	0.7528	0.6542	1
679	694	0.000	0.000	0.7064	0.6076	1
682	816	-42.047	0.000	0.7100	0.5495	1
682	826	-42.047	0.000	0.7258	0.6057	1
682	878	-57.065	0.000	0.7515	0.6588	1
682	934	-70.078	0.000	0.7561	0.5956	1
682	953	-70.078	0.000	0.7325	0.5956	1
684	686	-17.027	0.000	0.7442	0.6679	1
684	696	-17.027	0.000	0.7483	0.6802	1
684	697	0.000	0.000	0.8878	0.8161	1
684	715	-17.027	0.000	0.7614	0.7213	1
684	730	-15.995	0.000	0.7682	0.6485	1
684	764	0.000	0.000	0.8939	0.8430	1
684	786	0.000	0.000	0.9407	0.9074	1
684	788	-17.027	0.000	0.7413	0.6685	1
684	795	-15.011	0.000	0.7365	0.6193	1
684	801	-15.011	0.000	0.7113	0.5722	1
684	805	-15.011	0.000	0.7315	0.6506	1
684	831	-0.000	0.000	0.8716	0.7800	1
684	833	18.011	0.000	0.7730	0.7516	1
684	840	0.000	0.000	0.7932	0.6771	1
686	690	-15.995	0.000	0.7155	0.6539	1
686	696	0.000	0.000	0.9658	0.9375	1
686	697	17.027	0.000	0.7895	0.7029	1
686	702	-15.995	0.000	0.7240	0.5983	1
686	715	0.000	0.000	0.9856	0.9254	1
686	744	-18.010	0.000	0.7677	0.7336	1
686	747	-0.000	0.000	0.7955	0.7039	1
686	751	-0.000	0.000	0.7994	0.7273	1
686	760	-15.995	0.000	0.7178	0.6822	1
686	764	17.027	0.000	0.7388	0.6785	1
686	765	-59.037	0.000	0.7371	0.7078	1
686	766	-18.011	0.000	0.7700	0.6998	1
686	767	-0.000	0.000	0.8638	0.8269	1
686	786	17.027	0.000	0.7925	0.7056	1
686	787	-18.011	0.000	0.8484	0.7674	1
686	788	-0.000	0.000	0.9874	0.9609	1
686	795	2.016	0.000	0.7875	0.6950	1
686	801	2.016	0.000	0.7048	0.5909	1
686	805	2.016	0.000	0.7033	0.5958	1
686	809	26.016	0.000	0.7312	0.6079	1
686	815	26.016	0.000	0.7082	0.5535	1
686	831	17.026	0.000	0.8096	0.7491	1
686	832	-0.000	0.000	0.9412	0.8827	1
686	839	-0.000	0.000	0.8998	0.8522	1
686	848	12.000	0.000	0.7593	0.6595	1
686	903	-3.196	0.000	0.7182	0.6408	1
686	942	-28.031	0.000	0.8667	0.7044	1
690	715	15.995	0.000	0.7273	0.6466	1
690	788	15.995	0.000	0.7052	0.6340	1
690	839	15.995	0.000	0.7306	0.6716	1
696	697	17.027	0.000	0.7902	0.7082	1
696	702	-15.995	0.000	0.7260	0.6178	1
696	715	0.000	0.000	0.9550	0.9017	1
696	744	-18.010	0.000	0.7646	0.7361	1
696	747	-0.000	0.000	0.7699	0.6706	1
696	751	-0.000	0.000	0.7920	0.7126	1
696	760	-15.995	0.000	0.7579	0.7393	1
696	764	17.027	0.000	0.7077	0.6455	1
696	765	-59.037	0.000	0.7095	0.6713	1
696	766	-18.011	0.000	0.7518	0.6664	1
696	767	-0.000	0.000	0.8334	0.7798	1
696	786	17.027	0.000	0.7664	0.6802	1
696	787	-18.011	0.000	0.8304	0.7492	1
696	788	-0.000	0.000	0.9603	0.9226	1
696	795	2.016	0.000	0.8400	0.7693	1
696	801	2.016	0.000	0.7401	0.6387	1
696	805	2.016	0.000	0.7430	0.6388	1
696	831	17.026	0.000	0.7813	0.7177	1
696	832	-0.000	0.000	0.9418	0.8870	1
696	839	-0.000	0.000	0.9074	0.8727	1
696	848	12.000	0.000	0.7578	0.6709	1
696	920	54.047	0.000	0.7478	0.6095	1
696	942	-28.031	0.000	0.8312	0.6631	1
696	998	-30.047	0.000	0.7000	0.5754	1
697	715	-17.027	0.000	0.8054	0.7555	1
697	730	-15.995	0.000	0.7809	0.6611	1
697	751	-17.027	0.000	0.7050	0.6067	1
697	764	0.000	0.000	0.8771	0.8307	1
697	767	-17.027	0.000	0.7287	0.6357	1
697	786	0.000	0.000	0.9085	0.8557	1
697	788	-17.027	0.000	0.7861	0.7020	1
697	794	2.016	0.000	0.7010	0.6662	1
697	795	-15.011	0.000	0.7725	0.6564	1
697	801	-15.011	0.000	0.7301	0.5801	1
697	805	-15.011	0.000	0.7280	0.6289	1
697	831	-0.000	0.000	0.8969	0.8278	1
697	832	-17.027	0.000	0.8002	0.7510	1
697	833	18.011	0.000	0.7344	0.7065	1
697	839	-17.027	0.000	0.7713	0.7111	1
697	840	0.000	0.000	0.8060	0.6929	1
697	884	26.016	0.000	0.7078	0.6586	1
697	942	-45.058	0.000	0.7364	0.6454	1
700	774	-28.031	0.000	0.8665	0.7297	1
702	715	15.995	0.000	0.7233	0.5804	1
702	744	-2.016	0.000	0.7400	0.6628	1
702	788	15.995	0.000	0.7145	0.5983	1
702	795	18.010	0.000	0.7728	0.6537	1
702	801	18.010	0.000	0.7661	0.6516	1
702	805	18.010	0.000	0.7473	0.6116	1
702	832	15.995	0.000	0.7339	0.6160	1
702	839	15.995	0.000	0.7541	0.6571	1
707	709	0.023	0.000	0.8110	0.5968	1
710	711	-17.026	0.000	0.8165	0.6991	1
710	738	-17.026	0.000	0.7127	0.5994	1
710	739	0.000	0.000	0.8420	0.6797	1
711	738	-0.000	0.000	0.8380	0.7765	1
711	739	17.027	0.000	0.7162	0.6028	1
713	728	0.000	0.000	0.7272	0.5470	1
713	737	0.000	0.000	0.7712	0.5738	1
715	744	-18.010	0.000	0.7608	0.7109	1
715	747	-0.000	0.000	0.7989	0.7167	1
715	751	-0.000	0.000	0.7921	0.7126	1
715	764	17.027	0.000	0.7410	0.6946	1
715	765	-59.037	0.000	0.7512	0.7497	1
715	766	-18.011	0.000	0.7704	0.6818	1
715	767	-0.000	0.000	0.8526	0.7772	1
715	786	17.027	0.000	0.8158	0.7676	1
715	787	-18.011	0.000	0.8500	0.7503	1
715	788	-0.000	0.000	0.9849	0.9268	1
715	795	2.016	0.000	0.8186	0.7753	1
715	801	2.016	0.000	0.7356	0.6561	1
715	805	2.016	0.000	0.7081	0.6340	1
715	809	26.016	0.000	0.7351	0.6378	1
715	815	26.016	0.000	0.7145	0.5914	1
715	831	17.026	0.000	0.8313	0.8067	1
715	832	-0.000	0.000	0.9351	0.8681	1
715	839	-0.000	0.000	0.8993	0.8289	1
715	848	12.000	0.000	0.7572	0.6911	1
715	903	-3.196	0.000	0.7094	0.6236	1
715	942	-28.031	0.000	0.8696	0.7501	1
719	732	-56.063	0.000	0.7733	0.6688	1
719	743	-56.063	0.000	0.7684	0.7034	1
719	744	-72.057	0.000	0.7108	0.5648	1
719	807	-29.034	0.000	0.7582	0.6477	1
719	808	-11.005	0.000	0.7120	0.6086	1
719	809	-28.031	0.000	0.9006	0.8326	1
719	815	-28.031	0.000	0.8585	0.8008	1
719	848	-42.047	0.000	0.8137	0.6841	1
719	903	-57.243	0.000	0.8611	0.7210	1
719	910	-56.063	0.000	0.8289	0.7057	1
719	914	14.015	0.000	0.8626	0.7989	1
719	915	-57.065	0.000	0.7353	0.5845	1
719	920	-0.000	0.000	0.8919	0.8454	1
719	922	-57.234	0.000	0.7623	0.6266	1
719	932	-56.063	0.000	0.8460	0.7164	1
719	969	-70.078	0.000	0.7703	0.6572	1
719	974	-112.125	0.000	0.7473	0.5839	1
719	998	-84.094	0.000	0.8488	0.7439	1
719	1058	-112.125	0.000	0.7383	0.5994	1
720	733	12.000	0.000	0.7778	0.5848	1
720	749	12.000	0.000	0.7173	0.4030	1
720	750	-14.016	0.000	0.8012	0.4999	1
720	952	-196.147	0.000	0.7012	0.4729	1
720	1014	-252.245	0.000	0.7117	0.4102	1
720	1021	-278.261	0.000	0.7897	0.5011	1
720	1033	-252.245	0.000	0.7166	0.4282	1
720	1036	-278.261	0.000	0.7960	0.5675	1
723	726	0.000	0.000	0.9945	0.9708	1
723	754	-2.016	0.000	0.7398	0.6246	1
724	806	-12.036	0.000	0.7113	0.6712	1
724	820	-28.031	0.000	0.8715	0.7753	1
726	754	-2.016	0.000	0.7376	0.6324	1
728	737	0.000	0.000	0.7329	0.5265	1
730	760	-17.026	0.000	0.7650	0.7086	1
730	764	15.995	0.000	0.7565	0.6697	1
730	786	15.995	0.000	0.7252	0.6014	1
730	795	0.984	0.000	0.8124	0.7234	1
730	801	0.984	0.000	0.7632	0.6746	1
730	831	15.995	0.000	0.7204	0.6045	1
730	840	15.995	0.000	0.7217	0.5773	1
730	917	31.990	0.000	0.7747	0.6212	1
731	734	0.000	0.000	0.8544	0.8362	1
732	743	0.000	0.000	0.7617	0.6968	1
732	808	45.058	0.000	0.7056	0.6042	1
732	809	28.031	0.000	0.7689	0.6621	1
732	815	28.031	0.000	0.8076	0.7027	1
732	848	14.016	0.000	0.7303	0.6049	1
732	903	-1.180	0.000	0.7928	0.6591	1
732	910	-0.000	0.000	0.7220	0.5980	1
732	914	70.078	0.000	0.7075	0.6017	1
732	918	42.047	0.000	0.7314	0.6691	1
732	920	56.062	0.000	0.7234	0.6054	1
732	922	-1.172	0.000	0.7031	0.5751	1
732	932	-0.000	0.000	0.7276	0.6027	1
732	969	-14.016	0.000	0.7505	0.6266	1
732	998	-28.031	0.000	0.7581	0.6553	1
732	1058	-56.063	0.000	0.7677	0.6401	1
733	750	-26.016	0.000	0.7666	0.5303	1
733	1047	-264.245	0.000	0.7358	0.5043	1
734	833	-50.052	0.000	0.7009	0.6222	1
734	884	-42.047	0.000	0.7063	0.7250	1
738	739	17.027	0.000	0.7921	0.7167	1
738	744	-2.016	0.000	0.7431	0.7236	1
738	760	0.000	0.000	0.7268	0.6948	1
738	795	18.011	0.000	0.7314	0.6718	1
738	805	18.011	0.000	0.7134	0.6389	1
738	942	-12.036	0.000	0.7071	0.5923	1
743	808	45.058	0.000	0.7846	0.7187	1
743	809	28.031	0.000	0.7711	0.6937	1
743	815	28.031	0.000	0.8220	0.7593	1
743	848	14.016	0.000	0.8076	0.6818	1
743	903	-1.180	0.000	0.7585	0.6314	1
743	910	-0.000	0.000	0.8408	0.7205	1
743	914	70.078	0.000	0.7332	0.6626	1
743	920	56.062	0.000	0.8418	0.7737	1
743	922	-1.172	0.000	0.7087	0.5880	1
743	932	-0.000	0.000	0.8444	0.7269	1
743	974	-56.062	0.000	0.7799	0.6560	1
743	998	-28.031	0.000	0.8543	0.7624	1
743	1058	-56.063	0.000	0.7968	0.6632	1
744	754	0.000	0.000	0.7377	0.6550	1
744	766	-0.000	0.000	0.7300	0.6437	1
744	787	-0.000	0.000	0.7629	0.6789	1
744	788	18.010	0.000	0.7700	0.7258	1
744	789	-45.058	0.000	0.7253	0.7344	1
744	832	18.010	0.000	0.7398	0.6884	1
744	839	18.010	0.000	0.7425	0.6758	1
744	848	30.011	0.000	0.7539	0.6568	1
744	903	14.815	0.000	0.7073	0.6171	1
744	910	15.995	0.000	0.7621	0.6619	1
744	920	72.057	0.000	0.7545	0.6220	1
744	932	15.995	0.000	0.7926	0.6817	1
744	942	-10.021	0.000	0.7760	0.6228	1
744	969	1.979	0.000	0.7859	0.6876	1
744	974	-40.068	0.000	0.7305	0.6177	1
744	998	-12.036	0.000	0.8135	0.6942	1
744	1058	-40.068	0.000	0.7386	0.6188	1
747	751	0.000	0.000	0.7924	0.7261	1
747	767	0.000	0.000	0.8143	0.7571	1
747	787	-18.010	0.000	0.7490	0.6461	1
747	788	0.000	0.000	0.7912	0.6948	1
747	795	2.016	0.000	0.7026	0.6270	1
747	832	0.000	0.000	0.7555	0.6416	1
747	839	0.000	0.000	0.8286	0.7489	1
747	942	-28.031	0.000	0.8020	0.6683	1
749	1033	-264.245	0.000	0.7057	0.5232	1
750	762	-14.016	0.000	0.7444	0.4590	1
750	1014	-238.229	0.000	0.7012	0.4314	1
750	1021	-264.245	0.000	0.7327	0.4481	1
750	1036	-264.245	0.000	0.7719	0.5427	1
751	767	0.000	0.000	0.8738	0.8246	1
751	787	-18.010	0.000	0.7230	0.6460	1
751	788	0.000	0.000	0.7946	0.7262	1
751	795	2.016	0.000	0.7501	0.6752	1
751	801	2.016	0.000	0.7189	0.6637	1
751	832	-0.000	0.000	0.7555	0.6459	1
751	839	0.000	0.000	0.7820	0.7091	1
751	910	-2.016	0.000	0.7036	0.6353	1
751	920	54.047	0.000	0.7202	0.6061	1
751	942	-28.031	0.000	0.7254	0.5818	1
751	998	-30.047	0.000	0.7049	0.5877	1
754	766	-0.000	0.000	0.7469	0.6304	1
757	892	-258.197	0.000	0.8301	0.4461	1
757	983	-264.245	0.000	0.7985	0.4967	1
757	1026	-264.245	0.000	0.8933	0.5747	1
757	1073	-278.261	0.000	0.8933	0.5303	1
760	788	15.995	0.000	0.7031	0.6161	1
760	795	18.010	0.000	0.7889	0.7487	1
760	801	18.010	0.000	0.7295	0.6641	1
760	839	15.995	0.000	0.7090	0.6474	1
760	917	49.016	0.000	0.7235	0.5818	1
762	1007	-264.246	0.000	0.7209	0.4814	1
764	767	-17.027	0.000	0.7123	0.6599	1
764	786	0.000	0.000	0.8879	0.8176	1
764	788	-17.027	0.000	0.7339	0.6713	1
764	831	-0.000	0.000	0.8505	0.7589	1
764	833	18.011	0.000	0.7932	0.7491	1
764	840	0.000	0.000	0.7567	0.6302	1
765	788	59.037	0.000	0.7309	0.6946	1
765	789	-4.031	0.000	0.7054	0.6292	1
766	787	0.000	0.000	0.8712	0.8136	1
766	788	18.010	0.000	0.7859	0.7498	1
766	832	18.010	0.000	0.7753	0.7101	1
766	839	18.010	0.000	0.7229	0.6203	1
766	942	-10.021	0.000	0.7520	0.5960	1
767	786	17.027	0.000	0.7374	0.6510	1
767	787	-18.010	0.000	0.7685	0.6826	1
767	788	-0.000	0.000	0.8537	0.8049	1
767	795	2.016	0.000	0.7328	0.6640	1
767	809	26.016	0.000	0.7244	0.6127	1
767	831	17.027	0.000	0.7130	0.6475	1
767	832	-0.000	0.000	0.8522	0.8006	1
767	839	-0.000	0.000	0.8271	0.7764	1
767	848	12.000	0.000	0.7423	0.6510	1
767	903	-3.196	0.000	0.7608	0.7047	1
767	910	-2.016	0.000	0.7066	0.6194	1
767	942	-28.031	0.000	0.7728	0.6396	1
767	998	-30.047	0.000	0.7297	0.6168	1
769	789	-0.000	0.000	0.8498	0.7674	1
771	914	-56.063	0.000	0.7370	0.5770	1
775	793	-15.995	0.000	0.7421	0.5408	1
775	812	-15.995	0.000	0.7698	0.6119	1
778	1106	-168.188	0.000	0.8431	0.7233	1
780	853	-74.019	0.000	0.8114	0.5828	1
780	854	0.000	0.000	0.8779	0.6080	1
780	966	0.000	0.000	0.8768	0.6452	1
786	788	-17.027	0.000	0.7920	0.7067	1
786	795	-15.011	0.000	0.7424	0.6193	1
786	801	-15.011	0.000	0.7093	0.5541	1
786	805	-15.011	0.000	0.7247	0.6267	1
786	831	-0.000	0.000	0.9289	0.8688	1
786	832	-17.027	0.000	0.7327	0.6527	1
786	833	18.011	0.000	0.7644	0.7386	1
786	840	0.000	0.000	0.7928	0.6750	1
787	788	18.010	0.000	0.8638	0.8243	1
787	832	18.010	0.000	0.8652	0.8159	1
787	839	18.010	0.000	0.8024	0.7165	1
787	932	15.995	0.000	0.7129	0.5841	1
787	942	-10.021	0.000	0.8230	0.6547	1
787	969	1.979	0.000	0.7126	0.5988	1
788	795	2.016	0.000	0.7953	0.7144	1
788	801	2.016	0.000	0.7382	0.6270	1
788	805	2.016	0.000	0.7337	0.6316	1
788	809	26.016	0.000	0.7329	0.6012	1
788	815	26.016	0.000	0.7094	0.5497	1
788	831	17.027	0.000	0.8067	0.7479	1
788	832	-0.000	0.000	0.9410	0.8870	1
788	839	0.000	0.000	0.8983	0.8511	1
788	848	12.000	0.000	0.7527	0.6565	1
788	903	-3.196	0.000	0.7151	0.6408	1
788	942	-28.031	0.000	0.8578	0.6925	1
793	812	-0.000	0.000	0.9050	0.7462	1
795	801	0.000	0.000	0.9572	0.8897	1
795	805	0.000	0.000	0.8419	0.7514	1
795	831	15.011	0.000	0.7823	0.6751	1
795	832	-2.016	0.000	0.8046	0.7522	1
795	839	-2.016	0.000	0.7764	0.6864	1
795	840	15.011	0.000	0.7569	0.6038	1
795	848	9.984	0.000	0.7298	0.6988	1
795	917	31.006	0.000	0.8043	0.7315	1
795	920	52.031	0.000	0.7116	0.6364	1
796	802	0.000	0.000	0.9201	0.8879	1
797	814	0.000	0.000	0.7461	0.7195	1
797	822	0.000	0.000	0.7538	0.7967	1
797	857	-14.016	0.000	0.7456	0.6905	1
797	917	-24.036	0.000	0.7011	0.6877	1
801	805	0.000	0.000	0.8585	0.7444	1
801	831	15.011	0.000	0.7812	0.6604	1
801	840	15.011	0.000	0.7097	0.5161	1
801	848	9.984	0.000	0.7282	0.6811	1
801	917	31.006	0.000	0.8047	0.7102	1
801	920	52.031	0.000	0.7266	0.6316	1
802	1002	19.209	0.000	0.7006	0.5504	1
802	1011	19.209	0.000	0.7103	0.5422	1
805	831	15.011	0.000	0.7938	0.7221	1
805	832	-2.016	0.000	0.7102	0.6151	1
805	839	-2.016	0.000	0.7139	0.6103	1
805	840	15.011	0.000	0.7485	0.6023	1
805	917	31.006	0.000	0.7415	0.6883	1
805	920	52.031	0.000	0.7261	0.6536	1
806	917	-24.036	0.000	0.7076	0.6805	1
807	809	1.003	0.000	0.8369	0.7885	1
807	815	1.003	0.000	0.7566	0.6573	1
807	847	-14.016	0.000	0.7344	0.6422	1
807	848	-13.013	0.000	0.7938	0.6991	1
807	903	-28.208	0.000	0.8278	0.7264	1
807	910	-27.029	0.000	0.8030	0.6986	1
807	914	43.050	0.000	0.7412	0.6233	1
807	915	-28.031	0.000	0.8060	0.7138	1
807	922	-28.200	0.000	0.7899	0.6828	1
807	932	-27.028	0.000	0.7136	0.5838	1
808	809	-17.027	0.000	0.7691	0.7129	1
808	815	-17.027	0.000	0.7201	0.6023	1
808	848	-31.042	0.000	0.7633	0.6799	1
808	896	26.016	0.000	0.7177	0.5868	1
808	910	-45.058	0.000	0.8190	0.7432	1
808	914	25.020	0.000	0.7473	0.6297	1
808	917	-10.021	0.000	0.7820	0.7144	1
808	920	11.005	0.000	0.7178	0.6131	1
808	932	-45.058	0.000	0.8150	0.7509	1
808	998	-73.089	0.000	0.8108	0.7630	1
809	815	0.000	0.000	0.8344	0.7438	1
809	848	-14.016	0.000	0.8741	0.8181	1
809	903	-29.211	0.000	0.9026	0.7872	1
809	910	-28.031	0.000	0.8053	0.7766	1
809	914	42.047	0.000	0.8625	0.7556	1
809	915	-29.034	0.000	0.8422	0.7097	1
809	920	28.031	0.000	0.8169	0.7286	1
809	922	-29.203	0.000	0.8229	0.7133	1
809	932	-28.031	0.000	0.8393	0.7656	1
809	969	-42.047	0.000	0.7690	0.6860	1
809	974	-84.094	0.000	0.7324	0.6213	1
809	998	-56.062	0.000	0.9111	0.8519	1
809	1058	-84.094	0.000	0.7888	0.6800	1
810	833	-26.016	0.000	0.7229	0.6669	1
810	917	-28.031	0.000	0.8079	0.7475	1
811	875	0.000	0.000	0.9800	0.9473	1
811	906	-1.995	0.000	0.9780	0.9441	1
811	908	-0.000	0.000	0.9781	0.9429	1
811	951	0.000	0.000	0.9801	0.9470	1
811	954	-1.995	0.000	0.9784	0.9433	1
811	1001	-1.995	0.000	0.9804	0.9476	1
811	1003	0.000	0.000	0.9807	0.9485	1
811	1010	0.000	0.000	0.9756	0.9378	1
811	1013	-1.995	0.000	0.9802	0.9485	1
811	1017	-40.930	0.000	0.7112	0.6223	1
811	1034	-40.930	0.000	0.7242	0.6276	1
811	1046	0.000	0.000	0.9724	0.9378	1
811	1057	0.000	0.000	0.8833	0.7723	1
814	822	0.000	0.000	0.8502	0.7694	1
814	857	-14.016	0.000	0.8629	0.8169	1
814	917	-24.036	0.000	0.7527	0.7564	1
814	933	-28.031	0.000	0.7960	0.6469	1
815	847	-15.019	0.000	0.7299	0.5991	1
815	848	-14.016	0.000	0.8870	0.7820	1
815	903	-29.211	0.000	0.7532	0.5800	1
815	910	-28.031	0.000	0.7596	0.6473	1
815	914	42.047	0.000	0.8500	0.7941	1
815	915	-29.034	0.000	0.7097	0.5472	1
815	920	28.031	0.000	0.9102	0.8588	1
815	932	-28.031	0.000	0.8260	0.6967	1
815	969	-42.047	0.000	0.7862	0.6516	1
815	974	-84.094	0.000	0.7173	0.5466	1
815	998	-56.062	0.000	0.8795	0.7809	1
815	1058	-84.094	0.000	0.8912	0.7642	1
816	826	-0.000	0.000	0.8775	0.7395	1
816	878	-15.018	0.000	0.7444	0.5788	1
816	891	-26.016	0.000	0.7108	0.5937	1
816	933	-8.989	0.000	0.7208	0.6702	1
816	934	-28.031	0.000	0.8328	0.6944	1
816	953	-28.031	0.000	0.8006	0.6124	1
818	863	348.287	0.000	0.7780	0.4840	1
821	907	21.984	0.000	0.7613	0.6470	1
821	1062	-98.091	0.000	0.7117	0.5805	1
821	1082	63.962	0.000	0.7453	0.4959	1
822	833	-22.021	0.000	0.7071	0.5930	1
822	857	-14.016	0.000	0.7054	0.6359	1
822	933	-28.031	0.000	0.8186	0.6507	1
825	856	0.000	0.000	0.9019	0.7943	1
825	1002	0.000	0.000	0.8214	0.6612	1
825	1011	0.000	0.000	0.8377	0.6658	1
826	878	-15.018	0.000	0.7243	0.5904	1
826	934	-28.031	0.000	0.7832	0.6177	1
826	953	-28.031	0.000	0.7889	0.6124	1
829	831	1.003	0.000	0.7161	0.5935	1
831	832	-17.027	0.000	0.7613	0.7263	1
831	833	18.011	0.000	0.8142	0.8270	1
831	839	-17.027	0.000	0.7345	0.6752	1
831	840	0.000	0.000	0.8079	0.6895	1
831	917	15.995	0.000	0.7411	0.6589	1
831	942	-45.058	0.000	0.7205	0.6520	1
832	839	0.000	0.000	0.9084	0.8463	1
832	848	12.000	0.000	0.7355	0.6600	1
832	903	-3.196	0.000	0.7321	0.6516	1
832	920	54.047	0.000	0.7569	0.6135	1
832	922	-3.187	0.000	0.7200	0.6794	1
832	942	-28.031	0.000	0.8595	0.7110	1
832	998	-30.047	0.000	0.7233	0.6249	1
833	917	-2.016	0.000	0.8852	0.8728	1
835	857	-14.016	0.000	0.7090	0.6911	1
835	876	-14.016	0.000	0.8749	0.7504	1
835	884	-14.016	0.000	0.7614	0.7209	1
839	848	12.000	0.000	0.7255	0.6369	1
839	903	-3.196	0.000	0.7128	0.6543	1
839	920	54.047	0.000	0.7744	0.6472	1
839	942	-28.031	0.000	0.8308	0.6594	1
839	998	-30.047	0.000	0.7683	0.6938	1
840	917	15.995	0.000	0.7235	0.6566	1
845	974	0.948	0.000	0.7004	0.5376	1
847	848	1.003	0.000	0.7665	0.6886	1
847	903	-14.192	0.000	0.8265	0.7092	1
847	910	-13.013	0.000	0.7057	0.6132	1
847	915	-14.015	0.000	0.7078	0.6016	1
847	920	43.050	0.000	0.7371	0.6470	1
847	969	-27.028	0.000	0.7803	0.7198	1
848	903	-15.196	0.000	0.8180	0.7017	1
848	910	-14.016	0.000	0.9197	0.8554	1
848	914	56.062	0.000	0.8595	0.7192	1
848	915	-15.018	0.000	0.7510	0.6403	1
848	920	42.047	0.000	0.9037	0.7860	1
848	922	-15.187	0.000	0.7353	0.6376	1
848	932	-14.016	0.000	0.8666	0.8228	1
848	969	-28.031	0.000	0.7279	0.6765	1
848	972	-28.031	0.000	0.7075	0.6110	1
848	974	-70.078	0.000	0.7461	0.6150	1
848	998	-42.047	0.000	0.9033	0.8700	1
848	1058	-70.078	0.000	0.8611	0.7592	1
853	854	74.019	0.000	0.8077	0.6199	1
853	966	74.019	0.000	0.7812	0.5199	1
854	966	0.000	0.000	0.8899	0.5968	1
856	1011	0.000	0.000	0.8411	0.6672	1
857	884	-0.000	0.000	0.7199	0.5978	1
857	920	11.004	0.000	0.7158	0.6406	1
857	933	-14.016	0.000	0.7500	0.6228	1
875	906	-1.995	0.000	0.9994	1.0000	1
875	908	-0.000	0.000	0.9999	1.0000	1
875	951	0.000	0.000	0.9999	1.0000	1
875	954	-1.995	0.000	0.9991	1.0000	1
875	1001	-1.995	0.000	0.9994	1.0000	1
875	1003	0.000	0.000	0.9996	1.0000	1
875	1010	0.000	0.000	0.9834	0.9517	1
875	1013	-1.995	0.000	0.9990	1.0000	1
875	1017	-40.930	0.000	0.7048	0.5965	1
875	1034	-40.930	0.000	0.7164	0.5986	1
875	1046	-0.000	0.000	0.9805	0.9456	1
875	1057	-0.000	0.000	0.8907	0.7819	1
876	884	-0.000	0.000	0.8632	0.9198	1
876	885	26.016	0.000	0.7858	0.5153	1
876	933	-14.016	0.000	0.7421	0.6144	1
877	904	0.000	0.000	0.8927	0.7287	1
878	934	-13.013	0.000	0.8105	0.6535	1
878	953	-13.013	0.000	0.8049	0.6881	1
883	919	1.619	0.000	0.7210	0.5544	1
884	920	11.005	0.000	0.7091	0.6564	1
884	933	-14.016	0.000	0.7678	0.5849	1
887	893	44.026	0.000	0.7451	0.5121	1
887	902	-0.000	0.000	0.7632	0.5235	1
887	950	-28.031	0.000	0.7639	0.4984	1
887	959	15.995	0.000	0.7749	0.5259	1
887	960	-10.021	0.000	0.7856	0.5329	1
887	971	1.979	0.000	0.7305	0.4861	1
888	948	-28.031	0.000	0.7671	0.5291	1
888	968	-42.047	0.000	0.7394	0.5269	1
888	977	-56.063	0.000	0.7219	0.4789	1
888	1006	-84.094	0.000	0.7011	0.4686	1
889	933	0.000	0.000	0.7039	0.7237	1
892	949	76.066	0.000	0.8070	0.4752	1
892	982	-2.017	0.000	0.7647	0.4801	1
892	1038	-20.064	0.000	0.7248	0.4227	1
892	1073	-20.064	0.000	0.8372	0.5390	1
893	902	-44.026	0.000	0.7470	0.5146	1
893	959	-28.031	0.000	0.7945	0.5887	1
893	960	-54.047	0.000	0.8317	0.6648	1
893	971	-42.047	0.000	0.8338	0.6544	1
893	985	-56.063	0.000	0.7873	0.5681	1
896	917	-36.036	0.000	0.7081	0.5823	1
901	1021	28.031	0.000	0.7094	0.5424	1
901	1032	14.015	0.000	0.7275	0.5999	1
901	1036	28.031	0.000	0.7083	0.5350	1
902	950	-28.031	0.000	0.8005	0.5589	1
902	959	15.995	0.000	0.8638	0.6960	1
902	960	-10.020	0.000	0.8491	0.6436	1
902	971	1.980	0.000	0.7337	0.4967	1
902	985	-12.036	0.000	0.7488	0.5049	1
902	988	-38.052	0.000	0.7088	0.4707	1
902	1020	-66.083	0.000	0.7097	0.4741	1
903	910	1.180	0.000	0.8552	0.7819	1
903	914	71.258	0.000	0.7231	0.5681	1
903	915	0.178	0.000	0.8279	0.7407	1
903	918	43.227	0.000	0.7070	0.5625	1
903	920	57.242	0.000	0.8020	0.6542	1
903	922	0.008	0.000	0.8586	0.8176	1
903	932	1.180	0.000	0.8081	0.7135	1
903	969	-12.836	0.000	0.7566	0.6699	1
903	974	-54.882	0.000	0.7047	0.6124	1
903	998	-26.851	0.000	0.7742	0.6489	1
906	908	1.995	0.000	0.9994	1.0000	1
906	951	1.995	0.000	0.9992	1.0000	1
906	954	0.000	0.000	0.9994	1.0000	1
906	1001	0.000	0.000	0.9988	1.0000	1
906	1003	1.995	0.000	0.9986	1.0000	1
906	1010	1.995	0.000	0.9840	0.9521	1
906	1013	0.000	0.000	0.9990	1.0000	1
906	1015	2.963	0.000	0.8643	0.7198	1
906	1046	1.995	0.000	0.9808	0.9456	1
906	1057	1.995	0.000	0.8927	0.7819	1
907	1037	-24.000	0.000	0.7077	0.6002	1
908	951	0.000	0.000	0.9997	1.0000	1
908	954	-1.995	0.000	0.9991	1.0000	1
908	1001	-1.995	0.000	0.9993	1.0000	1
908	1003	0.000	0.000	0.9996	1.0000	1
908	1010	0.000	0.000	0.9836	0.9521	1
908	1013	-1.995	0.000	0.9987	1.0000	1
908	1017	-40.930	0.000	0.7041	0.5965	1
908	1034	-40.930	0.000	0.7157	0.5986	1
908	1046	0.000	0.000	0.9809	0.9456	1
908	1057	0.000	0.000	0.8909	0.7819	1
910	914	70.078	0.000	0.8286	0.6985	1
910	915	-1.002	0.000	0.7964	0.7467	1
910	918	42.047	0.000	0.7095	0.5796	1
910	920	56.063	0.000	0.8755	0.7624	1
910	922	-1.172	0.000	0.7970	0.7309	1
910	932	0.000	0.000	0.8709	0.7950	1
910	942	-26.015	0.000	0.7149	0.6163	1
910	969	-14.015	0.000	0.8163	0.7365	1
910	974	-56.062	0.000	0.8136	0.7192	1
910	998	-28.031	0.000	0.8991	0.7990	1
910	1058	-56.062	0.000	0.8500	0.7652	1
911	912	46.006	0.000	0.7415	0.5637	1
914	915	-71.080	0.000	0.7284	0.5825	1
914	920	-14.016	0.000	0.8206	0.7592	1
914	922	-71.250	0.000	0.7113	0.5508	1
914	932	-70.078	0.000	0.7820	0.6488	1
914	969	-84.094	0.000	0.7777	0.6585	1
914	972	-84.094	0.000	0.7551	0.7223	1
914	974	-126.140	0.000	0.7042	0.5497	1
914	998	-98.109	0.000	0.7908	0.6744	1
914	1058	-126.141	0.000	0.7497	0.6230	1
915	920	57.065	0.000	0.7343	0.6009	1
915	922	-0.169	0.000	0.8942	0.8179	1
915	932	1.002	0.000	0.7387	0.6587	1
915	998	-27.029	0.000	0.7164	0.5949	1
918	932	-42.047	0.000	0.7180	0.5965	1
920	922	-57.234	0.000	0.7549	0.6212	1
920	932	-56.062	0.000	0.9013	0.7785	1
920	942	-82.078	0.000	0.7154	0.6502	1
920	969	-70.078	0.000	0.8264	0.7175	1
920	974	-112.125	0.000	0.7589	0.6046	1
920	998	-84.094	0.000	0.8576	0.7492	1
920	1058	-112.125	0.000	0.8176	0.6838	1
922	932	1.172	0.000	0.7897	0.7211	1
922	969	-12.844	0.000	0.7273	0.6619	1
922	998	-26.859	0.000	0.7991	0.6950	1
924	925	-17.027	0.000	0.9320	0.7947	1
931	946	0.000	0.000	0.7546	0.6350	1
932	933	31.042	0.000	0.7060	0.6355	1
932	942	-26.015	0.000	0.7019	0.5999	1
932	969	-14.016	0.000	0.8266	0.7524	1
932	974	-56.062	0.000	0.8236	0.7267	1
932	998	-28.031	0.000	0.9409	0.8752	1
932	1058	-56.062	0.000	0.8055	0.6905	1
934	953	0.000	0.000	0.8618	0.7029	1
936	940	1.032	0.000	0.7837	0.6922	1
942	974	-30.047	0.000	0.7003	0.5599	1
948	968	-14.016	0.000	0.8494	0.6066	1
948	977	-28.031	0.000	0.9204	0.7702	1
948	1006	-56.063	0.000	0.7638	0.5647	1
949	981	-52.068	0.000	0.7921	0.4560	1
949	1026	-82.115	0.000	0.8578	0.5315	1
949	1073	-96.130	0.000	0.8504	0.5083	1
950	985	15.995	0.000	0.8028	0.4834	1
950	988	-10.021	0.000	0.8320	0.5624	1
951	954	-1.995	0.000	0.9990	1.0000	1
951	1001	-1.995	0.000	0.9996	1.0000	1
951	1003	0.000	0.000	0.9995	1.0000	1
951	1010	0.000	0.000	0.9819	0.9476	1
951	1013	-1.995	0.000	0.9989	1.0000	1
951	1017	-40.930	0.000	0.7045	0.5965	1
951	1034	-40.930	0.000	0.7160	0.5986	1
951	1046	-0.000	0.000	0.9791	0.9456	1
951	1057	-0.000	0.000	0.8901	0.7819	1
952	1021	-82.115	0.000	0.7280	0.5301	1
952	1036	-82.115	0.000	0.7408	0.5111	1
954	1001	-0.000	0.000	0.9992	1.0000	1
954	1003	1.995	0.000	0.9985	1.0000	1
954	1010	1.995	0.000	0.9816	0.9478	1
954	1013	-0.000	0.000	0.9994	1.0000	1
954	1015	2.963	0.000	0.8687	0.7215	1
954	1046	1.995	0.000	0.9787	0.9456	1
954	1057	1.995	0.000	0.8952	0.7819	1
958	984	-28.031	0.000	0.7876	0.5059	1
959	960	-26.016	0.000	0.9513	0.8378	1
959	971	-14.016	0.000	0.8090	0.5798	1
959	985	-28.031	0.000	0.9260	0.7228	1
959	988	-54.047	0.000	0.7599	0.5787	1
959	992	-80.063	0.000	0.7618	0.5835	1
959	1008	-94.078	0.000	0.7105	0.5076	1
959	1020	-82.078	0.000	0.7334	0.5117	1
960	971	12.000	0.000	0.7192	0.4664	1
960	985	-2.016	0.000	0.8213	0.6168	1
960	988	-28.031	0.000	0.9570	0.8372	1
960	992	-54.047	0.000	0.9232	0.7590	1
960	997	-42.047	0.000	0.8411	0.6215	1
960	1008	-68.063	0.000	0.7066	0.4783	1
960	1020	-56.063	0.000	0.9427	0.7941	1
967	1042	-74.019	0.000	0.7960	0.5939	1
967	1067	-148.038	0.000	0.7562	0.5958	1
967	1091	-222.056	0.000	0.7533	0.5956	1
968	977	-14.016	0.000	0.8658	0.5970	1
969	974	-42.047	0.000	0.7841	0.6609	1
969	998	-14.016	0.000	0.8794	0.7801	1
969	1058	-42.047	0.000	0.7893	0.6650	1
971	985	-14.016	0.000	0.8054	0.5302	1
971	1020	-68.063	0.000	0.7114	0.4188	1
974	998	28.031	0.000	0.8322	0.6879	1
974	1058	-0.000	0.000	0.7563	0.6638	1
977	1006	-28.031	0.000	0.7567	0.5511	1
981	982	-26.016	0.000	0.7455	0.4553	1
981	1038	-44.062	0.000	0.7394	0.4319	1
981	1073	-44.063	0.000	0.8051	0.4693	1
982	1026	-4.031	0.000	0.7787	0.4389	1
982	1038	-18.047	0.000	0.7621	0.4877	1
982	1073	-18.047	0.000	0.7982	0.4653	1
983	1038	-14.016	0.000	0.7614	0.4517	1
983	1073	-14.016	0.000	0.8059	0.5383	1
985	988	-26.016	0.000	0.9483	0.7888	1
985	992	-52.031	0.000	0.7270	0.4466	1
985	1020	-54.047	0.000	0.7776	0.5740	1
988	992	-26.016	0.000	0.9439	0.7899	1
988	997	-14.016	0.000	0.8551	0.6286	1
988	1020	-28.031	0.000	0.9519	0.8169	1
992	997	12.000	0.000	0.8472	0.5850	1
992	1008	-14.016	0.000	0.8739	0.6373	1
992	1020	-2.016	0.000	0.9560	0.7982	1
997	1020	-14.016	0.000	0.8400	0.5885	1
998	1058	-28.031	0.000	0.7920	0.6510	1
1001	1003	1.995	0.000	0.9991	1.0000	1
1001	1010	1.995	0.000	0.9807	0.9442	1
1001	1013	0.000	0.000	0.9996	1.0000	1
1001	1015	2.963	0.000	0.8673	0.7178	1
1001	1046	1.995	0.000	0.9779	0.9442	1
1001	1057	1.995	0.000	0.8898	0.7819	1
1003	1010	0.000	0.000	0.9826	0.9491	1
1003	1013	-1.995	0.000	0.9983	1.0000	1
1003	1017	-40.930	0.000	0.7059	0.5965	1
1003	1034	-40.930	0.000	0.7175	0.5986	1
1003	1046	-0.000	0.000	0.9797	0.9456	1
1003	1057	-0.000	0.000	0.8899	0.7819	1
1005	1023	-0.000	0.000	0.7733	0.5623	1
1007	1021	14.016	0.000	0.7628	0.5022	1
1007	1032	0.000	0.000	0.7067	0.4574	1
1007	1036	14.016	0.000	0.7395	0.5299	1
1008	1020	12.000	0.000	0.7146	0.4537	1
1010	1013	-1.995	0.000	0.9813	0.9473	1
1010	1017	-40.930	0.000	0.7120	0.6223	1
1010	1034	-40.930	0.000	0.7250	0.6276	1
1010	1046	-0.000	0.000	0.9994	1.0000	1
1010	1057	-0.000	0.000	0.9133	0.8353	1
1013	1015	2.963	0.000	0.8656	0.7250	1
1013	1046	1.995	0.000	0.9782	0.9456	1
1013	1057	1.995	0.000	0.8916	0.7819	1
1014	1021	-26.016	0.000	0.7543	0.5634	1
1014	1033	-0.000	0.000	0.7370	0.5470	1
1014	1036	-26.016	0.000	0.7426	0.5004	1
1017	1034	-0.000	0.000	0.9993	1.0000	1
1017	1046	40.930	0.000	0.7107	0.6223	1
1018	1021	14.016	0.000	0.7221	0.5314	1
1018	1032	0.000	0.000	0.7484	0.5261	1
1018	1036	14.016	0.000	0.7310	0.5026	1
1021	1032	-14.016	0.000	0.7815	0.5623	1
1021	1033	26.016	0.000	0.7551	0.5382	1
1021	1036	0.000	0.000	0.8438	0.6087	1
1021	1047	26.016	0.000	0.7470	0.5474	1
1026	1038	-14.016	0.000	0.7542	0.3945	1
1026	1073	-14.016	0.000	0.8688	0.5596	1
1030	1042	1.078	0.000	0.7992	0.6738	1
1030	1067	-72.940	0.000	0.8222	0.6229	1
1030	1091	-146.959	0.000	0.7242	0.5927	1
1032	1036	14.016	0.000	0.8214	0.6476	1
1033	1036	-26.016	0.000	0.7556	0.5168	1
1034	1046	40.930	0.000	0.7237	0.6276	1
1036	1047	26.016	0.000	0.7181	0.4758	1
1038	1073	-0.000	0.000	0.7818	0.4339	1
1042	1067	-74.019	0.000	0.9105	0.7627	1
1042	1091	-148.038	0.000	0.9017	0.8005	1
1042	1118	-222.056	0.000	0.7499	0.5600	1
1046	1057	0.000	0.000	0.9148	0.8353	1
1055	1119	-166.080	0.000	0.7030	0.4503	1
1062	1082	162.053	0.000	0.7219	0.5155	1
1067	1089	18.011	0.000	0.7163	0.5688	1
1067	1091	-74.019	0.000	0.9103	0.7860	1
1067	1118	-148.038	0.000	0.7966	0.5954	1
1069	1119	37.730	0.000	0.7558	0.5892	1
1069	1126	37.730	0.000	0.7212	0.5923	1
1079	1094	0.000	0.000	0.9297	0.8100	1
1091	1118	-74.019	0.000	0.7629	0.5954	1
1104	1106	45.058	0.000	0.8099	0.6974	1
1110	1115	0.000	0.000	0.8113	0.6600	1
1110	1120	0.000	0.000	0.8045	0.6600	1
1115	1120	0.000	0.000	0.9450	0.8646	1
