	msms_score	matched_peaks	feature_id	reference_id	short_inchikey
0	0.6191062469362382	46	8	85661	ICFIZJQGJAJRSU
1	0.22454587378636087	20	10	146560	XXMBGIMQDWOUJW
2	0.2144562949605418	21	10	193084	AXAOTVYUULFFTE
3	0.20810655728311422	18	10	265787	YBSQGNFRWZKFMJ
4	0.514891128090853	15	12	19	RIVVNGIVVYEIRS
5	0.5351330956792965	10	12	1291	WUAXWQRULBZETB
6	0.5615445917677295	12	12	3323	FXKPBTHLUOMJJB
7	0.6110772771565463	13	12	4936	SNWXLIFDYHJNQB
8	0.3511797934727019	9	12	11881	NXCPMSUBVRGTSE
9	0.29535545608044234	10	12	13619	IDZMZHPTOBCJDG
10	0.22173130897516166	9	12	16147	MWAYRGBWOVHDDZ
11	0.5857153644321594	12	12	17700	HKKIPBZGPPCEMB
12	0.6353316435839452	10	12	17742	OXOYFOKGDOZNLQ
13	0.40161205608869044	12	12	18525	NRVMAFNXASJMIN
14	0.3024288694252353	16	12	20294	ZCYFTOPOEYDXAI
15	0.33184135309407453	9	12	20385	GODXRXVXPWZMSC
16	0.6782361387122766	8	12	30097	AZRTXUQINTVMDW
17	0.42862156237197885	12	12	31732	GRSZSHKSGISVFX
18	0.564624120823648	9	12	32273	HAJLUZBQGIPNOH
19	0.5985091584452209	10	12	35234	JGEPRYZMIMUBHD
20	0.21242462718268335	11	12	35457	FJUACDARCVZYOJ
21	0.22208588180905078	11	12	39094	NZEIRBAZKZISJD
22	0.5776305154508394	7	12	40028	MXIXIYXASNOPJX
23	0.46885201752074396	13	12	41586	BMRVNZZVDSVOQG
24	0.581369815404237	8	12	44270	BIGQPYZPEWAPBG
25	0.26898671654963446	10	12	46794	NGQOANXBBNAELE
26	0.26984705127633984	10	12	50789	CSQGINGXEBQJPA
27	0.685358256781385	10	12	52392	DHKVOBBQPLIVEA
28	0.260010392102374	10	12	56282	GQUMFAIRIDQSOA
29	0.3539679867393892	13	12	57180	NZGSNQJCTOMELT
30	0.32495690523524057	8	12	58885	SQNDTDKTNPRRBT
31	0.3832919804872349	13	12	65533	XUGWTWPHVIUPKC
32	0.6329567540489517	9	12	66538	VTSHCKFPQXOAPJ
33	0.31706673091923393	10	12	66698	IVEUNBPJQOKPGL
34	0.556375431295277	8	12	72241	FBUBVLUPUDBFME
35	0.5552653690420775	10	12	77007	JYCAXQLMDSUDRY
36	0.41138300662433763	12	12	77298	CJBZBOQPGGQIOM
37	0.5618961131200362	10	12	82124	LBYKODYNFRCBIR
38	0.3819428683531887	9	12	82932	QMUDMGGVLLOEKD
39	0.4260127929406255	9	12	84047	OJOBTAOGJIWAGB
40	0.3533422584369704	13	12	87173	OLYYMDIMUIHYBU
41	0.6404519510554508	11	12	87380	LILRKZYCRFCTHF
42	0.5557192856687746	11	12	87836	NOJVXIYSKYICFF
43	0.6742194105084978	13	12	91128	PUXPJSPPOVUGLT
44	0.518205449287653	11	12	96589	NPNAJGCZQBQWQZ
45	0.3885124965512318	9	12	100415	NSFOTVGLNZUKLK
46	0.6503480777607503	8	12	100816	RJXJHEYXZURDJH
47	0.7617943955273655	9	12	102012	DHGUGNRVBRZGHD
48	0.44821424986119046	7	12	102915	DHZBEENLJMYSHQ
49	0.40134836891865144	12	12	106077	RZZNYUWDWOBFAR
50	0.36066299880583685	8	12	107353	BNEBXEZRBLYBCZ
51	0.27915168440815863	10	12	108795	XADGCRVOLDLTQY
52	0.41173732105346533	12	12	112059	RZFRDPQVYPLNIF
53	0.4304054206246266	12	12	112679	UEAHLADQINANOQ
54	0.28538878094196984	11	12	127155	APBQCQCZDOLYQU
55	0.5293441227224158	9	12	127782	LWIPTFGZKUVFKC
56	0.2859008433175115	12	12	128618	SOTZISCFLMRIMN
57	0.34364618529889146	9	12	128933	CKDSCAKQBRZWHH
58	0.6817285141016439	7	12	130097	NOYQJVWDVBANHI
59	0.39796781648146645	12	12	132891	BABJXHCBFYMVBG
60	0.6653383942204936	11	12	143316	CCIMZPYSIJENDN
61	0.5882468169169762	10	12	143997	HVISIXHIKFRIHH
62	0.41511269199851647	12	12	147655	FYDVPEVHFUBOJG
63	0.4152630521071671	12	12	157257	MZKLYRIYTTVIOO
64	0.24611931872317086	10	12	160580	SBXBTBAHCOZULI
65	0.4118909196689581	13	12	162416	XYNGOGUZBXETOQ
66	0.2959640373498379	10	12	171606	BPKTZZASMROIML
67	0.3279257631089434	12	12	171989	DWZWJUIEBSXJCE
68	0.6117561130422745	15	12	172482	IPSXBXWQIMKTEI
69	0.6699018371157278	11	12	176814	DMSAIFTWQMXOBE
70	0.5282914896577751	9	12	179096	GVPXWVZMZLWHSW
71	0.2682462934857849	10	12	179478	BALZUVMCNFVPTL
72	0.530350091871417	12	12	182610	OOWPSZUNTBIBAP
73	0.36368839583604595	9	12	183336	NLPRPUVYIZIMMA
74	0.6117771205249724	12	12	192036	DFWGSIJBMOBCST
75	0.41717391380080293	8	12	202333	RFKMWWMZUHXFBA
76	0.28824779574265813	11	12	203005	VLOUFSKXRCPIQR
77	0.2849391377245448	13	12	203846	BOLQJTPHPSDZHR
78	0.31571455317577374	11	12	203998	DHPGRNIALDCANN
79	0.5081046314266979	12	12	204101	INCMQGXHCDMBNB
80	0.430531921106339	12	12	210955	SXCIHQFSGVEIHK
81	0.4149072078434829	7	12	210961	WKQRFNCVSZBUJJ
82	0.5742509008304958	12	12	212183	DNFIKAMZHXYRGX
83	0.5812686067231027	7	12	221825	YXUIOVUOFQKWDM
84	0.3826075464079236	14	12	224885	GEDLJGYFEOYKEG
85	0.432461358734488	12	12	235525	AGFYCAJFZRBMTJ
86	0.4291414311721287	10	12	236223	YMKWNRDVGOVSHY
87	0.7814258857047331	12	12	236585	UAXMDBXWWFRSAK
88	0.5881187591865477	14	12	236795	ZJNYKKKCIMAHHX
89	0.465414695930813	12	12	237890	RJSFPFVWMABLST
90	0.2739667735823568	12	12	241868	GFSTVWDPRTWASK
91	0.6056186480682199	12	12	244669	HLGSSJLVMOESCF
92	0.31230706851372547	11	12	245433	XPXHSUOIQNJEQI
93	0.2704535240190742	11	12	246847	QAZLKUZAURTWCN
94	0.6270422273494667	10	12	247773	PUXHCTUGWRSMLF
95	0.4014072679778405	10	12	247952	SXHSRMMHMDZHGC
96	0.4474476616148554	15	12	247976	PBGMIGRAGZOBSL
97	0.40475365954294584	13	12	249636	FIUFNZNVZDLYHQ
98	0.5587053703655881	11	12	250122	BRKZRNZFWQTUBZ
99	0.5106000889881791	9	12	250616	ODVDEPJSFWJDGU
100	0.3001741352549919	11	12	251116	SADDONZEXLCARP
101	0.4732155237744079	10	12	262960	BFJMLYXAOCVEKP
102	0.6012658197621258	12	12	267777	UWSQDVQKLXZPMB
103	0.5241783312778496	8	12	268072	XKVHKIVWBXVKJH
104	0.27612983518307466	11	12	272943	NTULQOXXTCSEHM
105	0.28005776879410343	9	12	276425	NTQWHTYMMAGERW
106	0.32468930841122445	14	12	278567	MGWWVARMRNCZQU
107	0.5266685955916559	12	12	281637	BOORRODXIRDJFF
108	0.2947091890401554	9	12	283822	PZOSJQZCHVKTQJ
109	0.3956397945757605	9	12	285615	DZDKPIKBVMNBEA
110	0.5324908007279895	8	12	287670	CVTPSMRXSUPVPJ
111	0.6046079111715936	8	12	288128	AJAVKSFVAFPKQM
112	0.49453070960253137	8	12	289007	CEXBYIGHXBMJGT
113	0.48376554304446684	14	12	289152	WSFWBZJRQNTKQQ
114	0.20833190640350943	25	13	92868	VKFOKNZWECRZTN
115	0.21900647015144384	10	27	193094	USJRJXMGUMEVEB
116	0.32888151073228505	7	27	245617	YFSJBBMDQKSVOR
117	0.3117630967981347	8	27	261185	PUVOHPUWWDDWPP
118	0.777000360536144	32	35	13636	STNMCYGVYVEEFU
119	0.6569703452399879	21	36	110314	WBCPDCHBBWAFSO
120	0.3876157098188342	24	36	163923	STLBBQTYUMXQQB
121	0.26689167068356334	40	40	192292	BEYAPDNDPYAWHT
122	0.4542301241821024	60	40	225113	LBHQTVBKPMHICN
123	0.7063959295524911	43	41	731	BUOSOJFCMIYTBG
124	0.7875843583904145	45	42	20509	BXUVLPDAJOPHFD
125	0.629884198362846	37	42	36134	ZKCKHRAPIWMJMM
126	0.7484358973907248	47	42	67350	RXORHYFDDNAOQS
127	0.7687323667399542	47	42	68368	UVNRLSCOYBEJTM
128	0.7755110081919045	47	42	106818	AMVROEXDYFQCMJ
129	0.7432219547584413	45	42	156733	IKYKEVDKGZYRMQ
130	0.6531799761022572	41	42	194844	RSWYJAMVUDLFEQ
131	0.7449643385625913	47	42	198250	NCFULMZVHNTQOK
132	0.7510941430764195	47	42	207893	FSWKPPANMNTLMX
133	0.7430198418444768	47	42	224513	NSHFPFZDITUYCS
134	0.7769393048706957	47	42	235984	HXLZULGRVFOIDK
135	0.545878908244637	40	42	265446	FNSKSLNGIWWXGL
136	0.4240435177581433	53	45	85613	VQHQDAAWFVGOFT
137	0.26610713806514	38	45	192707	KQXDGUVSAAQARU
138	0.399540074023866	27	46	71394	BKSKLPMHTCDKMA
139	0.43589594334778015	25	46	103513	JLXFCRGBJHNVNU
140	0.5241116173469925	37	46	170458	WQXMQVGEJLKXJG
141	0.3366179265811407	9	47	94444	QNWQYXJJIAXWKD
142	0.4542772940200423	9	47	121318	KJXSXHGTHSJJMJ
143	0.3480700094374528	9	47	161963	SHEYJRIILVVUIW
144	0.5552440054328174	9	47	164046	MGKJUIWFWNJABP
145	0.5820071646366218	9	47	220681	HSEMFIZWXHQJAE
146	0.34966251698295975	9	47	258027	BBZHHOGHQKXCRQ
147	0.4766581907120098	31	48	29992	UVKANAQISJDJNJ
148	0.48019905916474764	31	48	194108	LFRJFNZVYIDSLH
149	0.5376925306216226	42	49	6604	WQUFOQOJRNRZNB
150	0.6493842186155544	20	49	173766	APMYDBPENKLBFT
151	0.4959481679468371	40	49	182827	GNJWFARVIURMAW
152	0.5556836605689608	44	49	198853	HZSCAIKPGSXTOF
153	0.541362871197713	43	49	280033	PKCDBAJESFUNQJ
154	0.7752703275728525	51	49	285349	YRPQTVNCCVPGFA
155	0.4061556531639079	29	50	23785	BSLVCPNCRMUHCD
156	0.39253767654493943	15	50	49083	MREXZJBTRBHVNS
157	0.27372050248799684	34	51	4289	WFRLANWAASSSFV
158	0.5707127346811942	37	51	7409	QPRMGHKASRLPJP
159	0.5405202715476788	34	51	11953	KWDXKYNWAKMLKK
160	0.5280893065871601	38	51	52988	PLMLPTOHDLJVEL
161	0.44021557092723335	33	51	107810	LNSIIDDYOVTXHK
162	0.4876907869404647	37	51	122286	HHBMAUAHAWVHBL
163	0.3438333658155717	33	51	129905	ZHVCUICBHSGXOZ
164	0.49007491556922744	35	51	275227	XGMIRPUCRYMXKG
165	0.5945863048847686	34	51	281187	RTQVJTLVVBJRJG
166	0.6620221633264671	37	52	215364	GHNFQFAWPOCNIL
167	0.5167627874774705	36	54	257098	GJDPGFHVEKFXEZ
168	0.26013761682159015	21	55	3570	YBFDEMZEWRINKR
169	0.3386899527465816	23	55	102847	YANFXFSKWPJWNB
170	0.33317339028712356	31	55	177334	WACUWVFUDHSWLY
171	0.6758691378563193	63	56	6424	DDVNUHLHDWACFY
172	0.6918317000372087	62	56	7544	LYAZOPAKEWHIMH
173	0.48142381638177817	49	56	10501	IWVLAGLIVNXCBP
174	0.7823674774242569	59	56	15696	JWGJHRDGLVDUIT
175	0.5738958868263354	66	56	28979	YZNVJVWNDZBBBA
176	0.706372382359467	63	56	35676	BWSIKEZDJMZITO
177	0.6140226209480301	66	56	36180	CNESKTGKCQGZAS
178	0.6155613545474531	62	56	38113	AXTSIJIRCLEZEN
179	0.7301267956201584	49	56	38392	PGCYEKRDYMCFNF
180	0.7362001601815528	58	56	43871	GCCUWZBYWXQZDX
181	0.7896636149428544	63	56	47805	DSZQZURPKJVVGY
182	0.7501916411565449	44	56	48009	VXCBVCVQEPHVDJ
183	0.5984491985125481	41	56	54117	FRBPVGRMDGELKN
184	0.4635686443362568	35	56	54413	PHNCACYNYORRNS
185	0.6128245994742431	53	56	55264	SANDYHMGZOWTMT
186	0.7575874897837195	70	56	58145	LRGHKKFXSQEYHY
187	0.5008661442437708	69	56	60533	KDFIUXIPXNKEPM
188	0.6297640919994512	60	56	66874	UYBNRMWMKVBBTM
189	0.6932609359209319	46	56	81273	IGLIUFGSGJRAQF
190	0.6441221641640987	48	56	81802	CDQRKPOIGQRDHU
191	0.7691925974784976	57	56	87725	DTOSIQBPPRVQHS
192	0.32608678610180325	39	56	91484	HHRSDQSDKLOWFI
193	0.7722042251973751	57	56	92015	JJTZDTIVFFYIOY
194	0.5894726481811247	40	56	98808	ZOVPLJJDPDLGND
195	0.6137844329563118	57	56	104475	LRJUWHLEMHCWJI
196	0.6240571437658341	55	56	105202	MLIZDIZAMVPOLA
197	0.5898049899344762	49	56	112373	QQPOPKOZBMEWKE
198	0.8404731105585708	59	56	113542	LZZANLYIVGPJEZ
199	0.6684887175363807	62	56	115420	CUXYLFPMQMFGPL
200	0.7208664138741504	59	56	115635	KGQONBKICZUGHP
201	0.7590272707599698	56	56	120399	VCVCZNVYBRBLHO
202	0.7793999360314225	57	56	122860	KQQKGWQCNNTQJW
203	0.5269460257421794	54	56	124788	LEOJQXZLSIFSFW
204	0.49220292686930533	72	56	126020	FTUAIEDAAMWBHD
205	0.6724545480601268	58	56	142875	VENIIVIRETXKSV
206	0.6806491466027255	49	56	145353	YREXDJKVVZTWSU
207	0.5918244945291581	58	56	157018	MCQYQKOOVQBHSZ
208	0.4112809526090264	8	56	157056	HTERFNUMHPQMKV
209	0.6840303240478128	61	56	160561	VZUCBUQOWZRZJJ
210	0.6181987060036137	66	56	160881	KUTNIFBDXANLKK
211	0.7378990438074894	58	56	163874	DQGMPXYVZZCNDQ
212	0.6925764811768764	59	56	167216	XKFUZZHODDFIKA
213	0.7671547190745733	56	56	168678	IHBRXZJPXHXMCN
214	0.7270361069160705	58	56	170791	WJCXCEGHYNLAJA
215	0.6014775011733687	55	56	173698	WHEVOQUCZMDNBG
216	0.7960276068354906	57	56	179899	HXQHFNIKBKZGRP
217	0.7212306723961995	56	56	190344	ZSXWVPXJLXTOQQ
218	0.4136697654435582	58	56	197788	ZLALDYHBEJYUAT
219	0.7569464652768552	56	56	199506	FEWFGHQMEYATJR
220	0.5815393959499088	64	56	206993	TZNBCSGCHOVZDX
221	0.5678563948284147	63	56	208110	PXRMRTBZBVLHPQ
222	0.5281561200508502	56	56	208469	IGJMOONLKHMHNY
223	0.7609711815112156	59	56	214091	VTNSDMZVIKRPSZ
224	0.7839829217462668	59	56	214181	CTMZJQAVRYEWHS
225	0.365045626551821	54	56	214701	SNUHZNCSBAQVJV
226	0.6729248161296788	64	56	220773	VSKHIMSIYRKCTC
227	0.572662350651889	64	56	223141	YPPIVQDVJZVIPK
228	0.7922697711051163	59	56	225843	VZCCETWTMQHEPK
229	0.733978240732844	58	56	228350	LTKPTPJAITTZMS
230	0.8276810091307701	61	56	232649	XADKGDBMULSEAC
231	0.6125753654917891	66	56	235291	PSKPVVULUXBPSS
232	0.7662028347193558	58	56	241015	DVXBOWVVKYGWMA
233	0.6447611268603818	67	56	248481	QSOXHGWBNRSJPE
234	0.716193402147123	67	56	249919	BCMCYUUFPFCEKN
235	0.7545277620407964	58	56	251820	OBUFHUJYTJTQRE
236	0.6170181063501545	54	56	252718	CYQGLBVVGFKFJV
237	0.7348591256037321	62	56	255111	UAMGAHBYTASXHU
238	0.8260188721538241	61	56	257065	GVHVFTUIDJXBIS
239	0.7007497940653846	62	56	262392	BUCDDVUHZLDYJO
240	0.8041791906538704	57	56	263815	ZUUFLXSNVWQOJW
241	0.6082304440304761	56	56	264021	JMXCLEFVXYXEQH
242	0.477913480263533	60	56	269192	MWINCPOPMHABNZ
243	0.6864519904053764	58	56	271259	SAOSKFBYQJLQOS
244	0.4129194256368287	64	56	278867	YMFUKUBKNARDRB
245	0.75535192482182	59	56	279163	JSDJDUFIGGRVBJ
246	0.674492573685925	66	56	281391	BOCJMIRVDOHYKS
247	0.6545296293679522	61	56	281839	WFIQWFJWGZPVFS
248	0.26100346551939707	36	57	4289	WFRLANWAASSSFV
249	0.5711482083565984	37	57	7409	QPRMGHKASRLPJP
250	0.5474860610922704	38	57	11953	KWDXKYNWAKMLKK
251	0.531415103189172	37	57	52988	PLMLPTOHDLJVEL
252	0.43735604683632934	32	57	107810	LNSIIDDYOVTXHK
253	0.49246571268038486	36	57	122286	HHBMAUAHAWVHBL
254	0.3353134615699712	34	57	129905	ZHVCUICBHSGXOZ
255	0.4777070728484431	36	57	275227	XGMIRPUCRYMXKG
256	0.5948287149600192	38	57	281187	RTQVJTLVVBJRJG
257	0.5646696252639088	46	58	4638	NKFFXNLIDWNGAG
258	0.6408636371267552	49	58	10152	PPXXPCVCAHJUQP
259	0.43209462441445473	49	58	30494	JUSMYQGXNCVARI
260	0.4862585181133593	41	58	47905	BFZOTKYPSZSDEV
261	0.6919223485210905	50	58	123267	LTUMRKDLVGQMJU
262	0.7047064695429802	52	58	132247	TUCMDDWTBVMRTP
263	0.689369797209098	46	58	133350	LAEIZWJAQRGPDA
264	0.6418529392889577	48	58	148120	FYTVLSLHXKPOEQ
265	0.6594549923402793	49	58	169792	JJTXQCMHUFFVOF
266	0.6282947346633689	47	58	176085	HXPJEKSKJRYDGV
267	0.6302526815274707	47	58	197379	KRVFOGYBUVKPJD
268	0.5738387353793041	46	58	250686	GMVGICPZYOQEHV
269	0.3099216151232847	22	58	283090	UWXUBLOUNKBKIO
270	0.22481932836163152	27	59	43623	ZMZWSDSAHBYZTQ
271	0.315241021959728	30	59	62818	FLYVWXGQNHFYKN
272	0.2441577389892459	30	59	115917	SNOQQKJRUJUFGR
273	0.27533529648047067	58	59	129474	QEQPRBFUZVBYEJ
274	0.2891755649368641	27	59	171168	ZBUWNTRAJTXKMP
275	0.2569620675480107	30	59	198454	GDGOOJCMHJBGOT
276	0.287555594316244	30	59	247576	XNUZTLDMVSWVBW
277	0.8377149912986334	65	60	38544	SFIHQZFZMWZOJV
278	0.4444903216440885	36	60	119610	CXUNGJFNAGVPSI
279	0.8120836502001395	57	60	125977	QFIHQWXKTUONPL
280	0.44132010000183575	45	60	157604	AGJAUFUNZWHLKE
281	0.6622426537071521	53	60	248624	CJPAHDXHCYFKCY
282	0.5102012694011425	49	60	251347	OVFMKKLQLQCHKA
283	0.2507135645223039	31	60	274742	DXBDZYJWHXTGMU
284	0.6308376427064221	58	63	60069	PEVJDMWZXLRJSP
285	0.40965322574970964	52	63	118221	JCMLOIKRBBQIBA
286	0.48416682157732255	48	63	145905	YIOUPFBHICGXGU
287	0.40942762656546833	52	63	186756	RVYUTDKHUFWTFC
288	0.2178721053330949	40	63	188964	NYLFQLXBQJZGOR
289	0.45501873368850226	43	63	253816	KNDQZHFTKYJGCP
290	0.641692966785175	59	63	256778	YNNQTVPKSXTDCK
291	0.3412201834156994	47	64	8972	XJGNXZWMUQOBJJ
292	0.25576411564041907	61	64	20235	FQXOWZSDLQTBFO
293	0.30526030940999305	38	64	132069	NAWJHHYDDZFUPG
294	0.3955244466801345	35	64	142777	HSFPMLIZJAVYHM
295	0.48125576876021864	21	64	145766	QQZOGIKRDRFDSY
296	0.36085912039671963	63	64	149373	OBNIDIWJYWROBE
297	0.36908988206628884	62	64	186630	FUSIHPXPVQSRQH
298	0.467072518845462	33	64	195775	KQXKVJAGOJTNJS
299	0.32588083171991666	51	64	244723	YLQYCJRZGMOQIA
300	0.3553491979627719	62	64	245418	GXRQZKLWHNBLTO
301	0.4376911744511931	38	64	284438	VICBRJCQEHYYSJ
302	0.3347119244401005	59	65	17546	CSMSTHRRSQLQQJ
303	0.4742612321771006	39	65	105451	MZBGOCMCPKJJHA
304	0.2765971561164049	36	65	140366	JKLNTQRRLOXRDE
305	0.2932619299685958	32	65	247607	LWXKAVPXEDNHLL
306	0.3266707260140355	37	66	14489	SQWBEAPIEXCZOT
307	0.2720574641402962	44	66	68561	NVCDYIVRRNILOL
308	0.3141893116572286	44	66	114684	CAUQHAIJBWAQIL
309	0.31118744616267185	47	66	164906	RLBAFDJXAXIJCH
310	0.2973477778722695	40	66	215811	CELZEZYUAVUZRU
311	0.45950287509135795	63	66	236014	FIGNHNKYVQYJHG
312	0.40504276703389863	41	67	32124	GQLOPESZZKDYJD
313	0.23761231364227173	39	67	49994	PVEPOGRPSLDEPB
314	0.3726644672593178	27	67	114982	LHTFDJUSHWHGTR
315	0.45456984742566964	46	67	204069	KYBOBXNXZQTAKA
316	0.5131626936651411	46	67	206192	DPSQDOCBOUVEOW
317	0.23039651362701263	29	67	251957	KVTFEOAKFFQCCX
318	0.4722319052126524	46	67	253299	MIFRRGTXIZEERF
319	0.30993501627378567	32	67	265639	WNTPYSGBPUIOAG
320	0.5281939920847712	41	68	5024	OVCNLQUMMGZZFV
321	0.33054539061456917	33	68	33280	IGOWIHNQOCQAAD
322	0.2545518165053299	33	68	86641	NGCIMCKRDVIWAA
323	0.4594722136979795	49	68	91453	BBRMJCAPNGJKEM
324	0.3965323003834679	39	68	156065	OKTQTXDNHCOLHT
325	0.5119668637000596	48	68	170780	ZZRUATRJSMWKIB
326	0.42209064729343976	52	68	261750	JNPRQUIWDVDHIT
327	0.4848004867112993	52	70	12673	GIIZXIOPWPQLLJ
328	0.21076777780391764	41	70	29346	GFSFGXWHLLUVRK
329	0.26948459913360706	33	70	88948	LVGJWKBTZDPIMK
330	0.39300850028301604	57	70	93392	OZMRSUOXUTZPNR
331	0.48394093866534776	55	70	131526	SJUZAQZEDDCWNC
332	0.5182949016030811	52	70	151084	CEONHUOPPCKWAP
333	0.2625274718391381	58	70	169986	QYFDCLLLDJSPJX
334	0.31513671976409596	58	70	179192	LOZHNFUOGWIFKW
335	0.24706544117761964	19	70	187763	XOWGCGQWYJZFAT
336	0.20167955243215052	37	70	192694	YQFJJDSGBAAUPW
337	0.2385107933115924	16	70	204317	GMYMXBPMBUGRPG
338	0.2858896431583046	54	70	206769	LELVHAQTWXTCLY
339	0.49842307338223846	57	70	214796	RDWBIAZAAVLQEC
340	0.3682015475328897	39	70	227465	UUFOMZNZQYHUJH
341	0.24203527635432637	35	71	21850	PRVBRHBWWSPESP
342	0.20733293560417018	40	71	212661	MTKRWZWFCQCFCC
343	0.25522311734075764	36	71	261701	HKCVQKQNBZLFNI
344	0.5559233104634949	10	72	39624	SMUVABOERCFKRW
345	0.2935841867944536	10	72	50638	UMFCIIBZHQXRCJ
346	0.21962138418553256	10	72	57723	LDQSHVHRBJJNDT
347	0.21484292959279383	10	72	76887	PEHSSTUGJUBZBI
348	0.46585001594245	9	72	82231	NBEFMISJJNGCIZ
349	0.34963469154490684	10	72	133437	GISVICWQYMUPJF
350	0.5114983759932294	10	72	163766	NTWBHJYRDKBGBR
351	0.4133837213658955	10	72	192168	QNGNSVIICDLXHT
352	0.21657192225147354	10	72	218924	MCBGBITUMUAJMT
353	0.34043418945305637	9	72	238492	IQVAERDLDAZARL
354	0.5124046405557102	10	72	256035	UIFVCPMLQXKEEU
355	0.4095087985289717	10	72	264902	LLYXUFQXCNIGDG
356	0.20912603109537967	42	74	36582	LQSRPJKNQQPZHM
357	0.22878905646953948	40	74	43106	ZQRTYNDULWCZRD
358	0.25678904882296016	35	74	84215	LVMASFUXMANZSS
359	0.22813869025749015	30	74	87436	WWSCHJNVBFNZCH
360	0.39163223603898784	45	74	121064	YJBDONBQDZQXCM
361	0.20313424568299351	39	74	126732	ZPRHOFQPTQYXML
362	0.2177792428206755	42	74	140096	YWASZTJGPFRWMW
363	0.31946397129304727	44	74	232921	FHFVOPNRJSTEAZ
364	0.3631341552955815	25	74	237937	GJNIZHUDNBTUTM
365	0.2436542070087036	15	74	257636	CNXHOIQCLATESF
366	0.3123812764013292	48	74	276035	NDFHTIDRPJBWIN
367	0.284185360789423	41	78	136197	ZKZDPWNAOFYOQW
368	0.3178951144529413	44	78	144609	DPHXIYPTUGEXJY
369	0.28312804247394563	42	78	236576	WQIGSSZBYXBSIP
370	0.20208618367678627	7	81	88245	MRKMGEXDKRHLPD
371	0.5921310989408947	36	83	72363	DIPDTUOTIZEHEQ
372	0.5691985226527445	36	83	80413	WGNPLLQDSRTCDM
373	0.42864354052812464	33	83	117004	ZWOWUVBTGMGXFA
374	0.36051802320371523	31	83	149100	LUMDYBWCUSZXFA
375	0.4436644884413088	39	83	150948	ASRZUUIQEMYXLQ
376	0.489462407620329	43	83	155476	BGURCEBDLFPFSC
377	0.4287229601750374	38	83	169382	WNSKMJPVTNVRSD
378	0.4280098392549046	38	83	206809	YFRGJIVWBMOBIT
379	0.42175536013248954	22	83	245487	XDDJYYVXLXUTSA
380	0.4893298827209379	43	83	273615	DBUTWWBBBQFAJO
381	0.31190039469099695	50	84	11673	YILPETBITVIXIX
382	0.3177413887156583	57	84	18898	AMCKSJIHLFXIIZ
383	0.2980926701707778	59	84	59450	MBUPMCAGGCGJDW
384	0.5268151720419065	35	84	61204	OMYRBCZBTQDJHF
385	0.3294092296465404	52	84	78455	BKOAXGLIGFXNIJ
386	0.3157711354229652	58	84	185002	AGSDDWKTIRYHSX
387	0.26499613861825766	47	84	205099	TZSCTOSDUYUBJK
388	0.3573476711312311	47	84	243514	CFZBYEMAQOZSHS
389	0.4222026859768004	47	85	119630	CJAWLAWAWJGSJC
390	0.6707391107466418	59	86	244	CJCKUBTVXXKENB
391	0.6184250948301934	48	86	747	AQMKARDJTJSPIX
392	0.5692788711774474	62	86	8240	IJTNSXPMYKJZPR
393	0.6062199148221676	62	86	11275	DNOBNGNBPVOMLW
394	0.6144014356473048	64	86	17289	JIWBIWFOSCKQMA
395	0.6472739203613977	65	86	18089	NFCMYYTVFCALRH
396	0.4610971174569028	69	86	22324	ACKYYVOKVMZDCL
397	0.6502824760210136	69	86	23708	LGHXTTIAZFVCCU
398	0.7114477741280949	54	86	26814	WPKSHCKNVIUZMF
399	0.4476281533165191	69	86	29640	OFTOYRQEVQDXJP
400	0.4303080624380047	63	86	38665	NDTDEVRGTYZRRA
401	0.4414999335574296	52	86	42545	ABEWKCRFPYVCAX
402	0.6418743193417049	54	86	45242	RHVBIEJVJWNXBU
403	0.5559200167863936	71	86	58083	DLNJQMUZKSNTET
404	0.4753365822155085	48	86	64616	RLKWPLRRBMENRI
405	0.6208423323933612	59	86	73442	IXEHFJJSVBVZHI
406	0.544687341485287	61	86	78078	HJYQCZVMQAYTMN
407	0.6148510207121546	70	86	79632	UECZBRRJYAZMDX
408	0.44680670208646056	61	86	88069	CIUORYCGUNFGHQ
409	0.6406413091262175	12	86	95702	AEOCGZGNXNIVTO
410	0.5587966080582422	71	86	100513	YZQVZNIBOPZYDK
411	0.5886540135023685	53	86	101797	UOUIARGWRPHDBX
412	0.5059835533993168	62	86	101961	WNNYSRHBDYRXCH
413	0.646553376395995	68	86	109356	PORPGKSIWVNTJC
414	0.5994251421127977	53	86	110630	MLYAUZCBMSOFRC
415	0.6523283169662105	64	86	112175	FFYQDBBQFAYIDR
416	0.5639622177490857	62	86	115296	ONYHYSLZNLJFHX
417	0.5035158480865782	73	86	119915	QDMHHKINLKEGLI
418	0.627449238543753	68	86	142035	ZEVMIZQHKILAPM
419	0.6187599750503684	64	86	142691	GODPUQPTJYDDHR
420	0.6395308936408804	67	86	154226	RFUWLZKZDWRDDA
421	0.3434123983678116	67	86	165094	QWFVSVXRYUNUEX
422	0.4370592989145204	62	86	166304	WMZFOJMBGRLBAF
423	0.5159151365891889	49	86	167505	JXHPORIKLFPYNG
424	0.6066381464327911	62	86	168572	SOQSIPMGMKGFRF
425	0.48506814852064783	61	86	176624	WHZFYNOZQWGAQX
426	0.6207802603924396	71	86	182319	LDZUDUYCHODRLO
427	0.5893588676483072	62	86	192293	QAECBHSTFKKNOF
428	0.4929766867039177	61	86	192494	IYOMABBTSBKXGO
429	0.5051860840948865	79	86	193942	BUWRZRKJRCFAGA
430	0.525800504734914	64	86	203321	KRKKLNBMQJXYTE
431	0.5915328412104757	63	86	203924	FCQPVKRMQXBSAO
432	0.6080981453307026	62	86	204311	PVLHKMGYBLUVEL
433	0.5234690144055443	69	86	204762	LUXFAZPVINNUAJ
434	0.574173014993901	58	86	210513	JNIPNHCEUZIVID
435	0.5631475423111016	64	86	213686	JRBUVHZXBJFVBZ
436	0.5336460539262001	74	86	237563	CYRSYFDNGNVHGN
437	0.6612414931920224	70	86	243152	CIUVHSRFRVWPDP
438	0.6101464917474503	61	86	249885	SIVLURJESSFFDP
439	0.6043435305865053	70	86	251320	OEYUUCWCJJESQQ
440	0.3928486413384453	45	86	253147	RMZUHPQNJVYTSB
441	0.4974050122108436	61	86	258148	WSAFAXYKIFSAKZ
442	0.5622939293803592	71	86	265491	WOSWLPBJUVEXMK
443	0.47626157418320136	73	86	267004	PKYDGNMEURZYIM
444	0.6437934710630366	54	86	283675	MPZCKSXAXSTSKM
445	0.3607504610026214	36	88	90651	YORFARYZVMMOCP
446	0.3283868744865834	39	88	221873	JZDUBTRQFFMDRN
447	0.39073489297154085	41	90	177018	CQOAKBVRRVHWKV
448	0.36058367094132016	48	90	195588	WRADPCFZZWXOTI
449	0.48631592814940616	50	90	275616	KQYIQWJQJFWGMP
450	0.35745726980818215	44	90	278783	AKQLFHXLRLKXAB
451	0.20883557874010422	8	91	193689	ZZMRRHANYHOIDL
452	0.35687895970058686	34	92	31640	ZSFBNUBMKXAEFD
453	0.370199104258873	31	92	263542	YIMYIHLJRZROLC
454	0.23141007852917458	15	93	87244	KYKBHRVKONYRBO
455	0.2696471979907993	12	93	268128	UGJMXCAKCUNAIE
456	0.283341927058983	14	94	46461	RXMOFQMQVNFTLE
457	0.42382833458285174	57	94	58723	VWERGLWDYNRHSD
458	0.27925360655197795	64	94	75418	JIKPWWMXOYITHF
459	0.41351573328392643	67	94	86513	RIUVQCKIQNAZGD
460	0.5051551713748723	55	94	172153	CJVHVFJLELPPSK
461	0.3968547048610986	40	94	261459	YVWVILBCUPRAIC
462	0.2185629881649437	15	95	12726	YXNICIBZSREEPY
463	0.35866150210504627	16	95	16466	GUXAFFOQBHDGJZ
464	0.395453225472461	19	95	28371	MXZSZHJBUODOJK
465	0.3859336932440608	19	95	29833	DNUJBTBPCOIYRL
466	0.34231000392355176	20	95	69101	VGWJUWSHYRJZKH
467	0.3442131022371697	20	95	75994	HEFSOYVNFMMLDZ
468	0.20562552399120687	18	95	88686	YPZQJDJKBWAPGH
469	0.20844518122670172	20	95	89700	HVQDVKHZEKJXAZ
470	0.8474929036803256	10	95	94607	RXUDDQWQBSHKAP
471	0.21001068892719046	19	95	105317	WSOOQSGXWGTDJI
472	0.22839028614516454	15	95	129457	PZFBSLPRWMFLJM
473	0.26116062349385427	12	95	131208	ZVBREIRNEOXCKQ
474	0.24485710324885437	15	95	139875	SAYZYPJBJYBEMY
475	0.7209753336967422	17	95	141641	VMRUOMPSDZHKQS
476	0.37451371152190877	20	95	143550	SEPPVOUBHWNCAW
477	0.3848258308979511	20	95	151542	FPWNJNJVLBJJSN
478	0.41408761422447793	20	95	157885	LCFHZKFRCHDRDS
479	0.5513401394325772	17	95	186227	IGQGIACCENRGLM
480	0.3320604469412824	19	95	204865	BZGPASVMHAGFES
481	0.5834501353079012	19	95	211967	NLRIJHGYFNZMGB
482	0.41227583285884906	20	95	212171	DWBLGIXUYIBEEX
483	0.4342045520848271	20	95	217570	RCSATRMLXFVWIJ
484	0.5971535935158089	18	95	243321	VCXVRGHERCHZLW
485	0.33173263292822414	17	95	247347	CZWSBAFIAZKCRV
486	0.2607735823667109	11	95	251191	JNEICYKLEREHIA
487	0.23984416176525508	20	95	266513	TXWANLDEQZRRMG
488	0.5614270827432591	17	95	267025	ZPJFGJWTSDWBST
489	0.20761404959618965	17	95	270271	HVHHZSFNAYSPSA
490	0.26893641810278296	20	95	287702	PGAMJXWVUGDLRA
491	0.31446605848978315	18	95	288963	FBFSXARBCWGXJL
492	0.2300809575639784	49	96	7249	MKVNHBVBZJTLJG
493	0.2832653756860031	62	96	31280	YBWQRWPZQDEHEI
494	0.3336536049282059	12	96	39889	GINOADVIBBPBEW
495	0.2985503740225666	13	96	65947	DQWOXVBLNUYKHM
496	0.5541439792426806	74	96	74124	LIVFDZRSAKTWKS
497	0.45367500044032516	51	96	86696	NHCONVHYGAHXRU
498	0.5004004319958562	58	96	92860	NXOSJVNWDRQXAO
499	0.28098768351452497	11	96	101099	VJYPESGXLGZRPV
500	0.47094025945949086	52	96	114160	INKMFMILWFCUFK
501	0.2809518056506023	48	96	128231	YRVGMUCBUGPWMR
502	0.29762081249486594	9	96	150728	ZSZTZZJEQFTDFX
503	0.42569317100330833	55	96	155887	PBEPMKBBTYGDHS
504	0.29959075468729296	47	96	174329	KFIICUJUBGVCCH
505	0.4532871514878804	57	96	179741	ROKVEJVSNACDSL
506	0.49833461587941436	50	96	182449	BBMBCHAXOBFQPC
507	0.5671751651032929	72	96	184494	VBPJOLZEHVDXMU
508	0.27581214805252474	38	96	208355	YQMGLOAHUCEIGY
509	0.24930342120171353	29	96	209836	NGQKBZVVKVAIIG
510	0.3975047032034522	9	96	247338	AZBZYJLLVPEDIK
511	0.37895544064556475	70	96	249693	IFZOCIXLXYPOSF
512	0.3176772458162042	49	96	258400	TYHKFWFVACFWKK
513	0.2961760092434556	67	96	285038	DBHVIZGJTLWNTC
514	0.33155596384757346	46	97	22919	IZJCLXWPUMBGDF
515	0.5641462620792445	25	97	67707	XINWPYFTRKJZAE
516	0.3256516201381548	42	97	74695	ADXZABVIVQZJGT
517	0.4503196789697893	14	97	97744	QVPREBHRCCEOMO
518	0.3745715633153455	36	97	110566	OPWWWRSNMOKTDE
519	0.4862734819504235	35	97	120321	BQKULDKJGYXIKE
520	0.505674044737047	23	97	129238	MKVKNQHYFLINOW
521	0.25875276478238735	31	97	153792	FSNNREMSQMHLCA
522	0.40437989459255824	12	97	214323	MXXNSWNIFAQCJV
523	0.3910889716173765	10	97	254078	UYCTWNLAFGDBDF
524	0.3803063839359794	9	97	259713	RQBRFYQTEDRMAQ
525	0.4797336774191386	33	97	279651	ZJAPYOYBZAXDLK
526	0.45834264076830106	62	98	12673	GIIZXIOPWPQLLJ
527	0.22475502587971058	47	98	29346	GFSFGXWHLLUVRK
528	0.2441789915491751	41	98	88948	LVGJWKBTZDPIMK
529	0.40339347622602256	64	98	93392	OZMRSUOXUTZPNR
530	0.4682631124923009	67	98	131526	SJUZAQZEDDCWNC
531	0.5208084937843929	65	98	151084	CEONHUOPPCKWAP
532	0.3062708292074405	63	98	169986	QYFDCLLLDJSPJX
533	0.3404698682552579	67	98	179192	LOZHNFUOGWIFKW
534	0.22730699773608903	24	98	187763	XOWGCGQWYJZFAT
535	0.2169647055633515	45	98	192694	YQFJJDSGBAAUPW
536	0.21807871917864124	20	98	204317	GMYMXBPMBUGRPG
537	0.3096334713605827	54	98	206769	LELVHAQTWXTCLY
538	0.43904978971302944	68	98	214796	RDWBIAZAAVLQEC
539	0.3587318706339276	46	98	227465	UUFOMZNZQYHUJH
540	0.5063764271310992	75	99	26081	BDUIIOHQSYPXRT
541	0.22261663971062765	10	99	64081	WKGQSEFBQTWRPT
542	0.274905699827441	15	99	64907	HCOLPNRPCMFHOH
543	0.43764224140024593	56	99	72220	FFRMROQLCVKCCL
544	0.4229350732313564	19	99	73256	NLDRTHCIVHPBQA
545	0.4786703298750856	73	99	94054	WXKUCYURHHVYJH
546	0.36491909288136926	48	99	107305	MICLDTZEBPLQFX
547	0.2721424986123576	14	99	128845	CXPILBRHOMENFB
548	0.5460632857682564	81	99	143027	GKTIDXNWGMJWNG
549	0.25038526687971113	19	99	183738	SZXDNGVQRDTJSD
550	0.3000651286607299	21	99	207889	UZBYKWBWNFECAL
551	0.5709383754678389	71	99	212094	IBZYPBGPOGJMBF
552	0.3157870564478715	36	99	239483	VOZGUTOOTJYSLX
553	0.20828846667583342	29	99	248363	RQTCBECAUUINSD
554	0.4781764859885792	72	99	251816	PDSUTPANEYSWCB
555	0.2025304867504316	17	99	263027	LWJJYAYQOTXATC
556	0.5177508145212267	74	99	263878	SFLJQCLAPBTFNR
557	0.23328218813124696	9	99	277081	SHUNBVWMKSXXOM
558	0.2644914912212513	11	99	287369	ZHMNKOPAHVBXQW
559	0.31613489217137136	46	100	14489	SQWBEAPIEXCZOT
560	0.29027819046960873	53	100	68561	NVCDYIVRRNILOL
561	0.3062531141936397	49	100	114684	CAUQHAIJBWAQIL
562	0.3252194814277781	55	100	164906	RLBAFDJXAXIJCH
563	0.250616845451115	42	100	215811	CELZEZYUAVUZRU
564	0.45598865246693376	67	100	236014	FIGNHNKYVQYJHG
565	0.4137144354158602	39	101	144576	OPRYWCSVGFCHJA
566	0.44806913632493384	45	101	263890	VYEFYAVFLNSXSK
567	0.23334562842278128	47	103	1124	PRALTWWUFVAKLH
568	0.2050131198520831	47	103	65514	JMFIGACKFZTNPF
569	0.25551026480341343	48	103	94978	CMHLWFDIUYEHTJ
570	0.2454630168298162	46	103	114834	YBRVYOIXKVKQGF
571	0.22749770112115228	50	103	247854	BCADRHSLOIIDGF
572	0.2261996475997558	52	103	269407	QBJZCPGUZSTYAG
573	0.2453788959507913	35	105	250589	GAUYOQVQPYBTPO
574	0.41271836651534416	9	106	37190	XPJRQAIZZQMSCM
575	0.554287907205278	28	109	7984	KAWRKGALKKPRLD
576	0.5687075803246646	27	109	87258	SIKKFRQMYQIOOZ
577	0.5814478857632431	28	109	109030	BIPQPWIEWLBJOR
578	0.5567300397438779	28	109	181341	XHPZRQBHFOVLEJ
579	0.5927118638377535	27	112	178757	BPFFRGBDZVPQDY
580	0.255922120629223	26	114	166282	YWVFNBYKFOWGPG
581	0.26142609249347815	32	116	66673	JIAAQKAOFZRDCM
582	0.4557616038248539	45	116	90651	YORFARYZVMMOCP
583	0.4327850711241346	42	116	221873	JZDUBTRQFFMDRN
584	0.45570156249866756	36	122	31640	ZSFBNUBMKXAEFD
585	0.34510687526897427	21	122	33783	ZYQJGZAVMHNFNY
586	0.6270491173080491	36	122	263542	YIMYIHLJRZROLC
587	0.24218485328010492	12	122	281237	RHGLPNYASVWIET
588	0.561989745051614	16	123	180297	AYXYPKUFHZROOJ
589	0.24226904352254647	15	123	181291	JEYBTEGKLABASW
590	0.3266714611052013	16	123	233817	AKVBCGQVQXPRLD
591	0.265769748897203	17	123	239808	FYHHDJRMDOBZJF
592	0.32290213901750864	10	123	265087	CDLVFVFTRQPQFU
593	0.5391566406011639	18	123	267584	UQXNEWQGGVUVQA
594	0.22703607226948677	8	123	273983	REWYJJRDEOKNBQ
595	0.22213207728350914	11	123	283556	APNZXFAZHQHILW
596	0.4785754619694925	17	123	288473	HDIIAKZNFLPDPT
597	0.20865990662845044	41	125	72360	JPEINUQOKMQTFW
598	0.29882183255781286	48	125	175029	BQWSUUJHQTYCKC
599	0.22824101900795035	47	125	185973	JSKFFGMODSNXFS
600	0.24452037897023468	52	125	191572	LONLQDSFYHKHFL
601	0.21340453146948193	53	125	256705	PFFMBWINVNBVJD
602	0.4409772755515209	62	129	26081	BDUIIOHQSYPXRT
603	0.28931538042028077	11	129	64907	HCOLPNRPCMFHOH
604	0.3187605830904533	45	129	72220	FFRMROQLCVKCCL
605	0.4793982277887226	18	129	73256	NLDRTHCIVHPBQA
606	0.4561755926341106	55	129	94054	WXKUCYURHHVYJH
607	0.355647180087351	46	129	107305	MICLDTZEBPLQFX
608	0.3269828584210314	13	129	128845	CXPILBRHOMENFB
609	0.4636510897807008	65	129	143027	GKTIDXNWGMJWNG
610	0.2915882029601047	15	129	183738	SZXDNGVQRDTJSD
611	0.30884323872013486	17	129	207889	UZBYKWBWNFECAL
612	0.5056555627543314	58	129	212094	IBZYPBGPOGJMBF
613	0.344153414895705	26	129	239483	VOZGUTOOTJYSLX
614	0.24415633533746595	23	129	248363	RQTCBECAUUINSD
615	0.4348921272985906	58	129	251816	PDSUTPANEYSWCB
616	0.20226307509442068	12	129	263027	LWJJYAYQOTXATC
617	0.36616994067362824	55	129	263878	SFLJQCLAPBTFNR
618	0.5514938934136625	20	132	2547	YPHGCKOZJCGDTF
619	0.4524359705689242	17	132	10324	JYOVNNBTWWYRGU
620	0.6984129508818265	20	132	17718	BXRHTYIYAZHIHF
621	0.4209106926742009	20	132	38119	DVVATNQISMINCX
622	0.7952263372804446	19	132	54408	HOKFXXZNPUNXQI
623	0.6502922220630912	19	132	63370	SLJFKNONPLNAPF
624	0.5153665079486636	15	132	72629	QYLFHLNFIHBCPR
625	0.6152777860003922	16	132	85769	FQPWZNFAKNQLON
626	0.4837280190278079	17	132	92471	WDIFTBWPYIVZNY
627	0.4282817056937685	17	132	93361	LWRKMRFJEUFXIB
628	0.6645518844079712	20	132	98017	PCPJXSJZQTYXTL
629	0.5825999984015499	16	132	106890	LTYLUDGDHUEBGX
630	0.6409669917131825	14	132	118503	AVXVDNJFGZNVAB
631	0.457707181337317	19	132	130229	LBHNHQDSGSTDCL
632	0.49998581249079715	16	132	134077	SEHHTJURFQTXSZ
633	0.5437506592206174	15	132	142244	BDINBSUUIUWFNH
634	0.6027934084994422	16	132	142342	NOQKKFBBAODEHN
635	0.4189370577987002	16	132	147683	PCNMALATRPXTKX
636	0.3408822933614524	18	132	149699	HXKVDJIESURQMK
637	0.5420233616305108	17	132	154665	HDURLXYBKGWETC
638	0.45568318886053594	20	132	172697	CBXNRMOWVZUZQA
639	0.4101846278471414	20	132	193905	NWZIYQNUCXUJJJ
640	0.416881033549035	17	132	197713	VWYBQOFZVSNDAW
641	0.6389312068647849	19	132	249248	HNZWNWPTJZTRTK
642	0.6564719171241267	20	132	253558	XADBPCVQACZOEL
643	0.4992344392795476	13	132	257263	KSKXSFZGARKWOW
644	0.4690453424069188	17	132	261693	GUUFTBQLGJOXEM
645	0.4439120518451835	18	132	274574	JLRXGFYYIORWGF
646	0.3674977646374363	16	132	276471	KSZZNVMRUFCPQA
647	0.7115491404873653	20	132	280519	LPBXNOSWWUFYQN
648	0.45264352953012865	10	133	134171	SVJAUSAOZOLUJQ
649	0.2899170009564943	17	133	142659	XWYDITRQXWMULZ
650	0.4379381444838226	12	133	219225	CSKRFYUNLAVIQP
651	0.5368374984483706	16	133	270195	SOEACRLLVZHBKW
652	0.24002771537711143	21	134	149597	FMXMGMPOZHXTSH
653	0.46334301214331	14	134	264707	DXHNHQIKLTZOQX
654	0.45274809673947347	15	135	2199	CNKPCFYYRDBGDX
655	0.30246702218351823	24	135	3837	ZARKFWPNFBXGGM
656	0.29634282636823817	17	135	6689	SBGBCGADKZIDIW
657	0.22395366149219784	9	135	19627	JKKXAUZJANMQHE
658	0.5359021587145235	7	135	43082	GMKKCPOMBXUTIO
659	0.43951618591137137	14	135	45562	WSSLDBVWUSSAGE
660	0.3821134724399562	19	135	54086	KYUGGMGPBJMTDQ
661	0.40989821617082706	13	135	56423	UOUNAWWCBHCAFG
662	0.3751615831879667	16	135	115489	JRHYHNVSJWCMQQ
663	0.45713649961029035	14	135	142330	DVQVXTPSJBCBJI
664	0.47178830353580375	22	135	165347	CMEASCHYTXEXMS
665	0.2576537700656976	17	135	172270	GCAMBACYWCGZAG
666	0.25804971508100316	10	135	182698	OGEUVWJPDIDHBN
667	0.2328624110895476	14	135	194720	WJJGAKCAAJOICV
668	0.24262187214525355	16	135	195180	DWWMCXPQPHBKPA
669	0.4598258521115557	11	135	206471	FBNGPXXWIZPFHE
670	0.4652616659156649	16	135	235019	ASEQCGRSDZOESL
671	0.391844221104913	24	135	258418	KRSCNLMCJRYTNP
672	0.4269640221490853	19	135	265566	DJEJYLAHOFKPHI
673	0.20446636799779144	11	136	39129	RGIBXDHONMXTLI
674	0.5770063650210099	11	136	39624	SMUVABOERCFKRW
675	0.328450992228329	11	136	50638	UMFCIIBZHQXRCJ
676	0.2635854991219006	11	136	57723	LDQSHVHRBJJNDT
677	0.2557941466829412	11	136	76887	PEHSSTUGJUBZBI
678	0.20094849773781573	10	136	80006	QIRNGVVZBINFMX
679	0.4991248688314531	9	136	82231	NBEFMISJJNGCIZ
680	0.22792811796779203	9	136	117280	TWWWGBSUPNNTMJ
681	0.37335174377170177	11	136	133437	GISVICWQYMUPJF
682	0.5313055523231774	10	136	163766	NTWBHJYRDKBGBR
683	0.20527172386290668	10	136	178436	YGCZTXZTJXYWCO
684	0.4446120871465493	10	136	192168	QNGNSVIICDLXHT
685	0.22027787641822894	10	136	207793	UAJRSHJHFRVGMG
686	0.24709145590355822	11	136	218924	MCBGBITUMUAJMT
687	0.3603665949093497	10	136	238492	IQVAERDLDAZARL
688	0.5369388632155947	10	136	256035	UIFVCPMLQXKEEU
689	0.44164233253840857	11	136	264902	LLYXUFQXCNIGDG
690	0.34173563785322814	36	137	19912	QZTNFEXLVDIXEF
691	0.32386080622685887	33	137	153206	HLJOKJJUFIWVNY
692	0.3214830848663733	36	137	264844	YYQIRWWPYUTBAO
693	0.24154031776470905	34	137	286123	JNKVLRPMBOJUOI
694	0.20636569919796083	7	138	100427	IVFHAENEFMWGJJ
695	0.2878764653073013	8	140	5365	CZTRVXCIONKVLQ
696	0.2999239476432115	10	140	9282	ZAWXISVPEUEYIS
697	0.21210201664763587	8	140	12189	UXHHDNSXDCUCIL
698	0.25471024607506493	7	140	13400	RGAWDQLBIFAKJG
699	0.3711264523063305	7	140	13441	UACBYKIPCIRCPF
700	0.3497170238552265	9	140	13500	DKSCTWXEALNPBF
701	0.24120556323848927	7	140	21230	ZWEPBJKMGSZZLH
702	0.2988932188198154	8	140	21512	NZYXRHCGOATSTN
703	0.4099811819889843	8	140	22744	AOXKBYWWZFUJCF
704	0.2647715023952055	14	140	30728	LFXJZRGVICKOLP
705	0.299343412564376	9	140	37743	QYWSZOOLUDRQIO
706	0.2583523403771866	10	140	41690	IJQHPPUNNDWTDR
707	0.47039064887603355	7	140	49802	RBWZLRHPBFGBPU
708	0.3363289490061023	15	140	55317	FWEBRAAMSRRJAN
709	0.2484685643006149	7	140	57484	YIJSZIALVFNTAY
710	0.3736276417767853	8	140	60279	SNOBAAJBUYVOEZ
711	0.3211973134975828	8	140	63429	LRZPVTZOUNOLKP
712	0.32662664052941476	9	140	70106	UWEKAHSYUOIHNM
713	0.2954097226425167	9	140	74617	WPEUAPAFZISHMD
714	0.28193168016515985	9	140	99841	RBODQVXLEBJNMS
715	0.35403343447024416	10	140	100588	PBGYVPAZHTZLIP
716	0.29501841518672806	9	140	101594	SVTIWLDGHGBOSB
717	0.2548387238101052	12	140	113369	LFVIFYAUZBCUOY
718	0.2570362692685451	7	140	117865	QYSKOSVORTYOIS
719	0.31997615172542254	10	140	118749	AADVXNOKRRUFBA
720	0.22208464608859618	9	140	123312	SENGGJLGUFGNIH
721	0.3025295807333529	8	140	126545	WALOFELUZXOXIJ
722	0.22483953651794225	9	140	130050	PAANITGZTRVMCE
723	0.22321901092947385	7	140	144220	AGTCIKORDKETSP
724	0.31159028251769083	11	140	152772	NFZRXQHLYHVCAL
725	0.3529124746627696	7	140	155502	SRNFODIJXVPXHO
726	0.21862669157928535	9	140	157475	NNEZLPPEACJAOK
727	0.3442306480279812	9	140	161529	OYPDIQGEJXZZML
728	0.36142557754459786	8	140	163071	ZCQUVVZAHUULFP
729	0.2794943720257197	9	140	166861	DKJLWCRFENLLLF
730	0.3026210629786354	8	140	173586	SSVXLIRLGPMWSL
731	0.2902446852437186	9	140	174028	WGKZFTOMUSZDQU
732	0.28081784704909	9	140	180568	CZWWFFQRDUGZLF
733	0.437037916526528	9	140	186496	YPMWOUGODTXJSE
734	0.20959741026947543	8	140	191804	SRUILBLGVMJFPG
735	0.3141056855043561	7	140	212799	HSTVCJDEHBJDRO
736	0.32180238907891834	7	140	229164	HGLIRYGZARYWNI
737	0.2411824377310995	9	140	231156	URBXHVVDOHWRGG
738	0.22133666814994063	8	140	235829	NOJCJDSWLUPBPG
739	0.3391726370324023	11	140	235924	VNWCNJGGBYIPDH
740	0.30405586514110344	8	140	237097	JCVPEPPTTLAPIR
741	0.3553779187894519	8	140	249521	DYJDPNXKUMPXEJ
742	0.28443821536178754	11	140	249757	WVNUZJWYHQVLFF
743	0.23296656786739967	8	140	250169	YCDOWAPNMIAIKV
744	0.3114590869758634	10	140	253536	QSFJVCDVSIBMCG
745	0.2781200054658868	10	140	255640	KKTFAEZMKGRVIA
746	0.2350559908185473	8	140	259687	TXBJKZMSZAKYDL
747	0.26587256875962784	7	140	280649	FFNJJDOZGFQMOU
748	0.31879971871719837	37	142	65466	XFRPVRMSBQARMO
749	0.3347617019126944	37	142	114824	OGXXAPGMUAAQBA
750	0.21876925449393217	29	142	157637	XJNTUILYJUCJHR
751	0.29715463784825674	36	142	172600	USWXONDRQANYOY
752	0.24001757322463646	29	142	282205	FYWALSJPIPIPGW
753	0.30937612266228526	22	143	15846	UFJICWBLJCYNIK
754	0.6374649916008955	23	143	25809	RFLOWTCRLWEZFB
755	0.31628701026267836	18	143	27288	PWXCLVASQNMYJV
756	0.20702013181735707	23	143	64444	YBQHMMDMTXCKCE
757	0.34256526235390866	20	143	133755	GCSUVJPMEZMOIC
758	0.30619941286962316	10	143	142677	FRLKVIXBUZDQBP
759	0.3525458018705978	15	143	177821	MPUVBVXDFRDIPT
760	0.2247662834659465	17	143	181474	OJGYMABOCUEUFF
761	0.2844775790398807	19	143	183292	PRPCIKOXPKFFLL
762	0.3561276473713998	23	143	268004	VQAMJDZPHVOGBL
763	0.2059331654433328	11	143	285475	PWYVGBXGOHIGEA
764	0.40176962745115574	14	144	1017	OHBQPCCCRFSCAX
765	0.2878960287470891	21	144	10292	ABFCOJLLBHXNOU
766	0.4311130261204924	18	144	30757	SGWZVZZVXOJRAQ
767	0.5275426262996257	17	144	31892	FPBHDEJPPIKJMR
768	0.47333671901426033	20	144	44416	HFLGBNBLMBSXEM
769	0.5617335990404466	20	144	46855	NOTCZLKDULMKBR
770	0.22243377003452644	21	144	83598	BNMOYKYFKJGWPG
771	0.22393370964403128	18	144	89382	PWMWNFMRSKOCEY
772	0.45405876067605655	15	144	90345	DPZNOMCNRMUKPS
773	0.4729163971733743	19	144	99006	PETRWTHZSKVLRE
774	0.41123882158891073	20	144	107430	DIYWMJFAVIYCGH
775	0.2997701939629104	16	144	116177	LKVFCSWBKOVHAH
776	0.3527092578353622	19	144	124914	CMDMLKOYBMVUPY
777	0.4915137512576875	19	144	132812	PKDVWOVKDPEBQF
778	0.5480766220398972	19	144	154865	GHVHDYYKJYXFGU
779	0.27404521449588903	19	144	155035	COJRWHSKVYUZHQ
780	0.48636069563168854	21	144	157224	RYHGQTREHREIBC
781	0.6128223108698155	19	144	161819	VJIDDJAKLVOBSE
782	0.3693570201126354	20	144	164332	MSHFRERJPWKJFX
783	0.3045038665617519	19	144	164902	WYLYBQSHRJMURN
784	0.3894330752587074	19	144	174612	WBHAUHHMPXBZCQ
785	0.3913301268768498	20	144	192241	IFNDEOYXGHGERA
786	0.6609758105837278	19	144	202854	BXJGUBZTZWCMEX
787	0.46243870773008344	19	144	203410	ONGVEHLNILCIKL
788	0.5764894341444421	19	144	219416	VGMJYYDKPUPTID
789	0.22451289625208	17	144	234221	IAAPVNQZSBLWKH
790	0.2662821379038196	20	144	238320	YCCILVSKPBXVIP
791	0.20139477179690835	19	144	249908	GLDGYLKTISAERO
792	0.28954014451921667	18	144	250062	PMRFBLQVGJNGLU
793	0.3706631775596424	13	144	250399	ABDKAPXRBAPSQN
794	0.43542924700582875	21	144	255697	DTIBIZYEDVCLKY
795	0.42329476152739975	21	144	261113	KUOMSAOBPORCBU
796	0.5289816640560224	21	144	273626	UUCQGNWZASKXNN
797	0.5529849563161816	19	144	288103	RCNCKKACINZDOI
798	0.3143367768257118	11	145	90348	UJHXGTGSNRGSIJ
799	0.2777893503456563	10	145	110734	NGWMXODAPSOEMX
800	0.24091957316605098	10	145	114393	STFSMGASTIYWRS
801	0.3211682637670972	13	145	141826	FXUAIOOAOAVCGD
802	0.20934944320797744	11	145	163729	IDSPCUWITUCFDD
803	0.24398214489749348	8	145	181409	CTNHKDHQKRJTIU
804	0.20052463056520586	16	145	223092	QIXITOKKSWXPKQ
805	0.32898527372526154	10	145	250809	HRBZHPMMNALVKR
806	0.22618991320261714	13	145	279130	JDTWZSUNGHMMJM
807	0.49398432371846224	18	147	42018	YUUMXTFVBPJZIE
808	0.38085388017805255	22	147	48970	OYNQJYMNTOQJBW
809	0.31011834504950386	15	147	60955	VWEGEMRHPZIWJA
810	0.29830525054738205	18	147	63495	WFHZALWPYAQHAD
811	0.6343574759900229	27	147	89413	ARCUSYSGOZJOHA
812	0.2927006601378821	21	147	96857	AXDLCFOOGCNDST
813	0.581689094728765	9	147	100389	PCLNKAGIQVXJDP
814	0.23664959935095034	10	147	113734	BGTLUWDNDKPAID
815	0.4247030242161474	19	147	115172	VUNPIAMEJXBAFP
816	0.4438023802491262	26	147	121153	RSTFQENCSTWRGD
817	0.2564267302046736	26	147	142571	JQVQIZWJBLGVRW
818	0.3896411503467919	20	147	148149	XDTYFVALIAILOT
819	0.3295484935459839	15	147	152904	JPQOSMXPPUCWDZ
820	0.4639211118110854	24	147	173127	MQHLULPKDLJASZ
821	0.36605596948004154	14	147	175035	PHOUKBDDOYWEMY
822	0.42594218487324564	24	147	188918	OGLFMTLLZNGZPP
823	0.34284753636304766	12	147	193345	KYIFKTLQOTZUGR
824	0.4281235935098083	25	147	218558	LOOZZTFGSTZNRX
825	0.5077748264069408	18	147	228692	ARHYVVCXBZZNIF
826	0.40296284727514325	26	147	228745	CFKLWJUBRWYILD
827	0.48747625942037814	28	147	251368	OXNUZCWFCJRJSU
828	0.360186448509135	16	147	255125	LDSJMFGYNFIFRK
829	0.4681361914175287	15	147	260498	WJKTWCQUWWUWJC
830	0.3861846294475435	24	147	266913	GEYBMYRBIABFTA
831	0.32679874389497665	22	147	267059	DWZPUCMQGVGLIP
832	0.3326992856985293	14	147	289282	ZRWJIZYZTLTXJI
833	0.4025760947506349	15	150	8348	BKMZEBCQEFQERC
834	0.3900708323668515	16	150	9807	ZWBUMNLEWHYPRH
835	0.39518501630369285	16	150	10222	SUACBSWYGWBPFC
836	0.2670766956481708	15	150	15297	WUQNKGXARHUEER
837	0.3911798446821877	15	150	29510	WJGXHQGSFRJRJR
838	0.39047184262627116	16	150	29782	WQYONUAQJUQROT
839	0.40250407679588474	15	150	37359	STHWQCYHQJBDDB
840	0.3927844970494181	16	150	46220	JEEMMQUVRFTVSG
841	0.3929463189453959	16	150	51322	ARDJUHDXABDVFH
842	0.3938527598011394	16	150	53692	SMIXWIPQRZURJV
843	0.3938146116367492	16	150	60441	ZEKZKKJDGPLPNX
844	0.3952351939018951	16	150	82371	SKQBFCOATFWTGJ
845	0.3946582455288015	15	150	98655	JKDOKILDEIEPFZ
846	0.40004261448978495	15	150	102812	XJISBSFDFOVVHI
847	0.39571652278778346	16	150	104585	JZIYIXOCSAGFBB
848	0.39379701433574255	16	150	105172	SWOKEJBWARJLGN
849	0.3934598832767545	15	150	144361	ZLBHNVZLAFHAEP
850	0.40066802340543395	16	150	164060	BHFJAGXKWFRMSK
851	0.4030228166081165	16	150	185657	YLWBKBDNHWQEFU
852	0.39409768334750284	16	150	200626	ZMNDHWFRGYCJKG
853	0.3954348106605619	16	150	205842	DCJXJVWGBOCAHZ
854	0.39760184484039796	16	150	209008	ZAYXPDDGEIJGGW
855	0.39217527915202	15	150	219069	YDPVXGLBOPTMBY
856	0.39383160430488756	16	150	243258	WTLVSDIWQGLEAN
857	0.40039276175438293	16	150	267632	PJAVLQZDHFXHPI
858	0.3964464988306906	15	150	271622	AKLWUKOTFBFPBC
859	0.4009949792836429	15	150	277351	MWXAIAMSOXOQJK
860	0.21066325074780878	13	154	136739	SHZGCJCMOBCMKK
861	0.21913848359269564	12	157	39129	RGIBXDHONMXTLI
862	0.5897823458709883	12	157	39624	SMUVABOERCFKRW
863	0.3423051520388756	12	157	50638	UMFCIIBZHQXRCJ
864	0.2802432903048659	12	157	57723	LDQSHVHRBJJNDT
865	0.27108901504069516	12	157	76887	PEHSSTUGJUBZBI
866	0.21266938145485995	11	157	80006	QIRNGVVZBINFMX
867	0.5088947346256321	10	157	82231	NBEFMISJJNGCIZ
868	0.24617305770775522	10	157	117280	TWWWGBSUPNNTMJ
869	0.38814957558061125	12	157	133437	GISVICWQYMUPJF
870	0.5444509499160294	11	157	163766	NTWBHJYRDKBGBR
871	0.21759063138311854	11	157	178436	YGCZTXZTJXYWCO
872	0.4549492336830854	11	157	192168	QNGNSVIICDLXHT
873	0.22656850022457728	11	157	207793	UAJRSHJHFRVGMG
874	0.2556598598561644	12	157	218924	MCBGBITUMUAJMT
875	0.37338381477050314	11	157	238492	IQVAERDLDAZARL
876	0.5491693233979582	11	157	256035	UIFVCPMLQXKEEU
877	0.455723329443767	12	157	264902	LLYXUFQXCNIGDG
878	0.8875954080196244	7	161	11779	GMCZAOACLPIWHN
879	0.874591825486159	7	161	26782	GEBIVJZAMTZGNL
880	0.8872483860923036	7	161	125986	SNKAWJBJQDLSFF
881	0.8950435326698206	7	161	139867	CGXBWJDAGMQUFG
882	0.8858955883652998	7	161	152767	KLJBLQFSKZACGJ
883	0.8883228997436384	7	161	159056	NZMJAZKGUFCMTN
884	0.8767880841016988	7	161	175711	ZRTZULWIAWDUBY
885	0.8980429099461823	7	161	199332	CYQUGAJGPGKDFF
886	0.8820314209362808	7	161	252959	BRAPXNOAYHMWEX
887	0.8833468938071815	7	161	255759	XUCDYRWWRZBNCQ
888	0.8908605110320466	7	161	256289	DTPHOVXVLBUQRC
889	0.8778451171515201	7	161	258177	FORFDCPQKJHEBF
890	0.8762691390894025	7	161	264373	POKOLAWNECNRHW
891	0.8783451218369758	7	161	266688	DZPKSVTWWIZUMS
892	0.8841493757314491	7	161	270142	FOECFSINPHCSNE
893	0.874421793873634	7	161	271395	JCABAGPMEUGRDK
894	0.885909940856836	7	161	279039	RPEHVLWFOYUNMD
895	0.8908837431033552	7	161	289233	PNNRCVLUZNDRRG
896	0.4947366017544501	7	162	47321	WXCQAWGXWVRCGP
897	0.22352830197524154	9	162	70023	CFBATFJDJMUSRC
898	0.44683802018923285	31	169	12499	XEGBNEXEMZYIDP
899	0.6444759260781253	30	169	19464	VPPFFEUDOLPGFB
900	0.4510069485831361	29	169	40368	LKIXPFWTPURWGW
901	0.6485443457784962	29	169	46240	FDBAKEKHEMZAPT
902	0.6475672422780243	29	169	54631	ZRCWDIULNHKQRD
903	0.6549305043249947	30	169	100433	JUVGBPLHSDPAMK
904	0.6397753888039921	31	169	137494	FMLFVZOURBVUJL
905	0.6541223675691025	30	169	166005	IRYMXEVDAKMFIF
906	0.644814232385796	28	169	193914	IPVXFAFRWUVOLG
907	0.6346302362751572	29	169	204404	OLUKQTJCNPHKRC
908	0.6574664336751497	29	169	256519	FWMYJLDHIVCJCT
909	0.6497887320675633	29	169	262944	JFWZYNWHJJSDAY
910	0.663545838625688	30	169	274098	JLPULHDHAOZNQI
911	0.6520296346766173	30	169	278137	QJZAWHQVXYMEQR
912	0.4656337942202614	30	169	280956	ZPEIQUBUKPWTCI
913	0.4307011042739835	30	169	282706	LPXFOQGBESUDAX
914	0.8775608580031754	19	170	20586	MJWAVUYQCBFFHQ
915	0.8694971238591962	19	170	52767	LNGBVAOHJZCRIL
916	0.8708032622756061	19	170	59355	XSSUJRSOHXBICQ
917	0.8769472933068576	19	170	98546	ZSKWZJYUVZYDQU
918	0.9260500736134506	10	174	23675	HUTFJQFEXOTHFG
919	0.91250732867991	10	174	77894	LJUDFFWSOQEQKW
920	0.9139445651304288	10	174	98452	RRVPPYNAZJRZFR
921	0.9170349079607973	10	174	117606	WSBNPWBHAOQZJF
922	0.910369672708454	10	174	125473	QRSPNOMDLRZDPG
923	0.9113369135091661	10	174	138271	WTJKGGKOPKCXLL
924	0.9257634393496069	10	174	139055	SJLGFZBXPQKJIH
925	0.907886813331437	10	174	177222	WPAONTMCEBPEAF
926	0.9131915019969277	10	174	213673	DMEBDXIQFIKNQR
927	0.9051128790067315	10	174	214190	AEPVLLKGEBHLEJ
928	0.5532878369801973	25	176	262972	QPHICNLPZQPLCU
929	0.2458705480422165	22	183	206962	ZJYIKAVJNMZNKY
930	0.34970691550452543	26	188	21619	YNYAYWLBAHXHLL
931	0.27458598526535644	28	188	93751	CTQGIHCMVFOVGM
932	0.2136430387956022	28	188	181444	UDRDPXWHYDODIC
933	0.24384231907407944	25	188	199837	VAXRELHTGBYXIA
934	0.21080627608186453	15	189	133755	GCSUVJPMEZMOIC
935	0.3746429400154215	14	190	264707	DXHNHQIKLTZOQX
936	0.394532873743436	16	191	1017	OHBQPCCCRFSCAX
937	0.38171977253649403	23	191	10292	ABFCOJLLBHXNOU
938	0.4305798355266293	20	191	30757	SGWZVZZVXOJRAQ
939	0.5485807226897426	19	191	31892	FPBHDEJPPIKJMR
940	0.5260721577346433	23	191	44416	HFLGBNBLMBSXEM
941	0.5001661669355174	21	191	46855	NOTCZLKDULMKBR
942	0.26295141561410157	24	191	83598	BNMOYKYFKJGWPG
943	0.29745984376879164	20	191	89382	PWMWNFMRSKOCEY
944	0.42104866013191716	17	191	90345	DPZNOMCNRMUKPS
945	0.48940312817628817	22	191	99006	PETRWTHZSKVLRE
946	0.4398757043229927	22	191	107430	DIYWMJFAVIYCGH
947	0.21091164909000862	12	191	110923	KBSVBCHYXYXDAG
948	0.3661754893595242	18	191	116177	LKVFCSWBKOVHAH
949	0.46710924361954015	22	191	124914	CMDMLKOYBMVUPY
950	0.49890407037046214	21	191	132812	PKDVWOVKDPEBQF
951	0.5429254004937698	21	191	154865	GHVHDYYKJYXFGU
952	0.35882337207013504	21	191	155035	COJRWHSKVYUZHQ
953	0.45384039623572503	24	191	157224	RYHGQTREHREIBC
954	0.5392092006849617	21	191	161819	VJIDDJAKLVOBSE
955	0.39552624372535994	22	191	164332	MSHFRERJPWKJFX
956	0.32674845874362574	21	191	164902	WYLYBQSHRJMURN
957	0.20669027501945744	20	191	174524	AHXXIALEMINDAW
958	0.4204713234573657	22	191	174612	WBHAUHHMPXBZCQ
959	0.43532230965747504	23	191	192241	IFNDEOYXGHGERA
960	0.580667180366371	21	191	202854	BXJGUBZTZWCMEX
961	0.4379189738989495	21	191	203410	ONGVEHLNILCIKL
962	0.6318468699263442	22	191	219416	VGMJYYDKPUPTID
963	0.20788725807752287	19	191	224501	VBIKLMJHBGFTPV
964	0.30883942564161493	19	191	234221	IAAPVNQZSBLWKH
965	0.36857336752741343	22	191	238320	YCCILVSKPBXVIP
966	0.2210371290761649	21	191	249908	GLDGYLKTISAERO
967	0.40804678865599414	20	191	250062	PMRFBLQVGJNGLU
968	0.34780160031113827	15	191	250399	ABDKAPXRBAPSQN
969	0.5244902505639276	22	191	255697	DTIBIZYEDVCLKY
970	0.28938028056929094	16	191	257290	QCDWFXQBSFUVSP
971	0.47340275631502116	23	191	261113	KUOMSAOBPORCBU
972	0.26777682349284143	20	191	271860	XVFFSHOUXDIMLE
973	0.5027006075544606	24	191	273626	UUCQGNWZASKXNN
974	0.569045942207029	22	191	288103	RCNCKKACINZDOI
975	0.5860640400422013	7	192	42018	YUUMXTFVBPJZIE
976	0.42706498377010954	10	192	48970	OYNQJYMNTOQJBW
977	0.3448342362722217	7	192	63495	WFHZALWPYAQHAD
978	0.67048983052432	12	192	89413	ARCUSYSGOZJOHA
979	0.23321651517478956	10	192	96857	AXDLCFOOGCNDST
980	0.27321926814646175	7	192	113734	BGTLUWDNDKPAID
981	0.3593411363538655	8	192	115172	VUNPIAMEJXBAFP
982	0.3215852607238334	13	192	121153	RSTFQENCSTWRGD
983	0.4552453550761981	9	192	148149	XDTYFVALIAILOT
984	0.39153373661776886	8	192	152904	JPQOSMXPPUCWDZ
985	0.39088073784767735	12	192	173127	MQHLULPKDLJASZ
986	0.3342699591324063	12	192	188918	OGLFMTLLZNGZPP
987	0.4115634827849737	7	192	193345	KYIFKTLQOTZUGR
988	0.3683925883750055	13	192	218558	LOOZZTFGSTZNRX
989	0.46980032404003846	13	192	228745	CFKLWJUBRWYILD
990	0.41408509832896484	13	192	251368	OXNUZCWFCJRJSU
991	0.32017105103092147	9	192	255125	LDSJMFGYNFIFRK
992	0.3330928548663872	12	192	266913	GEYBMYRBIABFTA
993	0.3831562292716965	10	192	267059	DWZPUCMQGVGLIP
994	0.5495880641920139	35	194	6604	WQUFOQOJRNRZNB
995	0.6177586613565653	18	194	173766	APMYDBPENKLBFT
996	0.47125990144377367	33	194	182827	GNJWFARVIURMAW
997	0.5700233206753788	36	194	198853	HZSCAIKPGSXTOF
998	0.5614104240618991	35	194	280033	PKCDBAJESFUNQJ
999	0.7896508122507618	40	194	285349	YRPQTVNCCVPGFA
1000	0.23390160524560336	42	195	7249	MKVNHBVBZJTLJG
1001	0.26810781188297034	43	195	31280	YBWQRWPZQDEHEI
1002	0.3581856161988011	9	195	39889	GINOADVIBBPBEW
1003	0.5436793161297209	54	195	74124	LIVFDZRSAKTWKS
1004	0.49801190163456494	44	195	86696	NHCONVHYGAHXRU
1005	0.4844986558282097	39	195	92860	NXOSJVNWDRQXAO
1006	0.5047468361673811	40	195	114160	INKMFMILWFCUFK
1007	0.2884361518486621	38	195	128231	YRVGMUCBUGPWMR
1008	0.31936073332667797	7	195	150728	ZSZTZZJEQFTDFX
1009	0.4515228157174541	44	195	155887	PBEPMKBBTYGDHS
1010	0.311083661019108	39	195	174329	KFIICUJUBGVCCH
1011	0.4498096068918627	43	195	179741	ROKVEJVSNACDSL
1012	0.535181137577745	43	195	182449	BBMBCHAXOBFQPC
1013	0.559368517767152	51	195	184494	VBPJOLZEHVDXMU
1014	0.30170343564691166	27	195	208355	YQMGLOAHUCEIGY
1015	0.26836856851761204	24	195	209836	NGQKBZVVKVAIIG
1016	0.38663221464236536	45	195	249693	IFZOCIXLXYPOSF
1017	0.32445124037427087	39	195	258400	TYHKFWFVACFWKK
1018	0.28865600935509245	49	195	285038	DBHVIZGJTLWNTC
1019	0.6729447054467926	25	197	731	BUOSOJFCMIYTBG
1020	0.3386947226161561	10	198	94444	QNWQYXJJIAXWKD
1021	0.46050925796969977	10	198	121318	KJXSXHGTHSJJMJ
1022	0.35088402011061487	10	198	161963	SHEYJRIILVVUIW
1023	0.5572915563922602	10	198	164046	MGKJUIWFWNJABP
1024	0.5864427819743904	10	198	220681	HSEMFIZWXHQJAE
1025	0.35116002268021207	10	198	258027	BBZHHOGHQKXCRQ
1026	0.5243489938917653	34	200	257098	GJDPGFHVEKFXEZ
1027	0.2517837516683327	24	201	11540	ULOCCNMREXITLK
1028	0.21522083102880796	18	201	13656	DCWGOMIVYTZGJD
1029	0.20296515924299435	30	201	23585	WCQMFNZZYQFFPS
1030	0.23275994567486566	29	201	27529	HVOPCHFDXAQYAR
1031	0.27603655154455564	29	201	36582	LQSRPJKNQQPZHM
1032	0.21669644896330303	27	201	63427	CWMOWQZTEGRBHX
1033	0.26757155154419315	24	201	84215	LVMASFUXMANZSS
1034	0.3246677019035599	35	201	121064	YJBDONBQDZQXCM
1035	0.24311433634522314	28	201	126732	ZPRHOFQPTQYXML
1036	0.20031371221447586	29	201	146796	LWOZDCFSMDBOSA
1037	0.24885413743560236	29	201	149175	ZIYAVSIQJMDPSW
1038	0.23782762393546478	26	201	191189	RJPAKKPAUWHBDR
1039	0.44359720249211193	33	201	232921	FHFVOPNRJSTEAZ
1040	0.20649056756228967	22	201	237937	GJNIZHUDNBTUTM
1041	0.3079415353966379	16	201	264491	BWHFZQMZPPOMMK
1042	0.38311873006568425	33	201	276035	NDFHTIDRPJBWIN
1043	0.8273839966212243	69	202	38544	SFIHQZFZMWZOJV
1044	0.42668771173620984	39	202	119610	CXUNGJFNAGVPSI
1045	0.8182914991718921	61	202	125977	QFIHQWXKTUONPL
1046	0.4377272357779778	48	202	157604	AGJAUFUNZWHLKE
1047	0.653559676645559	56	202	248624	CJPAHDXHCYFKCY
1048	0.5089562973853061	51	202	251347	OVFMKKLQLQCHKA
1049	0.25638499527664493	34	202	274742	DXBDZYJWHXTGMU
1050	0.3487765544107155	42	203	8972	XJGNXZWMUQOBJJ
1051	0.275868795024378	53	203	20235	FQXOWZSDLQTBFO
1052	0.32705041494074416	33	203	132069	NAWJHHYDDZFUPG
1053	0.4641304685699552	34	203	142777	HSFPMLIZJAVYHM
1054	0.4920656794275127	18	203	145766	QQZOGIKRDRFDSY
1055	0.39147019304204456	56	203	149373	OBNIDIWJYWROBE
1056	0.3913809461628124	54	203	186630	FUSIHPXPVQSRQH
1057	0.467798030275812	33	203	195775	KQXKVJAGOJTNJS
1058	0.3728146657257122	46	203	244723	YLQYCJRZGMOQIA
1059	0.37613131488309065	54	203	245418	GXRQZKLWHNBLTO
1060	0.4664463512522285	35	203	284438	VICBRJCQEHYYSJ
1061	0.32487329348384947	48	205	11673	YILPETBITVIXIX
1062	0.32706210892147886	55	205	18898	AMCKSJIHLFXIIZ
1063	0.30700915304875886	57	205	59450	MBUPMCAGGCGJDW
1064	0.5396255414305912	34	205	61204	OMYRBCZBTQDJHF
1065	0.33570277846854174	52	205	78455	BKOAXGLIGFXNIJ
1066	0.3266534822272451	57	205	185002	AGSDDWKTIRYHSX
1067	0.2602584090755761	47	205	205099	TZSCTOSDUYUBJK
1068	0.36958747450759205	45	205	243514	CFZBYEMAQOZSHS
1069	0.34067184508536763	35	207	14489	SQWBEAPIEXCZOT
1070	0.2743342801086595	38	207	68561	NVCDYIVRRNILOL
1071	0.29781904830849804	38	207	114684	CAUQHAIJBWAQIL
1072	0.31862661165765427	42	207	164906	RLBAFDJXAXIJCH
1073	0.3252887443390526	37	207	215811	CELZEZYUAVUZRU
1074	0.5062127482557328	59	207	236014	FIGNHNKYVQYJHG
1075	0.3666690337169719	8	208	125957	AGYWAEBSOUKZJQ
1076	0.22317009864395548	7	214	140236	WRFPVMFCRNYQNR
1077	0.20589457959541482	7	215	70023	CFBATFJDJMUSRC
1078	0.6510083266971753	25	218	147841	IWXJKHSPEQSQMD
1079	0.6422694776201674	25	218	171803	IABPRJCFINAMLD
1080	0.6402561243451061	24	218	190520	GPWHCUUIQMGELX
1081	0.6444366325162523	25	218	228440	ADIAWBPVWHYXNV
1082	0.36679577696076365	25	218	262972	QPHICNLPZQPLCU
1083	0.3659864392742759	15	221	8348	BKMZEBCQEFQERC
1084	0.35674645991873105	15	221	9807	ZWBUMNLEWHYPRH
1085	0.36025179824958187	16	221	10222	SUACBSWYGWBPFC
1086	0.2589683980919311	13	221	15297	WUQNKGXARHUEER
1087	0.35578148814043253	15	221	29510	WJGXHQGSFRJRJR
1088	0.3566453145449702	15	221	29782	WQYONUAQJUQROT
1089	0.3666637598473509	15	221	37359	STHWQCYHQJBDDB
1090	0.35831514099019973	16	221	46220	JEEMMQUVRFTVSG
1091	0.35851030772307974	15	221	51322	ARDJUHDXABDVFH
1092	0.35942755996296755	16	221	53692	SMIXWIPQRZURJV
1093	0.35860349072712244	16	221	60441	ZEKZKKJDGPLPNX
1094	0.3595546943249502	15	221	82371	SKQBFCOATFWTGJ
1095	0.3592422241006419	15	221	98655	JKDOKILDEIEPFZ
1096	0.3649311481745154	15	221	102812	XJISBSFDFOVVHI
1097	0.3613818371088053	16	221	104585	JZIYIXOCSAGFBB
1098	0.3596500906343977	16	221	105172	SWOKEJBWARJLGN
1099	0.35766963966650317	15	221	144361	ZLBHNVZLAFHAEP
1100	0.364778308561026	16	221	164060	BHFJAGXKWFRMSK
1101	0.3663765208616948	16	221	185657	YLWBKBDNHWQEFU
1102	0.35984407454535655	15	221	200626	ZMNDHWFRGYCJKG
1103	0.35953321176434583	15	221	205842	DCJXJVWGBOCAHZ
1104	0.36188040527055315	16	221	209008	ZAYXPDDGEIJGGW
1105	0.35786515228645344	14	221	219069	YDPVXGLBOPTMBY
1106	0.35972975653612593	16	221	243258	WTLVSDIWQGLEAN
1107	0.3639431159670085	16	221	267632	PJAVLQZDHFXHPI
1108	0.3605103121035705	15	221	271622	AKLWUKOTFBFPBC
1109	0.36498564013119544	15	221	277351	MWXAIAMSOXOQJK
1110	0.20245421366517347	23	223	54225	PNHAMZIOOQSPJI
1111	0.28225519197094373	22	223	206962	ZJYIKAVJNMZNKY
1112	0.24706008622808656	21	225	11540	ULOCCNMREXITLK
1113	0.21954919687345847	16	225	13656	DCWGOMIVYTZGJD
1114	0.2344958894490378	28	225	27529	HVOPCHFDXAQYAR
1115	0.27971049870044723	28	225	36582	LQSRPJKNQQPZHM
1116	0.21768735161997796	26	225	63427	CWMOWQZTEGRBHX
1117	0.2441509435649106	22	225	84215	LVMASFUXMANZSS
1118	0.2979105189534646	35	225	121064	YJBDONBQDZQXCM
1119	0.2364360230573849	27	225	126732	ZPRHOFQPTQYXML
1120	0.24401217003601786	27	225	149175	ZIYAVSIQJMDPSW
1121	0.2383393988055173	24	225	191189	RJPAKKPAUWHBDR
1122	0.4441632190504053	33	225	232921	FHFVOPNRJSTEAZ
1123	0.3142232702863733	14	225	264491	BWHFZQMZPPOMMK
1124	0.38579259697829865	31	225	276035	NDFHTIDRPJBWIN
1125	0.44130390609639014	23	229	19852	AHRUFYIOZLJWPI
1126	0.5761669146772427	20	229	50981	QGQUORCPVPRLCK
1127	0.5666913345666906	24	229	209489	ZLZRLBMUOXIEFI
1128	0.553772510891852	8	230	39624	SMUVABOERCFKRW
1129	0.2754155323447052	8	230	50638	UMFCIIBZHQXRCJ
1130	0.45427515558045967	8	230	82231	NBEFMISJJNGCIZ
1131	0.34684106571172	8	230	133437	GISVICWQYMUPJF
1132	0.5085478503767644	8	230	163766	NTWBHJYRDKBGBR
1133	0.4022889408431394	8	230	192168	QNGNSVIICDLXHT
1134	0.33872381334881974	8	230	238492	IQVAERDLDAZARL
1135	0.5115158066627353	8	230	256035	UIFVCPMLQXKEEU
1136	0.4002220466116588	8	230	264902	LLYXUFQXCNIGDG
1137	0.2271774602189632	13	231	136739	SHZGCJCMOBCMKK
1138	0.20615002005065305	10	231	163348	MCHWWJLLPNDHGL
1139	0.26222964193161413	7	241	76304	OERDHVYMRBEQEA
1140	0.28427950718249484	12	241	228840	JSMLDRQMULJGNG
1141	0.4018049293936468	11	243	8348	BKMZEBCQEFQERC
1142	0.39080292861523613	11	243	9807	ZWBUMNLEWHYPRH
1143	0.39523742368856823	11	243	10222	SUACBSWYGWBPFC
1144	0.254497119163969	9	243	15297	WUQNKGXARHUEER
1145	0.3907331398415554	10	243	29510	WJGXHQGSFRJRJR
1146	0.3906812885880413	11	243	29782	WQYONUAQJUQROT
1147	0.4023444501320228	11	243	37359	STHWQCYHQJBDDB
1148	0.39319140111207507	11	243	46220	JEEMMQUVRFTVSG
1149	0.39339621510532213	11	243	51322	ARDJUHDXABDVFH
1150	0.3944835552696692	11	243	53692	SMIXWIPQRZURJV
1151	0.3933283082428861	11	243	60441	ZEKZKKJDGPLPNX
1152	0.3944922584328599	11	243	82371	SKQBFCOATFWTGJ
1153	0.3944707413903101	10	243	98655	JKDOKILDEIEPFZ
1154	0.40080003095564065	11	243	102812	XJISBSFDFOVVHI
1155	0.3960369953768473	11	243	104585	JZIYIXOCSAGFBB
1156	0.3942775836313369	11	243	105172	SWOKEJBWARJLGN
1157	0.3926411249330771	10	243	144361	ZLBHNVZLAFHAEP
1158	0.4008185430404885	11	243	164060	BHFJAGXKWFRMSK
1159	0.4021632774268627	11	243	185657	YLWBKBDNHWQEFU
1160	0.3950788405683421	12	243	200626	ZMNDHWFRGYCJKG
1161	0.3947100925480712	11	243	205842	DCJXJVWGBOCAHZ
1162	0.3978331884730134	11	243	209008	ZAYXPDDGEIJGGW
1163	0.39285845071313574	10	243	219069	YDPVXGLBOPTMBY
1164	0.3945577715032058	11	243	243258	WTLVSDIWQGLEAN
1165	0.399694575932388	11	243	267632	PJAVLQZDHFXHPI
1166	0.3954380295040459	10	243	271622	AKLWUKOTFBFPBC
1167	0.4008801048663163	11	243	277351	MWXAIAMSOXOQJK
1168	0.20619021907569973	11	250	3664	BCMVQUJCEJIVOD
1169	0.35256096038883583	17	250	18902	IXJGDLQDYQZOBH
1170	0.2888798613959559	15	250	127262	JRLAQUJSYKXZFV
1171	0.23804415438943002	8	252	45706	LMGGPKYAWHDOLR
1172	0.24350680746668052	7	260	53521	TWGQGUSNEVWGCY
1173	0.28608676912921516	9	260	63267	QZNSDZBPNZUKEQ
1174	0.21529239135470177	7	260	206311	UZKQTCBAMSWPJD
1175	0.7959906125788716	12	260	272977	GHOKWGTUZJEAQD
1176	0.615420781513465	16	264	201282	VWGZHNDNCJLJRW
1177	0.3829112519740264	7	266	6827	PRJKNHOMHKJCEJ
1178	0.34673434751708043	7	266	40442	JREJQAWGQCMSIY
1179	0.32263399665149367	7	266	70623	FNHVVMJBCILJGA
1180	0.6989011142220125	7	266	109549	RWQNBRDOKXIBIV
1181	0.3753018364001833	7	266	270294	XBCXJKGHPABGSD
1182	0.4512646617892421	11	271	163725	AUCCEQQGKOGTRF
1183	0.21307472070305378	11	273	74977	KOCCENHALVMYOT
1184	0.29522790564938667	12	273	95035	FWNHXCCCLBEDMA
1185	0.20066449420262014	11	273	145163	QJVMEAZHJKXWJD
1186	0.2076333047926156	12	273	168766	WKCGCGRGKHBRNB
1187	0.23432130073667587	14	273	217039	PAKMGJNJPGKUMB
1188	0.3481460672992354	24	275	87244	KYKBHRVKONYRBO
1189	0.48416855787905566	26	275	137585	YKVODXQALKJNBA
1190	0.4246461423765699	20	275	218494	VFJJNMLPRDRTCO
1191	0.41865033372201016	25	275	268128	UGJMXCAKCUNAIE
1192	0.2260706867746615	9	277	56961	ATKIEOWZLVCTKM
1193	0.24108928890233844	10	277	141504	LLZNEPOHLDVAHJ
1194	0.20809081315972708	9	277	208461	GJQWMFNAGHAFDW
1195	0.2533875945478645	31	278	12499	XEGBNEXEMZYIDP
1196	0.2463047231232847	30	278	19464	VPPFFEUDOLPGFB
1197	0.5836874837671469	29	278	29358	LFSPSQDHDFCUKQ
1198	0.5820267828574764	29	278	38137	LDPRJWTUWCZUHN
1199	0.2514254558865973	29	278	40368	LKIXPFWTPURWGW
1200	0.25506619228469585	29	278	46240	FDBAKEKHEMZAPT
1201	0.25409708189374286	30	278	54631	ZRCWDIULNHKQRD
1202	0.5698490306398885	29	278	71996	PSXDUSVZLQZTBM
1203	0.26304075318590403	30	278	100433	JUVGBPLHSDPAMK
1204	0.23397666615890333	30	278	137494	FMLFVZOURBVUJL
1205	0.2708503963124348	29	278	166005	IRYMXEVDAKMFIF
1206	0.2503717134541508	28	278	193914	IPVXFAFRWUVOLG
1207	0.2281262515423571	28	278	204404	OLUKQTJCNPHKRC
1208	0.2737847102745673	29	278	256519	FWMYJLDHIVCJCT
1209	0.2683416064107015	29	278	262944	JFWZYNWHJJSDAY
1210	0.28529414581314166	30	278	274098	JLPULHDHAOZNQI
1211	0.2585910338698792	30	278	278137	QJZAWHQVXYMEQR
1212	0.2974462866476924	30	278	280956	ZPEIQUBUKPWTCI
1213	0.2249761867698603	30	278	282706	LPXFOQGBESUDAX
1214	0.6589551570161033	25	281	2697	MWRBNPKJOOWZPW
1215	0.6648649537309982	25	281	10752	FXSMMNUNFDTUMS
1216	0.5351506564851167	21	281	133305	VRFDKJQRKGBUFM
1217	0.55940063718179	24	281	153710	QHLJEKZKJZFFSO
1218	0.6624451371863309	26	281	182549	ZTSRQLQWGSDQGP
1219	0.6530018893940865	24	281	190210	PFJVXUYPMJAMEJ
1220	0.5303428271561108	22	281	225820	JRISZLDOMCIRLK
1221	0.6743368889088838	26	281	226440	YDTWOEYVDRKKCR
1222	0.5602491964044829	20	288	32370	ODLYFPDGKDIXGH
1223	0.5593264101659825	20	288	134874	SWEPHLFVIYUQPH
1224	0.5608767972713095	21	288	148365	PQBPCOAIEVKXMV
1225	0.5773413902726772	21	288	262498	GRGFYFSRRZTPEP
1226	0.5592805221319064	20	288	278592	NOLPFWPRFNNHAB
1227	0.6156595655903836	30	291	49102	XQWOAWVAWAXMKM
1228	0.626040194009848	30	291	50115	LYJWNHGFGVVCAO
1229	0.2557243531465604	22	291	85977	SYESHMIFGZBTPN
1230	0.6148536621336379	29	291	148957	FHQVHHIBKUMWTI
1231	0.6049718517342065	29	291	184501	DVXMEPWDARXHCX
1232	0.5338986218006622	26	291	194786	LTLJNWJLDIGSCA
1233	0.5243464624448159	25	291	204150	SMQYZOKAGPOHJD
1234	0.23693051239754714	29	291	211187	DZDGAJVMZIHSLH
1235	0.24056394899160055	30	291	211695	QFVHCMLUKNHDSH
1236	0.21092761159227885	29	291	212518	JLKJDPHPYLQTAM
1237	0.6110098085026604	30	291	238683	DJFPPOZEZQGHHJ
1238	0.6095010647569102	29	291	253209	LUTADWBBHJXPTH
1239	0.21501994382642312	29	291	257741	PLMJQEBGYPYWCL
1240	0.6204885994885648	29	291	260780	BGGKMIPCFKMSNW
1241	0.6362695611592687	26	293	2697	MWRBNPKJOOWZPW
1242	0.6439623190686643	26	293	10752	FXSMMNUNFDTUMS
1243	0.5205377630411107	21	293	133305	VRFDKJQRKGBUFM
1244	0.5566261073527881	24	293	153710	QHLJEKZKJZFFSO
1245	0.6444134781051221	27	293	182549	ZTSRQLQWGSDQGP
1246	0.6279263224994143	25	293	190210	PFJVXUYPMJAMEJ
1247	0.5191140450561584	22	293	225820	JRISZLDOMCIRLK
1248	0.6612924946940486	27	293	226440	YDTWOEYVDRKKCR
1249	0.6577833280097758	28	294	56940	QVUWNEQTPVMHQT
1250	0.5365181357949034	23	294	60259	LKAUGPGFOVKGDK
1251	0.6578066464955431	29	294	75015	UIELPOKGTOHFNL
1252	0.5267473638068632	20	294	109592	FTCITDHJQWUTEF
1253	0.6723239619869433	28	294	174982	HBZNVZIRJWODIB
1254	0.6475014024370545	27	294	192548	SPKIMNVTCJNMOI
1255	0.6506061221635545	28	294	253743	RAMNOXDFBNFSFC
1256	0.536680065044515	23	294	268590	PBQZNTLLXHIPQT
1257	0.3873313058629387	20	300	30722	PICMFZZYCVQFFJ
1258	0.4923569228836465	24	300	96850	GFUJWCRMULHYHE
1259	0.4874830854741684	22	300	137824	UYPWFMBFXBCPAC
1260	0.541454084220025	24	300	156182	MUOPIYZZODLLBT
1261	0.3809399014882608	27	302	16648	QZLHWBLTICYKOF
1262	0.3646325271712493	24	302	50263	MDVZPOCSWHUIEA
1263	0.3892446434009012	33	302	56822	RDZDCNZDQGQQRN
1264	0.36759057145779983	26	302	150890	HUYWVMOIAQMXTN
1265	0.4494472509421034	32	302	196667	ADCNXGARWPJRBV
1266	0.4394161250037807	36	302	203861	WSLONBAGRNPTKG
1267	0.4305946228604844	33	302	210912	WEFOBQMXZVVPCJ
1268	0.391329945073821	31	302	259716	XMJNEOHBOWKSJE
1269	0.44529974541249545	38	302	273017	HPHKBIBKNIIZJX
1270	0.5556327029501978	21	306	56586	FJMRBPQOXBFPPA
1271	0.5731355879721416	24	306	241036	NNOOPKUVFSASIE
1272	0.5689228392720782	24	306	271919	YZJGLVODQUFEHX
1273	0.5308996847511644	21	310	28345	KBQPNYBGZYZBJU
1274	0.678711033126828	22	310	59217	PGPMCWZMPPZJML
1275	0.527402175198977	21	310	116463	UUBQHHFVPKQSML
1276	0.6595369259377604	21	311	35119	UFSJDLNEPCFOCJ
1277	0.6643545004246424	24	311	158464	QHNWICFFSBJICC
1278	0.659357602825987	25	311	159991	CZOSTDZGCCEZTJ
1279	0.6629433269972415	20	311	160361	ONLSYXWRWGUPKV
1280	0.5700105980009212	21	311	232861	OXMOEZMESDNNGK
1281	0.6597127703879913	20	311	282806	QZGYPUQNTDWNBR
1282	0.6619456254829272	20	311	283942	MFWTZMQSTYTELL
1283	0.3128282797573462	20	312	87244	KYKBHRVKONYRBO
1284	0.5087629562310415	23	312	137585	YKVODXQALKJNBA
1285	0.4279265221513573	19	312	218494	VFJJNMLPRDRTCO
1286	0.36636889274249185	22	312	268128	UGJMXCAKCUNAIE
1287	0.5740307844563366	21	313	67783	XZKIADFNBVEUKL
1288	0.6623026699439467	20	313	80082	WQPDSCRZHOEWHQ
1289	0.5703030532241289	22	313	115980	XTSARBXVLCPGHZ
1290	0.5683973124228657	20	313	152458	BZWXAYUSUXKALC
1291	0.5749278997748076	20	313	188632	XVZBLGMHZJYROZ
1292	0.6674234259647475	21	313	225320	YXXLWTXKSOVJOY
1293	0.5653062686661786	24	313	248399	JRONJHMAGAKEHG
1294	0.6690325695584798	24	313	284205	YMEQXDCYZVOOFR
1295	0.38343037608045105	10	315	36258	QWBBPBRQALCEIZ
1296	0.3938305252948024	8	315	40080	CHLICZRVGGXEOD
1297	0.38163174473781275	7	315	94692	DLRJIFUOBPOJNS
1298	0.37097909877451585	9	315	120376	YDXIEAHUYZKJOH
1299	0.31251168669758544	10	315	144768	NKTOLZVEWDHZMU
1300	0.4712695144418356	9	315	157507	DSFLRCFOOKHZFN
1301	0.5129660115841301	8	315	165876	OWBPKUZFLHCXCR
1302	0.38288111867821517	10	315	197928	HXDOZKJGKXYMEW
1303	0.4225339804791958	7	315	199017	SFVUIUUSVAMYPP
1304	0.23659508174240151	9	315	211167	KMTDMTZBNYGUNX
1305	0.4549164779966753	10	315	224331	KUFFULVDNCHOFZ
1306	0.4330595265827692	9	315	227451	NXXYKOUNUYWIHA
1307	0.45622929762649933	10	315	262928	HMNKTRSOROOSPP
1308	0.2968604293387901	8	315	267049	DTFKRVXLBCAIOZ
1309	0.31235967804723413	10	315	280954	IXQGCWUGDFDQMF
1310	0.41358469071265	8	315	288358	OSIGJGFTADMDOB
1311	0.3283769310700592	11	316	20070	PTNLHDGQWUGONS
1312	0.2592649813983751	13	316	20422	TUCYOPUMAOACER
1313	0.28749630880802185	9	316	21125	GXXXUZIRGXYDFP
1314	0.31112974137249133	8	316	47039	YPGCWEMNNLXISK
1315	0.26978058760456625	9	316	63798	OPVAJFQBSDUNQA
1316	0.36742682937940174	9	316	66184	JRHHJNMASOIRDS
1317	0.2796739106955977	10	316	68371	CMBANAGVBLPIPT
1318	0.33840733966663356	11	316	87637	RUDZCBJWUDOPTP
1319	0.30523786919009605	9	316	96630	GJMPSRSMBJLKKB
1320	0.23934725435560625	9	316	154093	ZQVKTHRQIXSMGY
1321	0.2506149604420046	8	316	171526	XMIIGOLPHOKFCH
1322	0.325960181534395	9	316	184568	BKYWPNROPGQIFZ
1323	0.24285620661887286	12	316	187569	NRIVMXXOUOBRAG
1324	0.23852704271307193	12	316	202647	KVTOUUODKAHJCM
1325	0.4523448167894001	12	316	214107	UYGBSRJODQHNLQ
1326	0.4356778689696638	12	316	222345	JWRBBXQUYVJOLN
1327	0.49869701922648074	12	316	225566	TVDHPUFLDYYBPO
1328	0.30161128413212046	10	316	231505	UGAAZLJBUHYYBT
1329	0.3052997462639139	8	316	251775	KJBYDOBMZHMKBD
1330	0.26639823266951934	9	316	271485	XZRHNAFEYMSXRG
1331	0.2860176381355643	12	316	277629	PKDCAGDBZNELSK
1332	0.33036278757972076	10	316	278703	IKDIJXDZEYHZSD
1333	0.3336877504536017	8	316	279426	UMVOQQDNEYOJOK
1334	0.24186423196580747	12	316	280262	FHEHIXJLCWUPCZ
1335	0.4571229950582872	20	318	35119	UFSJDLNEPCFOCJ
1336	0.456775790084391	20	318	158464	QHNWICFFSBJICC
1337	0.45377833096721404	21	318	159991	CZOSTDZGCCEZTJ
1338	0.4581999486696957	19	318	160361	ONLSYXWRWGUPKV
1339	0.4034874910010623	21	318	232861	OXMOEZMESDNNGK
1340	0.455526182691907	19	318	282806	QZGYPUQNTDWNBR
1341	0.45558649454426803	19	318	283942	MFWTZMQSTYTELL
1342	0.5377506564325061	10	320	52478	WJXQFVMTIGJBFX
1343	0.5255752838656145	9	320	72195	PCRGOGUXNSLMNX
1344	0.21632666354899807	13	320	120666	VQHOTRSZSLKCSJ
1345	0.35085519780291385	11	320	272521	DIVQKHQLANKJQO
1346	0.6682489577508153	21	321	19092	CEDYZXOEZCSUMJ
1347	0.6710486876762191	25	321	48090	ADLQHCPAMORLQC
1348	0.6693116718840724	26	321	129328	AZKOMSGSPCBHKK
1349	0.6662387413232794	22	321	156959	DFVWEUXTOODCLM
1350	0.5313081099661245	21	323	28345	KBQPNYBGZYZBJU
1351	0.6816962053384633	22	323	59217	PGPMCWZMPPZJML
1352	0.5263545836845962	21	323	116463	UUBQHHFVPKQSML
1353	0.21124064416839758	18	328	18905	JEVQLZCPMSRKGP
1354	0.26134060908850837	7	330	22029	BOLLUFKDBBFZLY
1355	0.7217837405618905	9	330	114056	HXPJTYQZIBOWBR
1356	0.568226227299923	8	330	158277	XMZKGYUPPWJMNS
1357	0.45350050679662	9	330	230620	IXMOEKXFFGCKRB
1358	0.29992016081794143	8	330	284461	QNHBVTZDBFHOJX
1359	0.2504176373974208	25	334	190936	SLGRVNFOKARIBY
1360	0.22181233636904785	9	336	26735	GTXGQQPQOYAJJE
1361	0.20526784637831783	10	336	117269	CFSYOBDRXRLAKM
1362	0.21724344867418932	14	337	45632	XDRZCIXEBLTNKS
1363	0.2047418734784611	16	337	159502	ILXZNABMTSTDJE
1364	0.2590421393311447	15	337	250330	MLHNFRNYBFWBAQ
1365	0.3466201522293843	15	337	268244	PNCSOWDONJIHKJ
1366	0.4984422788874242	30	338	257098	GJDPGFHVEKFXEZ
1367	0.21947365099132143	20	341	282191	PJCUMCRIZXYQCZ
1368	0.2620765769651679	10	345	54572	SKJGTWUZWAKYCQ
1369	0.2949005054592781	7	345	107309	FFRMLFVGYPMNPT
1370	0.3456039991572958	7	346	59941	OEBZFGBAXKRSHZ
1371	0.2502873507196315	20	347	37678	MFUYYGOZRNTPTI
1372	0.23690041830925365	20	347	48760	LGBIBYFPRXIOHU
1373	0.35995282908733944	12	347	146173	LVVDXZZBIXEKSE
1374	0.32938938747604035	24	347	151548	PUZMSNPCMYUOTE
1375	0.24461761064830087	21	347	224882	LIWKTAWWXCGRNF
1376	0.28077862231897976	19	347	230124	WJMCHQPMOZYKIN
1377	0.21854164930952047	20	347	252242	YCKRAJSNDSSPMR
1378	0.22886925446684822	20	347	283615	NKKIRZWINJADJC
1379	0.21183247889243642	29	348	50782	XXUXRXNEAQUJHB
1380	0.2655660319566465	17	353	177903	WWQIDHMOMSNGCJ
1381	0.42048736395154845	23	356	37672	JPHDLGSNJOEWKD
1382	0.49541001472912055	25	356	255424	ZOQPRIBCWWPWEH
1383	0.6847164835238221	20	357	79912	QSZCCQZOFGWXPB
1384	0.6725177174727994	20	357	145753	SYFWATGCVTUUQR
1385	0.7894575571298021	25	357	152756	SOLXJHKVRWSNJX
1386	0.7890017648368056	24	357	202855	DSNRWDQKZIEDDB
1387	0.7659691016192389	27	357	219940	CZVJBYZXTBYGJR
1388	0.8038363534287359	27	357	234640	JPRWHUSRRGNLOV
1389	0.7873241927077697	25	357	260503	MANUXINXZIXGSR
1390	0.7701413226954907	25	357	285553	NTMBJQYQYMPGRM
1391	0.22088632277750264	15	361	87340	HHNAVSFJNQDIPT
1392	0.21464270742185731	13	362	127112	BKUONVBYHVMOIX
1393	0.5626924082084129	10	362	270508	HGZBYTYKEVODQE
1394	0.2696945638627047	22	363	17929	MOLXGYVCJRDZJM
1395	0.436670077868019	21	363	20793	TVQPSIWFMKNQNU
1396	0.5241877030385276	21	363	21664	OBCKVMRECYITHK
1397	0.526041809580439	21	363	35202	VSRQGFZOPBDXOA
1398	0.5114964440234849	20	363	70344	LGHYYUNGHFUVQP
1399	0.4647259312246436	23	363	103931	IBIXJJXTTWYJNF
1400	0.22181835084953203	25	363	207989	YRBGPJVTGUALNG
1401	0.4320099828596176	23	363	224381	ULFROYYCMRNCTL
1402	0.3728179866685282	22	363	227365	KQKYFYNQJYVZBJ
1403	0.41534336990297416	23	363	282550	ZBRFIBBSTKLUNQ
1404	0.5722295620479829	23	365	30425	TYCVDHZPTWUWAH
1405	0.47315753360120644	22	365	102787	JGXOAQHUFINOAQ
1406	0.4704678130303108	23	365	142729	GPRAXHFBRMJBIJ
1407	0.484852434217809	23	365	193060	HVFRQLAWDLEDRL
1408	0.46475674417372775	23	367	91770	DXBBFNCLXIVSNW
1409	0.4735834614854792	23	367	171043	ZKIUKQLGJSANLO
1410	0.21649197327346276	20	368	53721	HRNWVGKQBDQUKC
1411	0.384463372884689	20	370	30722	PICMFZZYCVQFFJ
1412	0.4895051438438544	24	370	96850	GFUJWCRMULHYHE
1413	0.484599633580818	22	370	137824	UYPWFMBFXBCPAC
1414	0.5377567461475455	24	370	156182	MUOPIYZZODLLBT
1415	0.3339246498730909	10	374	182115	DSXVJOCOTNDIEN
1416	0.4702531645892669	12	374	214999	VYFYYTLLBUKUHU
1417	0.6506892683806533	8	374	247887	WRPWWVNUCXQDQV
1418	0.4106546400896004	8	375	7287	ZRSNZINYAWTAHE
1419	0.21004058187836733	9	375	13313	ZNBXZUKDRRRQJK
1420	0.575777028396579	8	375	22504	WMPDAIZRQDCGFH
1421	0.2539848688675914	9	375	30191	ZWVHTXAYIKBMEE
1422	0.2516856243463829	9	375	75635	ZRUOTKQBVMWMDK
1423	0.3884680748168144	9	375	77237	JODRRPJMQDFCBJ
1424	0.24898624980287729	9	375	114685	FBTSUTGMWBDAAC
1425	0.2991351391753422	9	375	126810	DIQYHPWXWLTTPV
1426	0.31995188953142656	9	375	141634	AVHKOIHDSGYXMF
1427	0.37463843852728324	9	375	158714	BAKYASSDAXQKKY
1428	0.3358894567807117	7	375	210014	IGRSQEOIAAGSGS
1429	0.21080101951058933	9	375	244698	WHDVHEXMVPUJNI
1430	0.4330388140458559	7	375	269770	AIACLXROWHONEE
1431	0.20154420843565735	8	377	60542	UKJXPTCZTCDPQL
1432	0.5318517049798152	22	379	30511	MYTQYFDNFPLMAI
1433	0.43423656312372494	27	379	36067	WDLVKNXUHCBUJP
1434	0.5299025577187303	22	379	63875	RFVHRHAPZUIQFM
1435	0.4554548076235777	24	379	118266	UDPMLKSFQZJRJQ
1436	0.5258987258854133	21	379	134683	QZWUQJSCLRZBFE
1437	0.6002602435769029	22	379	146489	LKMWLQSVCURUMC
1438	0.4780247719849817	25	379	178192	RLULTXPVFIKVJD
1439	0.4413763004152073	23	379	219440	TWYJQJCVTJSVAE
1440	0.22842194580982356	28	379	254447	LYWVOAXCCPUTDZ
1441	0.3138149087229395	22	379	288156	JMKBTQYGOKJMBJ
1442	0.6451471178470508	23	382	138962	LGRHIXIUKHUBFY
1443	0.6494243397264415	24	382	146612	FWOLXGQLERFJDO
1444	0.47972789410484035	13	385	86272	FLIJYATXIWGZGJ
1445	0.3249562544858809	12	386	2932	VWPQCOZMXULHDM
1446	0.22477917614949408	9	386	268169	XFGWQYYDOWONQJ
1447	0.38063836401248763	14	388	240815	HESWCJDXWDNXCR
1448	0.3905470072969284	12	390	1195	MASDSRQGDJFGPI
1449	0.5092941790385396	7	390	86201	WSRPXRPLNPKUCF
1450	0.4215068382014272	10	390	102885	RCIZHEHSKOBULF
1451	0.48621138488718135	12	390	192481	GPVNHTHHMMKLHI
1452	0.355139482758579	10	390	282435	KYVXEZPQRULTLX
1453	0.5877762235143905	7	403	275485	JMNXFZCXVGEDAC
1454	0.25114530571952265	9	406	36262	VLODVUXSQDGJOX
1455	0.31612238469300463	7	406	51331	PVFCKBXHYSUACK
1456	0.2445585987325992	9	406	59514	FSQZSGQQFVAXEK
1457	0.2296432456926145	10	406	99358	ZHWPYUCRDBVDOJ
1458	0.2612368127730499	9	406	154272	OCWQBKDABYCBPW
1459	0.2106932340309997	9	406	156821	XJPCGSWCYFYIED
1460	0.2793945760742956	9	406	185764	OTUAVLGFECDOIZ
1461	0.22639166870787122	9	406	250676	MHMFFDDXDORFLJ
1462	0.23054724654222702	10	406	271863	IUYYHGPKHITFHN
1463	0.40609960964352515	7	410	164021	DGPUNRCPUNFZDE
1464	0.2874444640372911	19	411	14522	PCHIVLNSEKZZQK
1465	0.24114778103451903	21	411	52860	FREPTVFRUCDEHE
1466	0.32060987230834054	14	411	67379	HSLOHZMWNLKANE
1467	0.2127424562318958	15	411	84281	ZETJZGSUVHOFQO
1468	0.2101724927840724	21	411	104740	BKHZEULGRLICQT
1469	0.3857859685842724	23	411	139139	ASYOJPLQOSAOMD
1470	0.28425385495079986	18	411	225632	BMJMMZGRUMCVAQ
1471	0.24706203199087512	11	412	26609	IWIZOMWAHIZTOM
1472	0.933697556771788	7	415	27795	MULVVBYNDZRKPA
1473	0.7490181229261764	7	415	61687	SULIDBRAXVDKBU
1474	0.710725247915048	7	415	128899	YAMUFBLWGFFICM
1475	0.9333296321959913	7	415	153976	UURHYSSHOYMCKH
1476	0.7060772774206615	7	415	265174	PZRFVAHZNWPPAC
1477	0.31234353241657226	7	416	89371	TWBNKXFGAHSGNJ
1478	0.35480806107138335	9	419	240341	CNIUEVQJABPUIJ
1479	0.3942516255252135	13	420	2576	VLIHXBQWXDIQTE
1480	0.3224878670580053	14	420	20481	PNOKUGWGMLEAPE
1481	0.3283570518306492	14	420	152141	PEAQTUDKZGSVCV
1482	0.2077759556953709	12	420	281423	VBBWEKADEDMWDH
1483	0.3073198112057491	12	420	284606	ZESDLVJGIBGADW
1484	0.24645131253038619	8	421	240604	PIEPIBVAYULFKP
1485	0.30504121896475694	11	421	243633	WIFKXGKHHCQOQA
1486	0.4772347623933606	13	427	45838	OEJYWQCXHNOOHC
1487	0.45559360806115856	13	427	184278	LFUDDCMNKWEORN
1488	0.33644323722060454	14	428	152258	QQSXZUVLCVXJBI
1489	0.38741462603889254	7	451	86866	SREKYKXYSQMOIB
1490	0.6373591323971382	7	451	89632	JSJWCHRYRHKBBW
1491	0.4815308220763016	7	451	228331	PMLJIHNCYNOQEQ
1492	0.22400298353772358	9	465	16025	LWKQMJMZQKJRPU
1493	0.3291797047582072	16	470	37871	IGBSLAHNYXHTDM
1494	0.3938922001645649	11	470	103446	QMOFHSNOIHJCKA
1495	0.30289243081637607	10	470	146872	IOOIMZXQBJSUDS
1496	0.34735412715361824	17	470	169594	XLTXPTGAYGVGIQ
1497	0.4451742188366486	10	470	171062	ZSZRRSWODAXOPL
1498	0.7864996849323206	10	478	103275	NHXZRXLFOBFMDM
1499	0.7353185126675986	10	478	129230	USLVEJAHTBLSIL
1500	0.33530321312292866	8	489	10533	VNVRDLSPDQOAQQ
1501	0.5221560558574697	9	489	16025	LWKQMJMZQKJRPU
1502	0.3000509179021079	7	489	77488	COFYDGKGNFNRJW
1503	0.2684697014930209	7	489	98847	AIUWTUISVMSLIC
1504	0.2192995859833305	8	489	178094	DWMPUSYNOLYENT
1505	0.5973125224071969	10	492	171393	YILCGOCHVFQMTC
1506	0.7101162830308395	22	493	80446	NOVZJYYJYIFXJC
1507	0.5846490036102483	22	493	280320	PYVRVRFVLRNJLY
1508	0.2578700000536363	8	494	171889	YWOCITMXHHTBAW
1509	0.24171601363745204	8	494	213405	JPNPIRVRGLGTRE
1510	0.3808872217202006	7	494	242955	GAPPHVJLWSRLAC
1511	0.2598896015046969	8	494	252231	BAKUYTLDCVITBO
1512	0.25088834319324177	8	494	273802	ROPRRXYVXLDXQO
1513	0.3205304234217907	8	496	217881	ZJIMVXLDDNBLAK
1514	0.36493789202300614	7	500	24263	NWFQKPJYEJRQRI
1515	0.6027413303557093	7	500	250652	WURKYBOEJYLVIY
1516	0.2023210685909096	12	501	217203	WNRWKQVCPPUZNR
1517	0.7000309040310937	9	504	142350	CKPBBEOJHAPPBT
1518	0.578738871544167	9	504	208444	YVYMBNSKXOXSKW
1519	0.6639834459248345	8	505	87907	SBQJKUPJMKHYDJ
1520	0.762258879681096	8	505	187045	VHPXSVXJBWZORQ
1521	0.6682844994666323	8	505	255043	CMOXKYQQTMHEHE
1522	0.7421666107989058	8	505	276123	WBZKQFAVPDYTLF
1523	0.3187539184739835	30	510	13611	ZVMLLPSSQZSZOA
1524	0.5503229148985895	27	510	32091	JTSVQVYMBXVLFI
1525	0.4741161960297418	30	510	32655	MCGZBWQJEOOXGB
1526	0.6351475245711403	28	510	45936	VIFYCMDARLREII
1527	0.49458131524574145	29	510	46624	WVIPNFACEKDMDZ
1528	0.4561589275930219	27	510	51413	GBXMQUAUEYAEIM
1529	0.5905280390787915	28	510	61611	DIPXKPDEFBRLPH
1530	0.5538359235310493	27	510	79127	DVCQIWCKLKWXEA
1531	0.6472876683906454	29	510	82842	JCJMEMDHUZYVMB
1532	0.784685404363051	27	510	84124	NIMPMJIXSJYVEO
1533	0.36569363768051644	27	510	84896	HMWOJWOBZVLXGN
1534	0.29946196641809325	25	510	94402	IAKULPYIVCXFMY
1535	0.64478457704532	7	510	94994	NUWYFFDZPIGJJO
1536	0.5637532881355415	30	510	100247	QLEZFCARHJQMSW
1537	0.33919913089563736	28	510	121799	LNXBLFBMTPNGGP
1538	0.4766331496947412	28	510	143612	OPCAYVVIAWSNMJ
1539	0.48207056394216646	28	510	144605	UXFZYBNJBWWHPF
1540	0.4679033379917464	30	510	149985	WRXGTVUDZZBNPN
1541	0.5451671369586039	30	510	152056	NKSSFRCNBLNXBF
1542	0.5029213929466554	29	510	166882	SVVJHZVKJUTXBA
1543	0.5556058067896482	30	510	186980	WPOCKHFWIUAZSR
1544	0.4854793955331277	30	510	191160	VTRDODAJNTXJSD
1545	0.6763317239062367	26	510	209389	UJMNOSJXLDJKDE
1546	0.35236821711529526	26	510	210775	NFGXHKASABOEEW
1547	0.6487076540883459	29	510	216861	VBEOYRRWKSCABV
1548	0.6155463321438149	24	510	220058	KBHLNNQHHPFDSG
1549	0.6896577429839145	22	510	221190	KQDQXJXWFRWWFK
1550	0.5248030919539263	30	510	229174	BUIQBWUKJHFEOQ
1551	0.5892877654204459	29	510	258210	JJQUGUPUJMGMTJ
1552	0.4400647529693596	30	510	260714	UGELGICNLMQZDX
1553	0.6658402597299389	27	510	274467	CIOUQKGNHMSZRR
1554	0.6744436395172902	24	510	283270	NMCANFADWXHCKA
1555	0.6588765883937822	24	510	284734	YVRVFSDXAPRXKA
1556	0.6806481709170501	8	511	15849	KIHAGWUUUHJRMS
1557	0.5895450802395953	8	511	249145	BBYWOYAFBUOUFP
1558	0.37733732052163316	15	512	217446	AHYSWFBBMLPXFU
1559	0.711632331290272	11	515	80446	NOVZJYYJYIFXJC
1560	0.6037077621639478	11	515	280320	PYVRVRFVLRNJLY
1561	0.2559174887507928	7	516	24060	SZBJLDZJDLLKKT
1562	0.28002811096167407	8	516	111533	JFMCQBGTUJUOAB
1563	0.33176489253388325	7	516	161795	ZEBIACKKLGVLFZ
1564	0.24249991401698562	8	516	196088	FONWOVFPQFNSTJ
1565	0.21375538992515533	8	516	229830	SLROEDGDHUPKNL
1566	0.38576115425957275	8	517	94003	VFXBRYJIFOOGTG
1567	0.744082127467416	20	519	142350	CKPBBEOJHAPPBT
1568	0.6410596635071	20	519	208444	YVYMBNSKXOXSKW
1569	0.2964837507019765	24	524	2205	UNLPVMAVCONZJN
1570	0.5331442017123024	20	524	23741	FGLNXNIBANRHRG
1571	0.609186816335456	22	524	28287	LAJHPFCGLXGQIB
1572	0.5594114197820295	22	524	28785	DZJMBBYAIJDANB
1573	0.34017895145516613	24	524	34304	IVNTXURUFHSTAQ
1574	0.3976435426743725	23	524	60965	RIGFHPGAZTYDKY
1575	0.6148695729027025	24	524	69612	JIHODPDGDYBEET
1576	0.3992242761372552	25	524	90961	CKMWUCWNXKEVER
1577	0.5974756472338404	21	524	123650	YLXZKWARTZUITK
1578	0.41554907807667923	21	524	126136	MXODPXNEZPJXDO
1579	0.6484224032606029	21	524	133945	PESDJELQYIQZBG
1580	0.44651850885571337	20	524	150745	YKIUBKOVTZAIIC
1581	0.331325944456056	21	524	152386	RMOANDLRKRTOAX
1582	0.5983826350205617	20	524	171681	WHCKIJDTXPOBQD
1583	0.6169802086972508	24	524	177587	BRHQPRAQLMOAKC
1584	0.38762145061238407	24	524	191387	LJMQWGYVDFTKNG
1585	0.4161200753712984	21	524	194255	GOECIRGMYVJNBS
1586	0.5343096960018244	20	524	234108	IQMPLVCUIKZODQ
1587	0.43259051505407314	20	524	240055	QDHSQPWXQCVCIZ
1588	0.2150904523790001	22	524	242697	QWCZPVWPQWROTC
1589	0.569409320241097	23	524	283840	RKRXCKKNILRDKW
1590	0.5390402796474058	22	524	288065	PHMPQRBLXGGHQA
1591	0.23919766770777573	20	524	288122	BBESEGJJPWTGBP
1592	0.2117765792062037	10	527	19637	QBMHDVXSRMSJMY
1593	0.26598086427781725	9	527	95155	YUKCWHCGYHMEFO
1594	0.2239558403683349	7	527	153211	AMEYBCURMSQBBW
1595	0.2830051843782672	9	527	275884	MJAIEKKOVCWEPC
1596	0.6502656800364615	15	529	44053	BEEKFGLUGMQFSX
1597	0.6363930364669961	13	529	54525	NFGXMNREFYZHCW
1598	0.3872880953842713	14	529	73553	GSDRPKJZNUOSDT
1599	0.598864769027422	13	529	74003	GLFSTVQYXPOBGJ
1600	0.35898457937486156	14	529	74235	YVMNPZYNCHJQKS
1601	0.4292068664726396	14	529	77192	CZIMTJBUEYHHCM
1602	0.5804160519123155	13	529	120614	YURWZDJEVHQYGV
1603	0.5756123204460383	14	529	174735	CAMHHLOGFDZBBG
1604	0.6281427851965691	13	529	199526	ZUZRSAWJTGDYAK
1605	0.6174005528547624	13	529	205348	IOQYRDAQBPDYNV
1606	0.6090752154018454	12	529	259603	ZPHRIOPZYRKRRG
1607	0.4156728423864204	14	529	266089	KJHXFKFCRQJHEC
1608	0.5594330253946982	7	529	266474	ALQAUMHHCJMVID
1609	0.3308708691865086	14	529	270299	XKGDWZQXVZSXAO
1610	0.7950581592206526	11	540	239830	JSKJPUCKVIJTKI
1611	0.7899808015882146	11	540	261434	ODSTWKSGFQDYQP
1612	0.31723061681028825	30	541	13611	ZVMLLPSSQZSZOA
1613	0.543259619710377	26	541	32091	JTSVQVYMBXVLFI
1614	0.4696667110692144	30	541	32655	MCGZBWQJEOOXGB
1615	0.6260803887262323	29	541	45936	VIFYCMDARLREII
1616	0.48806615341172455	29	541	46624	WVIPNFACEKDMDZ
1617	0.4617760734254957	26	541	51413	GBXMQUAUEYAEIM
1618	0.5870378800521846	28	541	61611	DIPXKPDEFBRLPH
1619	0.5508722266521641	28	541	79127	DVCQIWCKLKWXEA
1620	0.6379377796267646	28	541	82842	JCJMEMDHUZYVMB
1621	0.7758749502752984	28	541	84124	NIMPMJIXSJYVEO
1622	0.3633851387535992	27	541	84896	HMWOJWOBZVLXGN
1623	0.2957247501067217	24	541	94402	IAKULPYIVCXFMY
1624	0.557618322614722	30	541	100247	QLEZFCARHJQMSW
1625	0.3403818594766952	28	541	121799	LNXBLFBMTPNGGP
1626	0.47335934789523143	28	541	143612	OPCAYVVIAWSNMJ
1627	0.4803571963610063	28	541	144605	UXFZYBNJBWWHPF
1628	0.4652589955471286	30	541	149985	WRXGTVUDZZBNPN
1629	0.5413318222394472	30	541	152056	NKSSFRCNBLNXBF
1630	0.49620583797338663	30	541	166882	SVVJHZVKJUTXBA
1631	0.5410681091118711	30	541	186980	WPOCKHFWIUAZSR
1632	0.4840881628766999	30	541	191160	VTRDODAJNTXJSD
1633	0.6726496494976176	26	541	209389	UJMNOSJXLDJKDE
1634	0.35985094406848295	26	541	210775	NFGXHKASABOEEW
1635	0.6529702642433001	29	541	216861	VBEOYRRWKSCABV
1636	0.6077213339042903	25	541	220058	KBHLNNQHHPFDSG
1637	0.681829315840597	23	541	221190	KQDQXJXWFRWWFK
1638	0.5226785350562891	30	541	229174	BUIQBWUKJHFEOQ
1639	0.5809271182719195	29	541	258210	JJQUGUPUJMGMTJ
1640	0.4377955595889905	30	541	260714	UGELGICNLMQZDX
1641	0.6614137597386048	28	541	274467	CIOUQKGNHMSZRR
1642	0.66558124525631	24	541	283270	NMCANFADWXHCKA
1643	0.6508937261847431	25	541	284734	YVRVFSDXAPRXKA
1644	0.45566411296353904	7	546	731	BUOSOJFCMIYTBG
1645	0.2338029360035942	7	551	80819	IYJXSJJCXYNKBU
1646	0.3773809690239343	8	551	86210	USGQADYZRWUBHS
1647	0.23378069494897855	8	551	165142	HVMXRHIFEALNRH
1648	0.2456856920056662	10	551	273552	AFBIDHYBVNNJGJ
1649	0.23529233986779913	7	559	77836	VQPVVWAFTIFKDD
1650	0.8132961132308847	12	561	14872	KSMRODHGGIIXDV
1651	0.40535395156683773	10	563	158732	AGVCUVJROUBIKP
1652	0.23914942202899048	7	564	73951	GKTDPIQLKVFPBU
1653	0.7970031991945319	8	570	76759	WXOJULRVRHWMGT
1654	0.7692593283607695	9	570	127721	SUKOHMILKYMSLP
1655	0.7008482658634728	9	593	215141	VFDJEJCELMPUBS
1656	0.7793806326832046	8	593	276605	NAKUGCPAQTUSBE
1657	0.42521855686279697	8	596	87907	SBQJKUPJMKHYDJ
1658	0.4716230974653757	8	596	255043	CMOXKYQQTMHEHE
1659	0.6001321774888372	7	596	276123	WBZKQFAVPDYTLF
1660	0.3556792481020459	7	598	5238	YROMSAHWZXGDKR
1661	0.3693817780436631	8	598	125960	VXIZQQKPMIQQET
1662	0.3781142384439478	8	598	159081	MRTLVFNBTBKYFV
1663	0.38834528066751417	9	598	196482	SNTNLZPQLRPWCA
1664	0.220549496833591	10	599	208227	BONQGFBLZGPXMG
1665	0.35854191092446874	13	599	251022	KCAIYJDHLVYANU
1666	0.2787343564404397	7	603	174461	IOSTYUAREPRBCT
1667	0.3880723491670032	7	603	235790	NLGXLSYEZABUPW
1668	0.3620635478744159	13	611	70022	ZQISRDCJNBUVMM
1669	0.393454038243928	8	628	7793	PIQOJRYKDAUYSO
1670	0.427942598529782	8	628	149992	UVMLHMAIUVSYOL
1671	0.20045382339224044	7	632	232327	FULLTSYFDLSFSF
1672	0.2722696580153119	7	634	15887	HJLNKWYSKFDHDG
1673	0.7123911970091964	9	635	215141	VFDJEJCELMPUBS
1674	0.7869017837829814	8	635	276605	NAKUGCPAQTUSBE
1675	0.24803063244182252	7	674	45706	LMGGPKYAWHDOLR
1676	0.3342093287262321	8	695	953	WSSVOELYOLACNP
1677	0.49837597414864476	8	695	134004	PJLBDIIUBQPQGJ
1678	0.40651561750195825	9	695	189636	DTWAZARDTKVTNZ
1679	0.3256509032379149	9	695	233165	WUXSVDUOUXWDDZ
1680	0.3552639050364202	7	695	236402	JJSIQEANTZJZIV
1681	0.23852790957291956	7	695	277586	PNBJBGMPLMTKFP
1682	0.5729851754601396	10	700	123043	TUHVEAJXIMEOSA
1683	0.8440530431150216	7	702	262476	ZRJHYOXNWCMGMW
1684	0.38514188145926403	7	718	280721	CQCVSXXDUMTFCR
1685	0.35596705507793697	8	719	44466	LDCYZAJDBXYCGN
1686	0.42972928885032163	8	719	71455	NXANGIZFHQQBCC
1687	0.4896253502837686	8	719	75866	QSHLMQDRPXXYEE
1688	0.3961466027545953	8	719	169505	SFJCKRJKEWLPTL
1689	0.2900118541584618	12	721	56547	KEMGAOPOGGLPBQ
1690	0.29123032567507723	7	730	88195	JFIANAOVVFQMDM
1691	0.27590303480203887	7	730	182665	POIMMRXCPIMHDG
1692	0.2751516637769041	8	730	231570	SGNVKVVRCUBSSV
1693	0.2120783064875875	7	730	246979	KXCBWEJWVBHYKF
1694	0.5049127890113033	10	731	71184	QIVBCDIJIAJPQS
1695	0.22477333989232845	10	731	277228	KYNMONSTYCGIDJ
1696	0.5160901456569059	8	734	30939	XCADPUVJDQXSTQ
1697	0.34072512389531556	9	737	27382	KAFIOMPFBSDFPP
1698	0.21295870400575406	8	737	58163	RAIRJKWTBBDDAR
1699	0.371293490415063	8	739	39057	ULXKXLZEOGLCRJ
1700	0.4003243271904228	7	739	176404	VVNCNSJFMMFHPL
1701	0.8818511480567003	11	739	219279	FFEARJCKVFRZRR
1702	0.2625540587155012	7	739	247627	YOFBHFZFZSNSGS
1703	0.2828819649811693	10	748	226500	HHEMYPOKGNDJRD
1704	0.7879345794422896	7	780	184149	PCDOLDGJAUQLBO
1705	0.29284572653076885	8	784	201808	JLEBZPBDRKPWTD
1706	0.7954785838528866	7	791	243153	ATHGHQPFGPMSJY
1707	0.5036743801988686	8	793	873	IVLRTAQPNLWWKT
1708	0.686360691464566	8	793	110089	WNAGPAKUISOEMK
1709	0.5638016150340608	7	793	133899	IZMMJLZUJAZKES
1710	0.6876717237940231	8	793	260604	BMQYVXCPAOLZOK
1711	0.5717961187371948	7	797	208260	JZKXXXDKRQWDET
1712	0.7264302908206538	7	797	222429	OUYCCCASQSFEME
1713	0.7945999418841809	7	800	243153	ATHGHQPFGPMSJY
1714	0.3885915387236026	9	803	128850	QKEWQOJCHPFEAF
1715	0.33326407281350573	9	803	146375	NGDLSXMSQYUVSJ
1716	0.5200680906673661	9	803	154901	HZVXTZMGAFEVFQ
1717	0.5593852194236631	7	804	140236	WRFPVMFCRNYQNR
1718	0.4944785757274059	7	804	193266	JYPHNHPXFNEZBR
1719	0.6485663726655027	8	804	208260	JZKXXXDKRQWDET
1720	0.7985184116892023	8	804	222429	OUYCCCASQSFEME
1721	0.6962757493209941	9	808	159227	CVZKYDYRJQYYDJ
1722	0.5139515050511364	12	842	19433	SNEIUMQYRCDYCH
1723	0.29998774278048795	7	846	100733	ONAWDGXCZMVYMN
1724	0.22747232243693344	8	847	62713	CMSQAZRPSXLODS
1725	0.7137458853841894	7	848	45712	HJVIUZHNRJYUTG
1726	0.7528996691805905	11	848	108952	QGDOQULISIQFHQ
1727	0.8001147846178945	8	848	149730	UXNDEPVXXDIZQU
1728	0.6143114773216277	18	848	185315	NWPRCRWQMGIBOT
1729	0.6649525382571826	7	848	210094	ZVQXCXPGLSBNCX
1730	0.6916008169567531	7	848	214655	CXIOSEMXFPKHOB
1731	0.700777262398817	7	848	247911	RIONCGSMVMMSPJ
1732	0.6772159111884255	7	853	17418	SRXKAYJJGAAOBP
1733	0.5039111691644969	7	853	162648	JRLGPAXAGHMNOL
1734	0.39464365107262644	9	854	58683	FSGFZJVYAZKWHO
1735	0.27512317223134003	8	854	77109	SHAQGFGGJSLLHE
1736	0.6653604140587791	7	860	275033	NEEOKQLSZSUUPP
1737	0.4303986303820809	17	863	17418	SRXKAYJJGAAOBP
1738	0.57729802762974	15	863	162648	JRLGPAXAGHMNOL
1739	0.37134781192414884	12	863	281540	KBZOEWOSIUJWIO
1740	0.6332860670784858	7	865	95024	NGBJXTBTFVALDW
1741	0.30210609281829326	7	865	156774	TZZAKSLHHIJRLL
1742	0.2676963684442774	7	865	178675	DXKBWXYICSWPJQ
1743	0.2060622168066511	8	865	186488	WKZHAAWEKQPPFC
1744	0.4213607996576962	7	865	203517	ONMOQSQBAAMLAG
1745	0.26835257958508096	7	865	225121	GNKXHPULSPWUAK
1746	0.28455435274142693	8	865	231898	BCYRZPCPWKCINY
1747	0.294757671433151	8	876	211366	VYBIVSNVJJFIQB
1748	0.46852445158871553	11	879	125083	SSXOEAHANHUFRO
1749	0.31436845664622903	9	879	155976	KIIBBJKLKFTNQO
1750	0.5575156818510494	11	879	250878	CEVQXWMPODOBRM
1751	0.45426743121067975	7	882	147159	YIBVSVWKLVBIKS
1752	0.20075619106807266	7	883	38282	WTDRDQBEARUVNC
1753	0.5608905295698665	7	883	56050	HJVAVGOPTDJYOJ
1754	0.5571467944973947	7	883	73675	JBOPVTXRXAACGG
1755	0.39985060744254336	7	883	176803	UZRUFOMXLWRIQS
1756	0.22742403311276305	7	883	182553	NATUQRGCLABGAL
1757	0.38853337294471985	7	883	237559	GXKOWQKLXRMVLF
1758	0.4593967639233212	8	883	278695	HTVKXERRSSMRJB
1759	0.5634068329278422	8	889	45484	WJGYUTHBDPPYCA
1760	0.7030382983069782	11	889	195579	RHGKLRLOHDJJDR
1761	0.4732417685062768	7	890	126134	ISWYJQKGNGBKJG
1762	0.38144750249965853	7	890	190083	NKFHPKWLZWHZNQ
1763	0.31391286130202617	7	897	129280	YBVJFTZHYVKQJD
1764	0.6212866107974667	7	897	179620	MQKFSXLBPPCAGR
1765	0.8958689917572549	7	897	270204	JUBMQTLADMVYAC
1766	0.23271465926516258	7	906	91409	BVKBYUSLZUSTGB
1767	0.69774953368421	10	914	47917	WKGTVHGVLRCTCF
1768	0.41928277186024027	9	916	106089	ARGXEXVCHMNAQU
1769	0.8229485104067551	8	919	184149	PCDOLDGJAUQLBO
1770	0.34599360638344917	8	920	23728	QWEWPBRDYZVGBR
1771	0.39011319042939724	8	920	75528	DGZXFJBRHFOJBC
1772	0.2774258084504208	11	920	88542	TWTJIYXWWAQKGT
1773	0.36418462894417425	10	920	149547	UNKISUCMCFKTBI
1774	0.3699354021547941	8	920	240053	ZOYWWAGVGBSJDL
1775	0.30933071699643866	8	923	11829	VAWDXOCBSZJIEL
1776	0.3460652359850887	8	923	76494	FRESVRQONWYDRN
1777	0.24026903638645436	10	924	39413	QFHMNFAUXJAINK
1778	0.22499161913598337	7	924	73149	OBBGOBVJGCAAOZ
1779	0.8963444397676694	10	924	155780	ODKSFYDXXFIFQN
1780	0.6075455363737378	9	924	200991	GFAXSDSHYATBAW
1781	0.24788842061317412	8	930	39413	QFHMNFAUXJAINK
1782	0.20421298028667956	8	930	73149	OBBGOBVJGCAAOZ
1783	0.9128066938672397	10	930	155780	ODKSFYDXXFIFQN
1784	0.6370320721713365	9	930	200991	GFAXSDSHYATBAW
1785	0.4653647020951337	7	934	126134	ISWYJQKGNGBKJG
1786	0.3787560571671691	8	934	190083	NKFHPKWLZWHZNQ
1787	0.2450746203167851	10	941	239180	BKCVMAZDKFQPHB
1788	0.4010608539775109	7	946	168679	ZNTRFYBQZJQJRD
1789	0.4710839043568705	8	956	126134	ISWYJQKGNGBKJG
1790	0.38016251019875136	8	956	190083	NKFHPKWLZWHZNQ
1791	0.7631530379560523	7	964	157817	MQTAVJHICJWXBR
1792	0.2220208508897097	12	965	47197	FUEOWQNIWDQPQO
1793	0.42048679885107804	12	965	109793	CFZGIDYCUWFUJR
1794	0.46416831354583077	8	979	126134	ISWYJQKGNGBKJG
1795	0.3809443237912087	7	979	190083	NKFHPKWLZWHZNQ
1796	0.2878241727177361	9	994	47197	FUEOWQNIWDQPQO
1797	0.5013335645426493	10	994	109793	CFZGIDYCUWFUJR
0	0.3103071774467338	7	1019	129280	YBVJFTZHYVKQJD
1	0.6184123471702775	7	1019	179620	MQKFSXLBPPCAGR
2	0.8866759764768386	7	1019	270204	JUBMQTLADMVYAC
3	0.3255816516585662	9	1035	58672	BEVYCXGDASRHRK
4	0.240033886619803	10	1035	86136	LLBCGXFFHNCCQC
5	0.2183984499262787	13	1035	183613	FCFXHAVNZIHNQN
6	0.22370817358994735	7	1040	126004	CCIXZFJYFQJTGK
7	0.7930033546542328	7	1045	243153	ATHGHQPFGPMSJY
8	0.352335033862933	7	1047	3933	PBTLYGAOVARIMU
9	0.5104349104283186	8	1047	46608	AHAIEGDZOQITKC
10	0.2656047816939674	8	1047	63039	NCLALGFNMYEPBH
11	0.3876817883042921	7	1047	65623	TWQSBELIZGCPLE
12	0.5250259191563081	8	1047	89577	CUCANHJJZRRISJ
13	0.24048885294075498	7	1047	104896	RROPNRTUMVVUED
14	0.21480595702904282	9	1047	202856	WUAYQLIIWNMHTP
15	0.3653234030708495	8	1047	229967	SSYRTNYKCKNPJB
16	0.5358660839967806	12	1047	264712	BKFIQORTLXDLHQ
17	0.2984446317063595	7	1048	43512	KYOBSHFOBAOFBF
18	0.6733624422049911	7	1048	83664	WVJSQIHNASRFLV
19	0.5353439125681339	9	1049	59616	YAURGDXRZRXJEE
20	0.2967130059007648	8	1049	72617	VDDJNSXFYJHUDW
21	0.3456600739588959	9	1049	86259	MHEQAGZRKUPKDN
22	0.29007517034446306	8	1049	130200	YAFCNEMAEHLWHN
23	0.4423744233640903	7	1049	142399	FQHKKOGWSXLRAC
24	0.49207443549724555	7	1049	204885	GEDZNLBHXWEJST
25	0.25608923979019593	7	1049	214115	QPBOLFFUXGXSMR
26	0.3423601125492417	8	1049	225462	JUYDSZLRDNCNHR
27	0.25484676651713156	8	1049	241607	YWMRWOLAMZENAG
28	0.381399725112398	8	1049	250673	VZZDOBZAQBVBSN
29	0.44345465796522726	9	1049	268863	CUCFSOKADUSMPF
30	0.6281915736897954	8	1054	47592	ZWJGMYWHPKFPNV
31	0.6289208341543696	8	1054	243606	BNOFGJCDOXFNDX
32	0.39152420967040386	7	1055	41069	MBNLVIXQRQMLBE
33	0.24615087276502154	7	1055	71003	MWYGUUCBPMDIGE
34	0.3254783175832985	7	1055	146492	DBCWVDSQDSUZCP
35	0.44400834143396356	9	1058	5882	NIHCHRDUUOVOEE
36	0.3692824338672631	7	1058	7428	TYVQBCRRAPBNQJ
37	0.3718568956063664	14	1058	8702	LWHJBOUADCHVAV
38	0.36245013950973354	12	1058	13945	GSPMZNAFEMJDIB
39	0.4033438378064701	11	1058	14400	YYYQERYXAQFNMH
40	0.2458741441328031	9	1058	17436	BNLIPZURMXLZCY
41	0.2793881690506958	8	1058	19041	FUKVLIGCGADDLE
42	0.4262270680885908	10	1058	36400	SRHCOFSWCOCPSZ
43	0.25648291455421146	15	1058	45149	REQRRQKXUWRLQY
44	0.351000958414564	7	1058	56887	JPNXWNDFHKYHFY
45	0.2193984525391838	8	1058	58039	ZQKLVOTXLJWFAG
46	0.3580510196287921	8	1058	60451	GTFWQJQHSKVSMK
47	0.36590747789998895	12	1058	63269	NRAHTKFMYLIYMK
48	0.406329567595852	8	1058	64462	AUIRZNRMCVMJHM
49	0.44312686539277063	8	1058	75911	ZZNKKJQEANOWCQ
50	0.4984032816418821	8	1058	92855	GHSFVCDUBWHKCG
51	0.41137376951846194	8	1058	99141	PKXCUWVTLBQZGA
52	0.4838694399746438	14	1058	100361	VXRIEWIAVSRHJN
53	0.3653484584199467	7	1058	101817	WOKURMJSPZWOMV
54	0.32819665469429427	15	1058	106119	AJEODYFBSFOSSA
55	0.20934728698408256	7	1058	106822	NKRBAUXTIWONOV
56	0.335303742744524	8	1058	108714	MSNNSPHLDYMPRI
57	0.28398249518590946	10	1058	111317	MCRPKFMBAQSGDE
58	0.30590473832459164	7	1058	124264	LNQGTWMAHXXWEK
59	0.318210637391603	7	1058	126447	PLDKULNDBSIKSW
60	0.3721474692748982	11	1058	136229	FADYOCDQOVZYMC
61	0.5287407318719586	15	1058	136351	DTFGMAKGRFQUFL
62	0.40174724031193554	7	1058	147110	WWBGXNZQVPSWHI
63	0.25147622786897145	7	1058	147559	ANANOXQYYZSHRU
64	0.23640792845159395	7	1058	160674	RQACABDYNOCYFW
65	0.5224742953139025	12	1058	161099	XHHUXEDXFLQJSB
66	0.22386685918850427	9	1058	161847	WKZOALAUKQNFNG
67	0.4114120251461885	11	1058	163163	PAWCJHJSSFXJLM
68	0.3218148042253785	13	1058	172242	JSSFRHLBNRCOAQ
69	0.2706352321730014	10	1058	184450	JJJITPWSSTXCSZ
70	0.28750107009906745	10	1058	189399	BZIQWZMAIGTXIQ
71	0.34528862392943893	8	1058	191903	DICXCZNCXNCVNV
72	0.2075974229571575	8	1058	197137	BFYOVPHBKUQKPM
73	0.47668350137558396	13	1058	198967	SJRQZWQQJLIKQI
74	0.47367052466097753	11	1058	201114	MYVKFWHSTHODRK
75	0.2073505302314222	7	1058	204574	JHEBXSRENKVLHY
76	0.2999954206101786	11	1058	215049	WDYSFRPAOZWAOH
77	0.5820830656497796	8	1058	219857	PKKTXAMCHLIVDS
78	0.4265286122736818	9	1058	227864	MHIIGKPFRWDWHU
79	0.3823491224419675	15	1058	228690	KUIMMOHSDGZCQG
80	0.2567497336805839	11	1058	232392	VARWYGCUQOXJRL
81	0.3643570416270793	8	1058	239917	TYYRUZQREMHCRM
82	0.46932772951263146	7	1058	242842	LCTROCCVXLDELS
83	0.4999819363198533	13	1058	247344	IUBFIGYYOSPJGP
84	0.5716829205104165	14	1058	252339	HIJXOZZIOLXAGY
85	0.4946604692028005	7	1058	256308	WPMHGXPATPESHQ
86	0.46907307267539183	8	1058	256993	YYQPRXFGNJBPQV
87	0.2531187642576734	11	1058	258570	PIOUPHAFKOSIMN
88	0.23662807730307348	10	1058	264640	KBHLZFBGCBJVLS
89	0.3671743279704811	7	1058	266012	AORKIGOJVHWLII
90	0.41750406695129405	12	1058	269106	FFLURINWYPMYDX
91	0.443732806885268	14	1058	273163	QEIQEORTEYHSJH
92	0.2381856401523905	10	1058	278288	MMWUCKMUROCXTC
93	0.3172006486132592	8	1064	43512	KYOBSHFOBAOFBF
94	0.4198930398829971	8	1074	221906	IKRVLETVVQWLNQ
95	0.30565990733911136	8	1075	58672	BEVYCXGDASRHRK
96	0.2258568413176405	9	1075	86136	LLBCGXFFHNCCQC
97	0.5418127570894652	9	1081	8458	FHJQHCKBAXMQOE
98	0.2340270310442606	7	1081	57764	AOZCIVCJZKCEOW
99	0.6002159623064917	11	1081	69928	GQMXXOZWENQDJL
100	0.306909390792888	7	1081	88641	XQVHPQAJEPQJQP
101	0.4642864480088482	10	1081	112783	JEWCIEJYMIAHBW
102	0.4928723124220703	7	1081	153356	CCQGILKXXNXARM
103	0.42758833969212845	10	1081	171418	NVTZKVXKAGVWNW
104	0.2715088929695913	8	1083	57871	YSUGDASNGKMMQF
105	0.3168771075479189	9	1083	71739	UGVGDXQGYRZIDA
106	0.2988852719022993	7	1083	123492	WKSAUQYGYAYLPV
107	0.3448503827890495	7	1083	265366	UPWJCCNAQFLEDR
108	0.9066078990895267	7	1108	270204	JUBMQTLADMVYAC
109	0.791709832325585	7	1134	243153	ATHGHQPFGPMSJY
110	0.4588443558248871	7	1142	126134	ISWYJQKGNGBKJG
111	0.34964472202534713	7	1142	190083	NKFHPKWLZWHZNQ
